{"stats":{"minecraft:crafted":{"minecraft:oak_planks":44,"minecraft:cooked_porkchop":2,"minecraft:crafting_table":1,"minecraft:stick":8,"minecraft:wooden_pickaxe":1,"minecraft:stone_pickaxe":1,"minecraft:stone_sword":1,"minecraft:furnace":1,"minecraft:white_bed":1,"minecraft:torch":4,"minecraft:stone_axe":1,"minecraft:air":0,"minecraft:cooked_mutton":3},"minecraft:used":{"minecraft:cooked_mutton":2,"minecraft:stone_sword":93,"minecraft:stone_pickaxe":61,"minecraft:oak_planks":30,"minecraft:wooden_pickaxe":16,"minecraft:stone_axe":4,"minecraft:dirt":4,"minecraft:crafting_table":3,"minecraft:furnace":1,"minecraft:cooked_porkchop":2},"minecraft:custom":{"minecraft:time_since_rest":17972,"minecraft:interact_with_furnace":3,"minecraft:sprint_one_cm":61939,"minecraft:damage_taken":417,"minecraft:walk_one_cm":31696,"minecraft:mob_kills":9,"minecraft:damage_dealt":1028,"minecraft:swim_one_cm":2400,"minecraft:interact_with_crafting_table":9,"minecraft:fly_one_cm":70335,"minecraft:crouch_one_cm":2956,"minecraft:play_time":17972,"minecraft:sneak_time":1310,"minecraft:walk_under_water_one_cm":3532,"minecraft:jump":454,"minecraft:walk_on_water_one_cm":2005,"minecraft:time_since_death":17972,"minecraft:climb_one_cm":60,"minecraft:total_world_time":17972,"minecraft:fall_one_cm":13672},"minecraft:mined":{"minecraft:furnace":1,"minecraft:iron_ore":7,"minecraft:crafting_table":2,"minecraft:short_grass":3,"minecraft:oak_log":11,"minecraft:grass_block":3,"minecraft:coal_ore":47,"minecraft:dirt":3,"minecraft:stone":19,"minecraft:oak_planks":1,"minecraft:oak_leaves":10},"minecraft:picked_up":{"minecraft:crafting_table":2,"minecraft:raw_iron":7,"minecraft:feather":1,"minecraft:chicken":2,"minecraft:porkchop":2,"minecraft:oak_log":11,"minecraft:string":1,"minecraft:dirt":6,"minecraft:rotten_flesh":1,"minecraft:wheat_seeds":1,"minecraft:black_wool":1,"minecraft:mutton":6,"minecraft:oak_planks":1,"minecraft:coal":72,"minecraft:egg":1,"minecraft:white_wool":3,"minecraft:cobblestone":19,"minecraft:furnace":1},"minecraft:killed":{"minecraft:sheep":4,"minecraft:zombie":1,"minecraft:pig":1,"minecraft:chicken":2,"minecraft:spider":1}},"DataVersion":3953}