{"stats":{"minecraft:used":{"minecraft:stone_sword":51,"minecraft:tropical_fish":4,"minecraft:spruce_slab":7,"minecraft:light_gray_carpet":1,"minecraft:chest":3,"minecraft:spruce_planks":20,"minecraft:shield":71,"minecraft:iron_sword":40,"minecraft:rotten_flesh":14,"minecraft:torch":82,"minecraft:dirt":75,"minecraft:anvil":1,"minecraft:white_carpet":1,"minecraft:spruce_stairs":51,"minecraft:granite":3,"minecraft:snowball":24,"minecraft:spruce_boat":10,"minecraft:rooted_dirt":35,"minecraft:iron_axe":76,"minecraft:iron_helmet":1,"minecraft:sweet_berries":107,"minecraft:furnace":8,"minecraft:cooked_beef":9,"minecraft:cobbled_deepslate":1,"minecraft:iron_leggings":3,"minecraft:cooked_mutton":6,"minecraft:water_bucket":6,"minecraft:spruce_door":20,"minecraft:snow_block":13,"minecraft:oak_planks":1,"minecraft:stone_pickaxe":157,"minecraft:wooden_pickaxe":22,"minecraft:leather_boots":1,"minecraft:golden_apple":1,"minecraft:glow_berries":5,"minecraft:mossy_cobblestone":2,"minecraft:crafting_table":21,"minecraft:white_bed":4,"minecraft:spruce_log":19,"minecraft:smoker":5,"minecraft:diamond_pickaxe":174,"minecraft:apple":2,"minecraft:iron_pickaxe":67,"minecraft:gravel":11,"minecraft:stone_axe":157,"minecraft:diamond_sword":81,"minecraft:cobblestone":102,"minecraft:cooked_porkchop":17,"minecraft:bucket":7,"minecraft:brush":48},"minecraft:picked_up":{"minecraft:crafting_table":21,"minecraft:iron_chestplate":4,"minecraft:chicken":2,"minecraft:clay_ball":48,"minecraft:diamond_sword":1,"minecraft:gold_block":2,"minecraft:shield":2,"minecraft:string":12,"minecraft:moss_carpet":9,"minecraft:raw_copper":11,"minecraft:iron_axe":2,"minecraft:explorer_pottery_sherd":1,"minecraft:iron_leggings":3,"minecraft:white_carpet":1,"minecraft:cobbled_deepslate":2,"minecraft:gold_nugget":3,"minecraft:spruce_planks":7,"minecraft:beef":13,"minecraft:azalea":9,"minecraft:iron_nugget":2,"minecraft:spruce_slab":1,"minecraft:sugar_cane":8,"minecraft:furnace":8,"minecraft:egg":2,"minecraft:stick":7,"minecraft:raw_iron":185,"minecraft:copper_ingot":1,"minecraft:big_dripleaf":1,"minecraft:torch":43,"minecraft:spruce_stairs":3,"minecraft:snow_block":32,"minecraft:porkchop":21,"minecraft:diorite":11,"minecraft:redstone":26,"minecraft:stone_sword":4,"minecraft:arrow":19,"minecraft:rotten_flesh":42,"minecraft:tropical_fish":25,"minecraft:glow_berries":5,"minecraft:mutton":15,"minecraft:snowball":296,"minecraft:white_wool":11,"minecraft:cobblestone":216,"minecraft:birch_log":3,"minecraft:feather":4,"minecraft:water_bucket":1,"minecraft:andesite":3,"minecraft:leather":15,"minecraft:smoker":6,"minecraft:flint":1,"minecraft:oak_log":5,"minecraft:gunpowder":6,"minecraft:lapis_lazuli":119,"minecraft:dirt":92,"minecraft:name_tag":1,"minecraft:leather_boots":3,"minecraft:cooked_mutton":1,"minecraft:bone":48,"minecraft:kelp":26,"minecraft:bow":2,"minecraft:wheat_seeds":5,"minecraft:iron_ingot":16,"minecraft:stone_pickaxe":1,"minecraft:blade_pottery_sherd":1,"minecraft:moss_block":14,"minecraft:iron_sword":2,"minecraft:oak_planks":2,"minecraft:cooked_porkchop":3,"minecraft:pumpkin":1,"minecraft:sweet_berries":259,"minecraft:axolotl_bucket":2,"minecraft:gravel":14,"minecraft:sand":2,"minecraft:spruce_sapling":11,"minecraft:white_bed":2,"minecraft:spruce_log":84,"minecraft:spruce_door":24,"minecraft:spider_eye":2,"minecraft:mossy_cobblestone":2,"minecraft:diamond":4,"minecraft:spruce_boat":11,"minecraft:stone_axe":5,"minecraft:iron_helmet":8,"minecraft:granite":6,"minecraft:bone_meal":6,"minecraft:spruce_button":1,"minecraft:emerald":11,"minecraft:rooted_dirt":35,"minecraft:plenty_pottery_sherd":1,"minecraft:light_gray_carpet":1,"minecraft:black_wool":1,"minecraft:coal":261,"minecraft:diamond_pickaxe":5},"minecraft:dropped":{"minecraft:moss_block":7,"minecraft:wheat_seeds":1,"minecraft:cobblestone":17,"minecraft:granite":3,"minecraft:spruce_door":4,"minecraft:stick":4,"minecraft:dirt":7,"minecraft:torch":1,"minecraft:gold_nugget":1,"minecraft:moss_carpet":4,"minecraft:sweet_berries":1,"minecraft:iron_nugget":2,"minecraft:cobbled_deepslate":1,"minecraft:raw_iron":3,"minecraft:rotten_flesh":2,"minecraft:smoker":2,"minecraft:big_dripleaf":1,"minecraft:spruce_boat":1,"minecraft:diamond_pickaxe":1,"minecraft:andesite":2,"minecraft:azalea":3,"minecraft:black_wool":1,"minecraft:egg":1},"minecraft:killed":{"minecraft:spider":6,"minecraft:skeleton":14,"minecraft:chicken":2,"minecraft:drowned":6,"minecraft:pig":9,"minecraft:zombie_villager":1,"minecraft:creeper":1,"minecraft:sheep":8,"minecraft:goat":1,"minecraft:zombie":25,"minecraft:stray":1,"minecraft:cow":7},"minecraft:custom":{"minecraft:interact_with_anvil":5,"minecraft:mob_kills":88,"minecraft:interact_with_crafting_table":77,"minecraft:leave_game":12,"minecraft:time_since_death":100206,"minecraft:climb_one_cm":2571,"minecraft:sprint_one_cm":661486,"minecraft:walk_one_cm":588395,"minecraft:damage_blocked_by_shield":1258,"minecraft:drop":26,"minecraft:play_time":274078,"minecraft:deaths":9,"minecraft:sneak_time":2848,"minecraft:walk_under_water_one_cm":133758,"minecraft:boat_one_cm":368781,"minecraft:jump":6291,"minecraft:interact_with_brewingstand":1,"minecraft:walk_on_water_one_cm":116231,"minecraft:total_world_time":274078,"minecraft:interact_with_furnace":59,"minecraft:sleep_in_bed":3,"minecraft:time_since_rest":12632,"minecraft:damage_taken":5520,"minecraft:damage_dealt":13459,"minecraft:swim_one_cm":361726,"minecraft:fly_one_cm":1371272,"minecraft:open_chest":33,"minecraft:crouch_one_cm":2230,"minecraft:interact_with_smoker":21,"minecraft:fall_one_cm":159521},"minecraft:mined":{"minecraft:spruce_planks":7,"minecraft:white_bed":2,"minecraft:mossy_cobblestone":2,"minecraft:cave_vines_plant":1,"minecraft:granite":3,"minecraft:grass_block":13,"minecraft:spruce_leaves":69,"minecraft:moss_block":1,"minecraft:rooted_dirt":35,"minecraft:large_fern":2,"minecraft:tall_seagrass":1,"minecraft:furnace":6,"minecraft:iron_ore":112,"minecraft:fire":7,"minecraft:andesite":1,"minecraft:pumpkin":1,"minecraft:gold_block":2,"minecraft:cave_vines":1,"minecraft:packed_ice":5,"minecraft:azalea_leaves":2,"minecraft:azalea":1,"minecraft:stone":152,"minecraft:white_wool":1,"minecraft:spruce_slab":1,"minecraft:light_gray_carpet":1,"minecraft:smoker":4,"minecraft:spruce_door":20,"minecraft:powder_snow":6,"minecraft:crafting_table":19,"minecraft:torch":3,"minecraft:short_grass":5,"minecraft:emerald_ore":3,"minecraft:copper_ore":1,"minecraft:tall_grass":2,"minecraft:cobblestone":16,"minecraft:oak_planks":3,"minecraft:diorite":2,"minecraft:spruce_stairs":3,"minecraft:birch_log":1,"minecraft:sweet_berry_bush":14,"minecraft:ice":12,"minecraft:white_carpet":1,"minecraft:spruce_log":77,"minecraft:oak_log":5,"minecraft:coal_ore":67,"minecraft:gravel":12,"minecraft:dirt":20,"minecraft:oak_leaves":7},"minecraft:killed_by":{"minecraft:player":1,"minecraft:creeper":2,"minecraft:spider":1,"minecraft:enderman":1,"minecraft:skeleton":1,"minecraft:zombie":2},"minecraft:crafted":{"minecraft:oak_planks":20,"minecraft:leather_boots":1,"minecraft:furnace":5,"minecraft:cooked_mutton":8,"minecraft:spruce_stairs":48,"minecraft:iron_axe":1,"minecraft:spruce_slab":6,"minecraft:stone_pickaxe":3,"minecraft:chest":3,"minecraft:spruce_boat":1,"minecraft:smoker":1,"minecraft:cooked_beef":9,"minecraft:cooked_porkchop":17,"minecraft:crafting_table":7,"minecraft:spruce_planks":200,"minecraft:wooden_pickaxe":4,"minecraft:iron_helmet":2,"minecraft:brush":1,"minecraft:iron_sword":1,"minecraft:copper_ingot":3,"minecraft:bucket":1,"minecraft:birch_planks":12,"minecraft:stone_axe":2,"minecraft:air":0,"minecraft:iron_chestplate":1,"minecraft:diamond_pickaxe":1,"minecraft:shield":1,"minecraft:stick":76,"minecraft:iron_ingot":82,"minecraft:iron_pickaxe":2,"minecraft:iron_block":3,"minecraft:stone_sword":2,"minecraft:snow_block":16,"minecraft:iron_leggings":2,"minecraft:anvil":1,"minecraft:white_bed":3,"minecraft:torch":128},"minecraft:broken":{"minecraft:stone_pickaxe":1,"minecraft:leather_boots":1}},"DataVersion":3953}