{"stats":{"minecraft:crafted":{"minecraft:cooked_porkchop":11,"minecraft:crafting_table":3,"minecraft:spruce_planks":80,"minecraft:wooden_pickaxe":4,"minecraft:iron_helmet":1,"minecraft:furnace":1,"minecraft:stone_axe":1,"minecraft:air":0,"minecraft:stick":52,"minecraft:iron_ingot":19,"minecraft:iron_pickaxe":1,"minecraft:stone_pickaxe":3,"minecraft:stone_sword":1,"minecraft:iron_leggings":1,"minecraft:white_bed":1,"minecraft:torch":76},"minecraft:custom":{"minecraft:interact_with_furnace":28,"minecraft:mob_kills":14,"minecraft:interact_with_crafting_table":22,"minecraft:leave_game":4,"minecraft:time_since_death":614,"minecraft:sleep_in_bed":2,"minecraft:climb_one_cm":2383,"minecraft:time_since_rest":641,"minecraft:sprint_one_cm":199781,"minecraft:damage_taken":1752,"minecraft:walk_one_cm":141392,"minecraft:drop":4,"minecraft:damage_dealt":2150,"minecraft:swim_one_cm":67273,"minecraft:fly_one_cm":455323,"minecraft:open_chest":2,"minecraft:crouch_one_cm":539,"minecraft:play_time":72983,"minecraft:deaths":4,"minecraft:sneak_time":308,"minecraft:walk_under_water_one_cm":28597,"minecraft:boat_one_cm":7456,"minecraft:jump":1791,"minecraft:interact_with_brewingstand":1,"minecraft:walk_on_water_one_cm":29937,"minecraft:total_world_time":72983,"minecraft:fall_one_cm":46252},"minecraft:mined":{"minecraft:light_gray_carpet":1,"minecraft:spruce_planks":4,"minecraft:white_bed":2,"minecraft:crafting_table":7,"minecraft:cave_vines_plant":1,"minecraft:granite":3,"minecraft:grass_block":5,"minecraft:cobblestone":6,"minecraft:spruce_leaves":34,"minecraft:oak_planks":3,"minecraft:furnace":2,"minecraft:iron_ore":57,"minecraft:ice":3,"minecraft:white_carpet":1,"minecraft:spruce_log":22,"minecraft:andesite":1,"minecraft:coal_ore":18,"minecraft:cave_vines":1,"minecraft:dirt":8,"minecraft:stone":61,"minecraft:white_wool":1},"minecraft:picked_up":{"minecraft:crafting_table":7,"minecraft:feather":2,"minecraft:andesite":1,"minecraft:leather":2,"minecraft:dirt":13,"minecraft:white_carpet":1,"minecraft:bone":2,"minecraft:bow":1,"minecraft:spruce_planks":4,"minecraft:beef":4,"minecraft:oak_planks":2,"minecraft:furnace":2,"minecraft:raw_iron":71,"minecraft:sweet_berries":31,"minecraft:torch":1,"minecraft:porkchop":12,"minecraft:sand":2,"minecraft:spruce_sapling":2,"minecraft:white_bed":2,"minecraft:spruce_log":22,"minecraft:arrow":3,"minecraft:rotten_flesh":4,"minecraft:stone_axe":1,"minecraft:spruce_boat":1,"minecraft:granite":3,"minecraft:spruce_button":1,"minecraft:light_gray_carpet":1,"minecraft:glow_berries":5,"minecraft:mutton":2,"minecraft:coal":47,"minecraft:white_wool":4,"minecraft:cobblestone":68},"minecraft:dropped":{"minecraft:raw_iron":3,"minecraft:torch":1},"minecraft:killed_by":{"minecraft:player":1,"minecraft:spider":1,"minecraft:zombie":1},"minecraft:killed":{"minecraft:pig":6,"minecraft:sheep":1,"minecraft:skeleton":2,"minecraft:zombie":2,"minecraft:cow":3},"minecraft:used":{"minecraft:stone_sword":18,"minecraft:stone_pickaxe":107,"minecraft:light_gray_carpet":1,"minecraft:spruce_planks":10,"minecraft:wooden_pickaxe":22,"minecraft:rotten_flesh":4,"minecraft:golden_apple":1,"minecraft:torch":38,"minecraft:glow_berries":5,"minecraft:dirt":3,"minecraft:white_carpet":1,"minecraft:crafting_table":6,"minecraft:white_bed":2,"minecraft:granite":3,"minecraft:spruce_log":1,"minecraft:apple":2,"minecraft:iron_pickaxe":28,"minecraft:stone_axe":69,"minecraft:cobblestone":33,"minecraft:furnace":3,"minecraft:cooked_porkchop":8,"minecraft:iron_leggings":1}},"DataVersion":3953}