{"stats":{"minecraft:used":{"minecraft:stone_sword":51,"minecraft:tropical_fish":4,"minecraft:spruce_slab":7,"minecraft:light_gray_carpet":1,"minecraft:chest":6,"minecraft:spruce_planks":20,"minecraft:shield":71,"minecraft:iron_sword":40,"minecraft:rotten_flesh":14,"minecraft:torch":99,"minecraft:dirt":82,"minecraft:anvil":1,"minecraft:white_carpet":1,"minecraft:spruce_stairs":51,"minecraft:granite":3,"minecraft:snowball":24,"minecraft:spruce_boat":10,"minecraft:rooted_dirt":35,"minecraft:iron_axe":78,"minecraft:iron_helmet":1,"minecraft:diamond_chestplate":1,"minecraft:golden_carrot":8,"minecraft:bow":1,"minecraft:sweet_berries":107,"minecraft:furnace":9,"minecraft:cooked_beef":9,"minecraft:cobbled_deepslate":1,"minecraft:iron_leggings":3,"minecraft:cooked_mutton":8,"minecraft:water_bucket":11,"minecraft:end_rod":14,"minecraft:spruce_door":20,"minecraft:snow_block":13,"minecraft:oak_planks":1,"minecraft:stone_pickaxe":195,"minecraft:wooden_pickaxe":32,"minecraft:leather_boots":1,"minecraft:golden_apple":1,"minecraft:glow_berries":5,"minecraft:mossy_cobblestone":2,"minecraft:crafting_table":24,"minecraft:crossbow":3,"minecraft:white_bed":5,"minecraft:spruce_log":19,"minecraft:smoker":5,"minecraft:diamond_pickaxe":174,"minecraft:apple":2,"minecraft:iron_pickaxe":68,"minecraft:gravel":11,"minecraft:stone_axe":171,"minecraft:diamond_sword":133,"minecraft:cobblestone":113,"minecraft:cooked_porkchop":17,"minecraft:bucket":11,"minecraft:brush":48},"minecraft:picked_up":{"minecraft:crafting_table":21,"minecraft:iron_chestplate":4,"minecraft:wheat":4,"minecraft:chicken":2,"minecraft:clay_ball":48,"minecraft:diamond_sword":1,"minecraft:gold_block":2,"minecraft:shield":2,"minecraft:string":23,"minecraft:moss_carpet":9,"minecraft:raw_copper":11,"minecraft:iron_axe":2,"minecraft:explorer_pottery_sherd":1,"minecraft:iron_leggings":3,"minecraft:white_carpet":1,"minecraft:cobbled_deepslate":2,"minecraft:gold_nugget":5,"minecraft:spruce_planks":7,"minecraft:beef":13,"minecraft:azalea":9,"minecraft:iron_nugget":2,"minecraft:spruce_slab":1,"minecraft:sugar_cane":8,"minecraft:furnace":8,"minecraft:egg":5,"minecraft:stick":7,"minecraft:raw_iron":190,"minecraft:copper_ingot":1,"minecraft:big_dripleaf":1,"minecraft:torch":46,"minecraft:spruce_stairs":3,"minecraft:snow_block":32,"minecraft:porkchop":27,"minecraft:cherry_log":5,"minecraft:music_disc_11":1,"minecraft:diorite":11,"minecraft:carrot":5,"minecraft:redstone":33,"minecraft:stone_sword":4,"minecraft:arrow":29,"minecraft:rotten_flesh":46,"minecraft:tropical_fish":25,"minecraft:end_rod":16,"minecraft:glow_berries":5,"minecraft:mutton":20,"minecraft:snowball":296,"minecraft:white_wool":14,"minecraft:cobblestone":247,"minecraft:birch_log":3,"minecraft:feather":4,"minecraft:water_bucket":2,"minecraft:andesite":3,"minecraft:leather":15,"minecraft:smoker":7,"minecraft:flint":1,"minecraft:oak_log":8,"minecraft:gunpowder":7,"minecraft:lapis_lazuli":119,"minecraft:dirt":155,"minecraft:name_tag":1,"minecraft:leather_boots":3,"minecraft:cooked_mutton":1,"minecraft:bone":61,"minecraft:kelp":26,"minecraft:bow":3,"minecraft:wheat_seeds":6,"minecraft:iron_ingot":17,"minecraft:stone_pickaxe":1,"minecraft:blade_pottery_sherd":1,"minecraft:moss_block":14,"minecraft:iron_sword":2,"minecraft:oak_planks":2,"minecraft:cooked_porkchop":3,"minecraft:pumpkin":1,"minecraft:sweet_berries":259,"minecraft:axolotl_bucket":2,"minecraft:gravel":15,"minecraft:sand":2,"minecraft:spruce_sapling":11,"minecraft:white_bed":2,"minecraft:spruce_log":89,"minecraft:dark_oak_log":1,"minecraft:spruce_door":24,"minecraft:spider_eye":6,"minecraft:mossy_cobblestone":2,"minecraft:diamond":4,"minecraft:spruce_boat":11,"minecraft:stone_axe":5,"minecraft:iron_helmet":8,"minecraft:granite":6,"minecraft:bone_meal":6,"minecraft:spruce_button":1,"minecraft:emerald":11,"minecraft:rooted_dirt":35,"minecraft:plenty_pottery_sherd":1,"minecraft:light_gray_carpet":1,"minecraft:black_wool":1,"minecraft:coal":263,"minecraft:diamond_pickaxe":5},"minecraft:dropped":{"minecraft:moss_block":7,"minecraft:wheat_seeds":1,"minecraft:cobblestone":17,"minecraft:granite":3,"minecraft:spruce_door":4,"minecraft:stick":4,"minecraft:dirt":7,"minecraft:torch":1,"minecraft:gold_nugget":1,"minecraft:bucket":1,"minecraft:moss_carpet":4,"minecraft:sweet_berries":1,"minecraft:iron_nugget":2,"minecraft:cobbled_deepslate":1,"minecraft:raw_iron":3,"minecraft:rotten_flesh":2,"minecraft:smoker":2,"minecraft:big_dripleaf":1,"minecraft:spruce_boat":1,"minecraft:diamond_pickaxe":1,"minecraft:andesite":2,"minecraft:azalea":3,"minecraft:black_wool":1,"minecraft:egg":1},"minecraft:killed":{"minecraft:witch":1,"minecraft:spider":8,"minecraft:skeleton":23,"minecraft:chicken":2,"minecraft:drowned":6,"minecraft:pig":11,"minecraft:zombie_villager":1,"minecraft:creeper":1,"minecraft:sheep":11,"minecraft:goat":1,"minecraft:zombie":31,"minecraft:stray":1,"minecraft:enderman":1,"minecraft:cow":7},"minecraft:custom":{"minecraft:interact_with_anvil":5,"minecraft:mob_kills":115,"minecraft:interact_with_crafting_table":92,"minecraft:leave_game":12,"minecraft:time_since_death":153614,"minecraft:climb_one_cm":3300,"minecraft:sprint_one_cm":762158,"minecraft:walk_one_cm":670633,"minecraft:damage_blocked_by_shield":1258,"minecraft:drop":27,"minecraft:play_time":327486,"minecraft:deaths":9,"minecraft:sneak_time":3650,"minecraft:walk_under_water_one_cm":136339,"minecraft:boat_one_cm":368781,"minecraft:jump":7710,"minecraft:interact_with_brewingstand":1,"minecraft:walk_on_water_one_cm":122704,"minecraft:total_world_time":327486,"minecraft:interact_with_furnace":72,"minecraft:sleep_in_bed":4,"minecraft:time_since_rest":49815,"minecraft:damage_taken":5855,"minecraft:damage_dealt":17588,"minecraft:swim_one_cm":366041,"minecraft:fly_one_cm":1609581,"minecraft:open_chest":48,"minecraft:crouch_one_cm":4297,"minecraft:interact_with_smoker":22,"minecraft:fall_one_cm":195804},"minecraft:mined":{"minecraft:spruce_planks":7,"minecraft:white_bed":2,"minecraft:mossy_cobblestone":2,"minecraft:cherry_log":5,"minecraft:dark_oak_log":1,"minecraft:cave_vines_plant":1,"minecraft:granite":3,"minecraft:grass_block":15,"minecraft:spruce_leaves":76,"minecraft:moss_block":1,"minecraft:rooted_dirt":35,"minecraft:large_fern":2,"minecraft:tall_seagrass":1,"minecraft:furnace":6,"minecraft:iron_ore":117,"minecraft:fire":7,"minecraft:andesite":1,"minecraft:pumpkin":1,"minecraft:gold_block":2,"minecraft:cave_vines":1,"minecraft:packed_ice":5,"minecraft:azalea_leaves":2,"minecraft:azalea":1,"minecraft:stone":184,"minecraft:white_wool":1,"minecraft:spruce_slab":1,"minecraft:light_gray_carpet":1,"minecraft:smoker":5,"minecraft:spruce_door":20,"minecraft:powder_snow":6,"minecraft:crafting_table":19,"minecraft:torch":6,"minecraft:short_grass":10,"minecraft:emerald_ore":3,"minecraft:copper_ore":1,"minecraft:tall_grass":6,"minecraft:cobblestone":16,"minecraft:oak_planks":3,"minecraft:diorite":2,"minecraft:pink_petals":1,"minecraft:spruce_stairs":3,"minecraft:birch_log":1,"minecraft:sweet_berry_bush":14,"minecraft:ice":12,"minecraft:white_carpet":1,"minecraft:spruce_log":81,"minecraft:oak_log":8,"minecraft:coal_ore":69,"minecraft:end_rod":13,"minecraft:gravel":12,"minecraft:dirt":25,"minecraft:cobweb":1,"minecraft:oak_leaves":8},"minecraft:killed_by":{"minecraft:player":1,"minecraft:creeper":2,"minecraft:spider":1,"minecraft:enderman":1,"minecraft:skeleton":1,"minecraft:zombie":2},"minecraft:crafted":{"minecraft:cherry_planks":20,"minecraft:oak_planks":28,"minecraft:tripwire_hook":2,"minecraft:leather_boots":1,"minecraft:furnace":6,"minecraft:cooked_mutton":9,"minecraft:spruce_stairs":48,"minecraft:iron_axe":1,"minecraft:spruce_slab":6,"minecraft:stone_pickaxe":4,"minecraft:chest":6,"minecraft:spruce_boat":1,"minecraft:dark_oak_planks":4,"minecraft:smoker":1,"minecraft:cooked_beef":9,"minecraft:crossbow":1,"minecraft:cooked_porkchop":17,"minecraft:crafting_table":9,"minecraft:spruce_planks":216,"minecraft:wooden_pickaxe":5,"minecraft:iron_helmet":2,"minecraft:brush":1,"minecraft:iron_sword":1,"minecraft:copper_ingot":3,"minecraft:bucket":2,"minecraft:birch_planks":12,"minecraft:stone_axe":2,"minecraft:air":0,"minecraft:iron_chestplate":1,"minecraft:diamond_pickaxe":1,"minecraft:shield":1,"minecraft:stick":88,"minecraft:iron_ingot":86,"minecraft:iron_pickaxe":2,"minecraft:iron_block":3,"minecraft:stone_sword":2,"minecraft:snow_block":16,"minecraft:iron_leggings":2,"minecraft:anvil":1,"minecraft:white_bed":4,"minecraft:torch":136},"minecraft:broken":{"minecraft:stone_pickaxe":1,"minecraft:leather_boots":1}},"DataVersion":3953}