{"stats":{"minecraft:crafted":{"minecraft:cooked_porkchop":11,"minecraft:leather_boots":1,"minecraft:crafting_table":4,"minecraft:spruce_planks":120,"minecraft:wooden_pickaxe":4,"minecraft:iron_helmet":1,"minecraft:furnace":2,"minecraft:stone_axe":2,"minecraft:cooked_mutton":4,"minecraft:air":0,"minecraft:diamond_pickaxe":1,"minecraft:stick":64,"minecraft:iron_ingot":19,"minecraft:iron_pickaxe":1,"minecraft:stone_pickaxe":3,"minecraft:stone_sword":2,"minecraft:chest":2,"minecraft:iron_leggings":1,"minecraft:white_bed":2,"minecraft:spruce_boat":1,"minecraft:torch":92},"minecraft:custom":{"minecraft:interact_with_furnace":37,"minecraft:mob_kills":22,"minecraft:interact_with_crafting_table":35,"minecraft:leave_game":4,"minecraft:time_since_death":65871,"minecraft:sleep_in_bed":2,"minecraft:climb_one_cm":2383,"minecraft:time_since_rest":65898,"minecraft:sprint_one_cm":332681,"minecraft:damage_taken":2369,"minecraft:walk_one_cm":303260,"minecraft:drop":5,"minecraft:damage_dealt":3611,"minecraft:swim_one_cm":225756,"minecraft:fly_one_cm":806144,"minecraft:open_chest":11,"minecraft:crouch_one_cm":574,"minecraft:play_time":138240,"minecraft:deaths":4,"minecraft:sneak_time":823,"minecraft:walk_under_water_one_cm":69766,"minecraft:boat_one_cm":130669,"minecraft:jump":3176,"minecraft:interact_with_brewingstand":1,"minecraft:walk_on_water_one_cm":64179,"minecraft:total_world_time":138240,"minecraft:fall_one_cm":65998},"minecraft:mined":{"minecraft:light_gray_carpet":1,"minecraft:spruce_planks":6,"minecraft:white_bed":2,"minecraft:spruce_door":20,"minecraft:powder_snow":1,"minecraft:crafting_table":14,"minecraft:cave_vines_plant":1,"minecraft:granite":3,"minecraft:grass_block":6,"minecraft:cobblestone":15,"minecraft:spruce_leaves":56,"minecraft:oak_planks":3,"minecraft:diorite":2,"minecraft:rooted_dirt":35,"minecraft:large_fern":2,"minecraft:furnace":4,"minecraft:sweet_berry_bush":14,"minecraft:iron_ore":61,"minecraft:ice":12,"minecraft:white_carpet":1,"minecraft:spruce_log":55,"minecraft:andesite":1,"minecraft:coal_ore":34,"minecraft:cave_vines":1,"minecraft:dirt":8,"minecraft:packed_ice":1,"minecraft:stone":110,"minecraft:white_wool":1},"minecraft:picked_up":{"minecraft:crafting_table":14,"minecraft:feather":2,"minecraft:clay_ball":48,"minecraft:andesite":1,"minecraft:leather":7,"minecraft:gunpowder":6,"minecraft:moss_carpet":1,"minecraft:lapis_lazuli":55,"minecraft:string":2,"minecraft:dirt":29,"minecraft:raw_copper":4,"minecraft:name_tag":1,"minecraft:iron_leggings":1,"minecraft:white_carpet":1,"minecraft:bone":16,"minecraft:bow":2,"minecraft:wheat_seeds":1,"minecraft:cobbled_deepslate":1,"minecraft:spruce_planks":6,"minecraft:beef":4,"minecraft:stone_pickaxe":1,"minecraft:sugar_cane":4,"minecraft:oak_planks":2,"minecraft:furnace":4,"minecraft:raw_iron":98,"minecraft:sweet_berries":135,"minecraft:torch":1,"minecraft:gravel":1,"minecraft:porkchop":12,"minecraft:sand":2,"minecraft:spruce_sapling":7,"minecraft:diorite":11,"minecraft:white_bed":2,"minecraft:spruce_log":63,"minecraft:redstone":26,"minecraft:spruce_door":20,"minecraft:arrow":4,"minecraft:rotten_flesh":5,"minecraft:diamond":4,"minecraft:stone_axe":1,"minecraft:spruce_boat":6,"minecraft:iron_helmet":1,"minecraft:granite":3,"minecraft:spruce_button":1,"minecraft:rooted_dirt":35,"minecraft:light_gray_carpet":1,"minecraft:snowball":8,"minecraft:glow_berries":5,"minecraft:mutton":9,"minecraft:coal":64,"minecraft:white_wool":7,"minecraft:cobblestone":128},"minecraft:killed_by":{"minecraft:player":1,"minecraft:spider":1,"minecraft:zombie":1},"minecraft:dropped":{"minecraft:sweet_berries":1,"minecraft:raw_iron":3,"minecraft:torch":1},"minecraft:broken":{"minecraft:stone_pickaxe":1},"minecraft:killed":{"minecraft:pig":6,"minecraft:creeper":1,"minecraft:sheep":4,"minecraft:skeleton":3,"minecraft:zombie":5,"minecraft:cow":3},"minecraft:used":{"minecraft:cooked_mutton":3,"minecraft:stone_sword":27,"minecraft:spruce_door":20,"minecraft:stone_pickaxe":157,"minecraft:light_gray_carpet":1,"minecraft:chest":2,"minecraft:spruce_planks":12,"minecraft:wooden_pickaxe":22,"minecraft:leather_boots":1,"minecraft:rotten_flesh":5,"minecraft:torch":42,"minecraft:golden_apple":1,"minecraft:glow_berries":5,"minecraft:dirt":19,"minecraft:white_carpet":1,"minecraft:crafting_table":14,"minecraft:white_bed":3,"minecraft:granite":3,"minecraft:spruce_log":19,"minecraft:spruce_boat":5,"minecraft:diamond_pickaxe":63,"minecraft:apple":2,"minecraft:rooted_dirt":35,"minecraft:iron_pickaxe":28,"minecraft:stone_axe":148,"minecraft:cobblestone":78,"minecraft:sweet_berries":63,"minecraft:furnace":6,"minecraft:cooked_porkchop":8,"minecraft:cobbled_deepslate":1,"minecraft:iron_leggings":2}},"DataVersion":3953}