{"stats":{"minecraft:dropped":{"minecraft:brown_mushroom":1,"minecraft:wheat_seeds":1,"minecraft:rabbit_hide":2,"minecraft:gunpowder":2,"minecraft:spider_eye":1},"minecraft:broken":{"minecraft:stone_pickaxe":2},"minecraft:killed_by":{"minecraft:player":1,"minecraft:skeleton":3,"minecraft:stray":1,"minecraft:creeper":1,"minecraft:zombie":1,"minecraft:enderman":1},"minecraft:crafted":{"minecraft:cooked_beef":5,"minecraft:oak_planks":48,"minecraft:crossbow":1,"minecraft:tripwire_hook":2,"minecraft:cooked_porkchop":8,"minecraft:crafting_table":3,"minecraft:spruce_planks":8,"minecraft:iron_helmet":1,"minecraft:wooden_pickaxe":3,"minecraft:iron_sword":1,"minecraft:furnace":3,"minecraft:birch_planks":40,"minecraft:stone_axe":1,"minecraft:cooked_mutton":12,"minecraft:air":0,"minecraft:iron_chestplate":1,"minecraft:iron_boots":1,"minecraft:shield":2,"minecraft:iron_axe":2,"minecraft:iron_hoe":1,"minecraft:stick":76,"minecraft:iron_ingot":48,"minecraft:iron_pickaxe":2,"minecraft:stone_pickaxe":3,"minecraft:iron_leggings":1,"minecraft:torch":180,"minecraft:cooked_rabbit":2,"minecraft:shears":1,"minecraft:smoker":1},"minecraft:used":{"minecraft:cooked_mutton":12,"minecraft:water_bucket":2,"minecraft:stone_pickaxe":369,"minecraft:shield":20,"minecraft:wooden_pickaxe":8,"minecraft:iron_sword":2,"minecraft:rotten_flesh":1,"minecraft:iron_chestplate":1,"minecraft:white_wool":2,"minecraft:torch":134,"minecraft:dirt":9,"minecraft:crafting_table":10,"minecraft:smoker":3,"minecraft:iron_axe":73,"minecraft:birch_sapling":1,"minecraft:chicken":4,"minecraft:iron_pickaxe":65,"minecraft:gravel":5,"minecraft:stone_axe":19,"minecraft:cobblestone":35,"minecraft:bow":1,"minecraft:cooked_porkchop":8,"minecraft:furnace":7,"minecraft:porkchop":4,"minecraft:cooked_rabbit":2,"minecraft:bucket":3,"minecraft:cooked_beef":5},"minecraft:custom":{"minecraft:interact_with_furnace":48,"minecraft:mob_kills":44,"minecraft:interact_with_crafting_table":46,"minecraft:leave_game":9,"minecraft:time_since_death":30864,"minecraft:climb_one_cm":185,"minecraft:time_since_rest":30966,"minecraft:sprint_one_cm":491846,"minecraft:damage_taken":3683,"minecraft:walk_one_cm":232996,"minecraft:damage_blocked_by_shield":1298,"minecraft:drop":6,"minecraft:damage_dealt":5970,"minecraft:swim_one_cm":56515,"minecraft:talked_to_villager":1,"minecraft:fly_one_cm":719549,"minecraft:open_chest":2,"minecraft:crouch_one_cm":7021,"minecraft:play_time":126570,"minecraft:deaths":12,"minecraft:sneak_time":3608,"minecraft:walk_under_water_one_cm":8966,"minecraft:jump":3614,"minecraft:walk_on_water_one_cm":30977,"minecraft:interact_with_smoker":13,"minecraft:total_world_time":126570,"minecraft:fall_one_cm":109170},"minecraft:mined":{"minecraft:smoker":3,"minecraft:crafting_table":10,"minecraft:torch":2,"minecraft:short_grass":13,"minecraft:grass_block":11,"minecraft:cobblestone":1,"minecraft:spruce_leaves":4,"minecraft:sugar_cane":14,"minecraft:wall_torch":2,"minecraft:furnace":7,"minecraft:birch_log":10,"minecraft:iron_ore":76,"minecraft:fire":5,"minecraft:spruce_log":2,"minecraft:birch_leaves":2,"minecraft:oak_log":16,"minecraft:coal_ore":249,"minecraft:gravel":6,"minecraft:dripstone_block":11,"minecraft:dirt":3,"minecraft:stone":90,"minecraft:white_wool":2,"minecraft:oak_leaves":4},"minecraft:picked_up":{"minecraft:birch_log":10,"minecraft:iron_chestplate":2,"minecraft:crafting_table":11,"minecraft:feather":10,"minecraft:chicken":4,"minecraft:leather":3,"minecraft:brown_mushroom":1,"minecraft:smoker":5,"minecraft:birch_planks":2,"minecraft:oak_log":18,"minecraft:shield":2,"minecraft:gunpowder":5,"minecraft:string":2,"minecraft:dirt":15,"minecraft:iron_axe":2,"minecraft:iron_leggings":1,"minecraft:cooked_mutton":5,"minecraft:bone":11,"minecraft:bow":3,"minecraft:wheat_seeds":1,"minecraft:rabbit_hide":2,"minecraft:beef":6,"minecraft:iron_ingot":3,"minecraft:stone_pickaxe":2,"minecraft:light_gray_wool":2,"minecraft:rabbit":2,"minecraft:sugar_cane":60,"minecraft:birch_sapling":1,"minecraft:oak_planks":12,"minecraft:iron_boots":1,"minecraft:furnace":7,"minecraft:stick":8,"minecraft:raw_iron":82,"minecraft:cooked_porkchop":10,"minecraft:torch":64,"minecraft:dripstone_block":11,"minecraft:gravel":17,"minecraft:porkchop":12,"minecraft:pointed_dripstone":7,"minecraft:spruce_log":2,"minecraft:spider_eye":1,"minecraft:arrow":8,"minecraft:rotten_flesh":12,"minecraft:iron_helmet":1,"minecraft:mutton":12,"minecraft:coal":394,"minecraft:white_wool":16,"minecraft:cobblestone":128},"minecraft:killed":{"minecraft:pig":7,"minecraft:rabbit":1,"minecraft:spider":3,"minecraft:creeper":2,"minecraft:skeleton":7,"minecraft:sheep":8,"minecraft:zombie":9,"minecraft:chicken":4,"minecraft:cow":2}},"DataVersion":3953}