{"stats":{"minecraft:crafted":{"minecraft:cooked_beef":5,"minecraft:oak_planks":48,"minecraft:cooked_porkchop":6,"minecraft:crafting_table":3,"minecraft:spruce_planks":8,"minecraft:wooden_pickaxe":3,"minecraft:furnace":3,"minecraft:birch_planks":20,"minecraft:stone_axe":1,"minecraft:cooked_mutton":12,"minecraft:air":0,"minecraft:iron_chestplate":1,"minecraft:shield":2,"minecraft:iron_axe":2,"minecraft:stick":52,"minecraft:iron_ingot":21,"minecraft:iron_pickaxe":1,"minecraft:stone_pickaxe":2,"minecraft:torch":128,"minecraft:cooked_rabbit":2,"minecraft:smoker":1},"minecraft:dropped":{"minecraft:brown_mushroom":1,"minecraft:wheat_seeds":1,"minecraft:rabbit_hide":2,"minecraft:gunpowder":2,"minecraft:spider_eye":1},"minecraft:picked_up":{"minecraft:birch_log":5,"minecraft:crafting_table":9,"minecraft:leather":1,"minecraft:brown_mushroom":1,"minecraft:smoker":2,"minecraft:oak_log":18,"minecraft:gunpowder":3,"minecraft:string":2,"minecraft:dirt":7,"minecraft:bone":4,"minecraft:wheat_seeds":1,"minecraft:rabbit_hide":2,"minecraft:beef":6,"minecraft:rabbit":2,"minecraft:light_gray_wool":2,"minecraft:sugar_cane":20,"minecraft:birch_sapling":1,"minecraft:oak_planks":12,"minecraft:furnace":6,"minecraft:stick":8,"minecraft:raw_iron":47,"minecraft:torch":2,"minecraft:porkchop":6,"minecraft:spruce_log":2,"minecraft:spider_eye":1,"minecraft:arrow":4,"minecraft:rotten_flesh":1,"minecraft:mutton":12,"minecraft:coal":207,"minecraft:white_wool":8,"minecraft:cobblestone":71},"minecraft:custom":{"minecraft:interact_with_furnace":38,"minecraft:mob_kills":26,"minecraft:interact_with_crafting_table":26,"minecraft:leave_game":2,"minecraft:time_since_death":2387,"minecraft:climb_one_cm":185,"minecraft:time_since_rest":2506,"minecraft:sprint_one_cm":314293,"minecraft:damage_taken":2945,"minecraft:walk_one_cm":135852,"minecraft:damage_blocked_by_shield":735,"minecraft:drop":6,"minecraft:damage_dealt":3559,"minecraft:swim_one_cm":43941,"minecraft:talked_to_villager":1,"minecraft:fly_one_cm":491955,"minecraft:crouch_one_cm":3702,"minecraft:play_time":80877,"minecraft:deaths":11,"minecraft:sneak_time":1897,"minecraft:walk_under_water_one_cm":8057,"minecraft:jump":2258,"minecraft:walk_on_water_one_cm":25219,"minecraft:interact_with_smoker":10,"minecraft:total_world_time":80877,"minecraft:fall_one_cm":73332},"minecraft:killed_by":{"minecraft:player":1,"minecraft:skeleton":2,"minecraft:stray":1,"minecraft:creeper":1,"minecraft:zombie":1,"minecraft:enderman":1},"minecraft:mined":{"minecraft:smoker":2,"minecraft:crafting_table":8,"minecraft:short_grass":3,"minecraft:grass_block":4,"minecraft:cobblestone":1,"minecraft:spruce_leaves":4,"minecraft:sugar_cane":9,"minecraft:wall_torch":1,"minecraft:furnace":6,"minecraft:birch_log":5,"minecraft:iron_ore":47,"minecraft:fire":5,"minecraft:spruce_log":2,"minecraft:oak_log":16,"minecraft:coal_ore":116,"minecraft:dirt":2,"minecraft:stone":70,"minecraft:white_wool":2,"minecraft:oak_leaves":4},"minecraft:killed":{"minecraft:pig":3,"minecraft:rabbit":1,"minecraft:spider":3,"minecraft:creeper":2,"minecraft:sheep":8,"minecraft:skeleton":3,"minecraft:zombie":3,"minecraft:cow":2},"minecraft:used":{"minecraft:cooked_mutton":7,"minecraft:stone_pickaxe":233,"minecraft:wooden_pickaxe":8,"minecraft:shield":12,"minecraft:rotten_flesh":1,"minecraft:iron_chestplate":1,"minecraft:white_wool":2,"minecraft:torch":88,"minecraft:dirt":4,"minecraft:crafting_table":9,"minecraft:smoker":2,"minecraft:iron_axe":42,"minecraft:birch_sapling":1,"minecraft:iron_pickaxe":4,"minecraft:stone_axe":19,"minecraft:cobblestone":20,"minecraft:furnace":7,"minecraft:cooked_porkchop":1,"minecraft:cooked_rabbit":2,"minecraft:cooked_beef":5}},"DataVersion":3953}