{"stats":{"minecraft:custom":{"minecraft:interact_with_anvil":5,"minecraft:mob_kills":51,"minecraft:interact_with_crafting_table":66,"minecraft:leave_game":6,"minecraft:time_since_death":29622,"minecraft:climb_one_cm":2571,"minecraft:sprint_one_cm":498562,"minecraft:walk_one_cm":478367,"minecraft:damage_blocked_by_shield":813,"minecraft:drop":19,"minecraft:play_time":203494,"minecraft:deaths":9,"minecraft:sneak_time":1541,"minecraft:walk_under_water_one_cm":71652,"minecraft:boat_one_cm":184296,"minecraft:jump":4929,"minecraft:interact_with_brewingstand":1,"minecraft:walk_on_water_one_cm":91440,"minecraft:total_world_time":203494,"minecraft:interact_with_furnace":55,"minecraft:sleep_in_bed":2,"minecraft:time_since_rest":29652,"minecraft:damage_taken":4182,"minecraft:damage_dealt":7803,"minecraft:swim_one_cm":230555,"minecraft:fly_one_cm":1106949,"minecraft:open_chest":20,"minecraft:crouch_one_cm":1927,"minecraft:fall_one_cm":121475},"minecraft:crafted":{"minecraft:oak_planks":16,"minecraft:leather_boots":1,"minecraft:furnace":3,"minecraft:cooked_mutton":4,"minecraft:spruce_stairs":48,"minecraft:iron_axe":1,"minecraft:spruce_slab":6,"minecraft:stone_pickaxe":3,"minecraft:chest":2,"minecraft:spruce_boat":1,"minecraft:cooked_porkchop":11,"minecraft:crafting_table":6,"minecraft:spruce_planks":200,"minecraft:wooden_pickaxe":4,"minecraft:iron_helmet":2,"minecraft:iron_sword":1,"minecraft:bucket":1,"minecraft:stone_axe":2,"minecraft:air":0,"minecraft:iron_chestplate":1,"minecraft:diamond_pickaxe":1,"minecraft:shield":1,"minecraft:stick":76,"minecraft:iron_ingot":82,"minecraft:iron_pickaxe":2,"minecraft:iron_block":3,"minecraft:stone_sword":2,"minecraft:snow_block":16,"minecraft:iron_leggings":2,"minecraft:anvil":1,"minecraft:white_bed":2,"minecraft:torch":128},"minecraft:mined":{"minecraft:spruce_planks":7,"minecraft:white_bed":2,"minecraft:cave_vines_plant":1,"minecraft:granite":3,"minecraft:grass_block":11,"minecraft:spruce_leaves":69,"minecraft:moss_block":1,"minecraft:rooted_dirt":35,"minecraft:large_fern":2,"minecraft:furnace":5,"minecraft:iron_ore":112,"minecraft:andesite":1,"minecraft:cave_vines":1,"minecraft:packed_ice":5,"minecraft:azalea_leaves":2,"minecraft:azalea":1,"minecraft:stone":138,"minecraft:white_wool":1,"minecraft:spruce_slab":1,"minecraft:light_gray_carpet":1,"minecraft:spruce_door":20,"minecraft:powder_snow":6,"minecraft:crafting_table":16,"minecraft:torch":3,"minecraft:short_grass":2,"minecraft:emerald_ore":3,"minecraft:tall_grass":1,"minecraft:cobblestone":16,"minecraft:oak_planks":3,"minecraft:diorite":2,"minecraft:spruce_stairs":3,"minecraft:sweet_berry_bush":14,"minecraft:ice":12,"minecraft:white_carpet":1,"minecraft:spruce_log":77,"minecraft:oak_log":4,"minecraft:coal_ore":67,"minecraft:dirt":15},"minecraft:picked_up":{"minecraft:iron_chestplate":4,"minecraft:crafting_table":18,"minecraft:clay_ball":48,"minecraft:diamond_sword":1,"minecraft:shield":2,"minecraft:iron_axe":2,"minecraft:string":9,"minecraft:moss_carpet":9,"minecraft:raw_copper":4,"minecraft:iron_leggings":3,"minecraft:white_carpet":1,"minecraft:cobbled_deepslate":2,"minecraft:spruce_planks":7,"minecraft:beef":9,"minecraft:azalea":9,"minecraft:spruce_slab":1,"minecraft:sugar_cane":8,"minecraft:furnace":7,"minecraft:stick":6,"minecraft:raw_iron":185,"minecraft:big_dripleaf":1,"minecraft:torch":43,"minecraft:spruce_stairs":3,"minecraft:snow_block":32,"minecraft:porkchop":12,"minecraft:diorite":11,"minecraft:redstone":26,"minecraft:stone_sword":4,"minecraft:arrow":14,"minecraft:rotten_flesh":22,"minecraft:tropical_fish":25,"minecraft:glow_berries":5,"minecraft:mutton":9,"minecraft:snowball":296,"minecraft:white_wool":7,"minecraft:cobblestone":202,"minecraft:feather":2,"minecraft:water_bucket":1,"minecraft:andesite":3,"minecraft:leather":14,"minecraft:oak_log":4,"minecraft:gunpowder":6,"minecraft:lapis_lazuli":119,"minecraft:dirt":41,"minecraft:name_tag":1,"minecraft:leather_boots":3,"minecraft:bone":42,"minecraft:bow":2,"minecraft:wheat_seeds":4,"minecraft:stone_pickaxe":1,"minecraft:iron_ingot":16,"minecraft:moss_block":14,"minecraft:iron_sword":2,"minecraft:oak_planks":2,"minecraft:sweet_berries":259,"minecraft:axolotl_bucket":2,"minecraft:gravel":4,"minecraft:sand":2,"minecraft:spruce_sapling":11,"minecraft:white_bed":2,"minecraft:spruce_log":84,"minecraft:spider_eye":1,"minecraft:spruce_door":24,"minecraft:diamond":4,"minecraft:stone_axe":5,"minecraft:spruce_boat":9,"minecraft:iron_helmet":8,"minecraft:granite":6,"minecraft:bone_meal":6,"minecraft:spruce_button":1,"minecraft:emerald":11,"minecraft:rooted_dirt":35,"minecraft:light_gray_carpet":1,"minecraft:black_wool":1,"minecraft:coal":190,"minecraft:diamond_pickaxe":5},"minecraft:broken":{"minecraft:stone_pickaxe":1},"minecraft:killed_by":{"minecraft:player":1,"minecraft:creeper":2,"minecraft:spider":1,"minecraft:enderman":1,"minecraft:skeleton":1,"minecraft:zombie":2},"minecraft:dropped":{"minecraft:moss_block":7,"minecraft:cobblestone":17,"minecraft:granite":3,"minecraft:spruce_door":4,"minecraft:stick":4,"minecraft:torch":1,"minecraft:moss_carpet":4,"minecraft:sweet_berries":1,"minecraft:cobbled_deepslate":1,"minecraft:raw_iron":3,"minecraft:rotten_flesh":2,"minecraft:big_dripleaf":1,"minecraft:spruce_boat":1,"minecraft:diamond_pickaxe":1,"minecraft:andesite":2,"minecraft:azalea":3,"minecraft:black_wool":1},"minecraft:killed":{"minecraft:spider":1,"minecraft:skeleton":8,"minecraft:pig":6,"minecraft:creeper":1,"minecraft:sheep":4,"minecraft:goat":1,"minecraft:zombie":18,"minecraft:stray":1,"minecraft:cow":5},"minecraft:used":{"minecraft:stone_sword":51,"minecraft:tropical_fish":4,"minecraft:spruce_slab":7,"minecraft:light_gray_carpet":1,"minecraft:chest":2,"minecraft:spruce_planks":20,"minecraft:shield":49,"minecraft:iron_sword":40,"minecraft:rotten_flesh":12,"minecraft:torch":82,"minecraft:dirt":31,"minecraft:anvil":1,"minecraft:white_carpet":1,"minecraft:spruce_stairs":51,"minecraft:granite":3,"minecraft:snowball":24,"minecraft:spruce_boat":8,"minecraft:iron_axe":47,"minecraft:rooted_dirt":35,"minecraft:iron_helmet":1,"minecraft:sweet_berries":107,"minecraft:furnace":7,"minecraft:cobbled_deepslate":1,"minecraft:iron_leggings":3,"minecraft:cooked_mutton":3,"minecraft:water_bucket":1,"minecraft:spruce_door":20,"minecraft:snow_block":13,"minecraft:stone_pickaxe":157,"minecraft:wooden_pickaxe":22,"minecraft:leather_boots":1,"minecraft:golden_apple":1,"minecraft:glow_berries":5,"minecraft:crafting_table":18,"minecraft:white_bed":3,"minecraft:spruce_log":19,"minecraft:diamond_pickaxe":174,"minecraft:apple":2,"minecraft:iron_pickaxe":39,"minecraft:gravel":1,"minecraft:stone_axe":157,"minecraft:diamond_sword":8,"minecraft:cobblestone":96,"minecraft:cooked_porkchop":8,"minecraft:bucket":2}},"DataVersion":3953}