{"stats":{"minecraft:crafted":{"minecraft:cooked_beef":5,"minecraft:oak_planks":48,"minecraft:cooked_porkchop":6,"minecraft:crafting_table":3,"minecraft:spruce_planks":8,"minecraft:wooden_pickaxe":3,"minecraft:iron_helmet":1,"minecraft:iron_sword":1,"minecraft:furnace":3,"minecraft:birch_planks":40,"minecraft:stone_axe":1,"minecraft:cooked_mutton":12,"minecraft:air":0,"minecraft:iron_boots":1,"minecraft:iron_chestplate":1,"minecraft:shield":2,"minecraft:iron_axe":2,"minecraft:iron_hoe":1,"minecraft:stick":60,"minecraft:iron_ingot":48,"minecraft:iron_pickaxe":2,"minecraft:stone_pickaxe":3,"minecraft:iron_leggings":1,"minecraft:torch":128,"minecraft:shears":1,"minecraft:cooked_rabbit":2,"minecraft:smoker":1},"minecraft:dropped":{"minecraft:brown_mushroom":1,"minecraft:wheat_seeds":1,"minecraft:rabbit_hide":2,"minecraft:gunpowder":2,"minecraft:spider_eye":1},"minecraft:broken":{"minecraft:stone_pickaxe":1},"minecraft:picked_up":{"minecraft:birch_log":10,"minecraft:crafting_table":10,"minecraft:iron_chestplate":2,"minecraft:feather":10,"minecraft:chicken":4,"minecraft:leather":3,"minecraft:brown_mushroom":1,"minecraft:smoker":4,"minecraft:birch_planks":2,"minecraft:oak_log":18,"minecraft:shield":2,"minecraft:gunpowder":5,"minecraft:dirt":12,"minecraft:string":2,"minecraft:iron_axe":2,"minecraft:iron_leggings":1,"minecraft:cooked_mutton":5,"minecraft:bone":8,"minecraft:bow":2,"minecraft:wheat_seeds":1,"minecraft:rabbit_hide":2,"minecraft:beef":6,"minecraft:iron_ingot":3,"minecraft:stone_pickaxe":2,"minecraft:rabbit":2,"minecraft:light_gray_wool":2,"minecraft:sugar_cane":60,"minecraft:birch_sapling":1,"minecraft:oak_planks":12,"minecraft:iron_boots":1,"minecraft:furnace":7,"minecraft:stick":8,"minecraft:raw_iron":71,"minecraft:cooked_porkchop":10,"minecraft:torch":59,"minecraft:porkchop":10,"minecraft:spruce_log":2,"minecraft:spider_eye":1,"minecraft:arrow":6,"minecraft:rotten_flesh":12,"minecraft:iron_helmet":1,"minecraft:mutton":12,"minecraft:coal":311,"minecraft:white_wool":16,"minecraft:cobblestone":119},"minecraft:custom":{"minecraft:interact_with_furnace":48,"minecraft:mob_kills":40,"minecraft:interact_with_crafting_table":43,"minecraft:leave_game":7,"minecraft:time_since_death":18292,"minecraft:climb_one_cm":185,"minecraft:time_since_rest":18394,"minecraft:sprint_one_cm":452618,"minecraft:damage_taken":3581,"minecraft:walk_one_cm":210896,"minecraft:damage_blocked_by_shield":968,"minecraft:drop":6,"minecraft:damage_dealt":5400,"minecraft:swim_one_cm":54389,"minecraft:talked_to_villager":1,"minecraft:fly_one_cm":692963,"minecraft:open_chest":1,"minecraft:crouch_one_cm":4809,"minecraft:play_time":113998,"minecraft:deaths":12,"minecraft:sneak_time":2450,"minecraft:walk_under_water_one_cm":8707,"minecraft:jump":3399,"minecraft:walk_on_water_one_cm":29067,"minecraft:interact_with_smoker":10,"minecraft:total_world_time":113998,"minecraft:fall_one_cm":103217},"minecraft:killed_by":{"minecraft:player":1,"minecraft:skeleton":3,"minecraft:stray":1,"minecraft:creeper":1,"minecraft:zombie":1,"minecraft:enderman":1},"minecraft:mined":{"minecraft:smoker":2,"minecraft:crafting_table":9,"minecraft:torch":1,"minecraft:short_grass":13,"minecraft:grass_block":8,"minecraft:cobblestone":1,"minecraft:spruce_leaves":4,"minecraft:sugar_cane":14,"minecraft:wall_torch":1,"minecraft:furnace":7,"minecraft:birch_log":10,"minecraft:iron_ore":65,"minecraft:fire":5,"minecraft:spruce_log":2,"minecraft:birch_leaves":2,"minecraft:oak_log":16,"minecraft:coal_ore":189,"minecraft:dirt":3,"minecraft:stone":81,"minecraft:white_wool":2,"minecraft:oak_leaves":4},"minecraft:killed":{"minecraft:pig":6,"minecraft:rabbit":1,"minecraft:spider":3,"minecraft:creeper":2,"minecraft:skeleton":4,"minecraft:sheep":8,"minecraft:zombie":9,"minecraft:chicken":4,"minecraft:cow":2},"minecraft:used":{"minecraft:cooked_mutton":12,"minecraft:stone_pickaxe":335,"minecraft:shield":15,"minecraft:wooden_pickaxe":8,"minecraft:rotten_flesh":1,"minecraft:iron_chestplate":1,"minecraft:white_wool":2,"minecraft:torch":111,"minecraft:dirt":9,"minecraft:crafting_table":9,"minecraft:smoker":2,"minecraft:iron_axe":66,"minecraft:birch_sapling":1,"minecraft:chicken":4,"minecraft:iron_pickaxe":5,"minecraft:stone_axe":19,"minecraft:cobblestone":35,"minecraft:furnace":7,"minecraft:porkchop":4,"minecraft:cooked_porkchop":5,"minecraft:cooked_rabbit":2,"minecraft:bucket":1,"minecraft:cooked_beef":5}},"DataVersion":3953}