{"stats":{"minecraft:custom":{"minecraft:mob_kills":30,"minecraft:interact_with_crafting_table":49,"minecraft:leave_game":6,"minecraft:time_since_death":15491,"minecraft:climb_one_cm":2571,"minecraft:sprint_one_cm":387467,"minecraft:walk_one_cm":361251,"minecraft:damage_blocked_by_shield":110,"minecraft:drop":6,"minecraft:play_time":161494,"minecraft:deaths":7,"minecraft:sneak_time":837,"minecraft:walk_under_water_one_cm":70763,"minecraft:boat_one_cm":130669,"minecraft:jump":3794,"minecraft:interact_with_brewingstand":1,"minecraft:walk_on_water_one_cm":83447,"minecraft:total_world_time":161494,"minecraft:interact_with_furnace":44,"minecraft:sleep_in_bed":2,"minecraft:time_since_rest":15521,"minecraft:damage_taken":3384,"minecraft:damage_dealt":5361,"minecraft:swim_one_cm":226968,"minecraft:fly_one_cm":880611,"minecraft:open_chest":12,"minecraft:crouch_one_cm":587,"minecraft:fall_one_cm":86062},"minecraft:crafted":{"minecraft:oak_planks":16,"minecraft:leather_boots":1,"minecraft:furnace":3,"minecraft:cooked_mutton":4,"minecraft:iron_axe":1,"minecraft:stone_pickaxe":3,"minecraft:chest":2,"minecraft:spruce_boat":1,"minecraft:cooked_porkchop":11,"minecraft:crafting_table":5,"minecraft:spruce_planks":120,"minecraft:wooden_pickaxe":4,"minecraft:iron_helmet":2,"minecraft:iron_sword":1,"minecraft:bucket":1,"minecraft:stone_axe":2,"minecraft:air":0,"minecraft:iron_chestplate":1,"minecraft:diamond_pickaxe":1,"minecraft:shield":1,"minecraft:stick":76,"minecraft:iron_ingot":72,"minecraft:iron_pickaxe":1,"minecraft:iron_block":2,"minecraft:stone_sword":2,"minecraft:iron_leggings":2,"minecraft:white_bed":2,"minecraft:torch":128},"minecraft:mined":{"minecraft:spruce_planks":6,"minecraft:white_bed":2,"minecraft:cave_vines_plant":1,"minecraft:granite":3,"minecraft:grass_block":6,"minecraft:spruce_leaves":56,"minecraft:moss_block":1,"minecraft:rooted_dirt":35,"minecraft:large_fern":2,"minecraft:furnace":4,"minecraft:iron_ore":112,"minecraft:andesite":1,"minecraft:cave_vines":1,"minecraft:packed_ice":1,"minecraft:azalea_leaves":2,"minecraft:azalea":1,"minecraft:stone":130,"minecraft:white_wool":1,"minecraft:light_gray_carpet":1,"minecraft:spruce_door":20,"minecraft:powder_snow":6,"minecraft:crafting_table":15,"minecraft:torch":1,"minecraft:short_grass":2,"minecraft:emerald_ore":3,"minecraft:tall_grass":1,"minecraft:cobblestone":15,"minecraft:oak_planks":3,"minecraft:diorite":2,"minecraft:sweet_berry_bush":14,"minecraft:ice":12,"minecraft:white_carpet":1,"minecraft:spruce_log":55,"minecraft:oak_log":4,"minecraft:coal_ore":67,"minecraft:dirt":8},"minecraft:picked_up":{"minecraft:iron_chestplate":1,"minecraft:crafting_table":15,"minecraft:clay_ball":48,"minecraft:string":2,"minecraft:moss_carpet":3,"minecraft:raw_copper":4,"minecraft:iron_leggings":1,"minecraft:white_carpet":1,"minecraft:cobbled_deepslate":1,"minecraft:spruce_planks":6,"minecraft:beef":4,"minecraft:azalea":2,"minecraft:sugar_cane":4,"minecraft:furnace":4,"minecraft:raw_iron":179,"minecraft:torch":4,"minecraft:porkchop":12,"minecraft:diorite":11,"minecraft:redstone":26,"minecraft:stone_sword":2,"minecraft:arrow":6,"minecraft:rotten_flesh":13,"minecraft:tropical_fish":11,"minecraft:glow_berries":5,"minecraft:mutton":9,"minecraft:snowball":20,"minecraft:white_wool":7,"minecraft:cobblestone":175,"minecraft:feather":2,"minecraft:andesite":1,"minecraft:leather":7,"minecraft:oak_log":4,"minecraft:gunpowder":6,"minecraft:lapis_lazuli":55,"minecraft:dirt":29,"minecraft:name_tag":1,"minecraft:leather_boots":1,"minecraft:bone":18,"minecraft:bow":2,"minecraft:wheat_seeds":2,"minecraft:stone_pickaxe":1,"minecraft:iron_ingot":14,"minecraft:moss_block":3,"minecraft:oak_planks":2,"minecraft:sweet_berries":215,"minecraft:gravel":4,"minecraft:sand":2,"minecraft:spruce_sapling":7,"minecraft:white_bed":2,"minecraft:spruce_log":63,"minecraft:spruce_door":20,"minecraft:diamond":4,"minecraft:stone_axe":2,"minecraft:spruce_boat":6,"minecraft:iron_helmet":4,"minecraft:granite":3,"minecraft:bone_meal":2,"minecraft:spruce_button":1,"minecraft:emerald":5,"minecraft:rooted_dirt":35,"minecraft:light_gray_carpet":1,"minecraft:coal":151,"minecraft:diamond_pickaxe":3},"minecraft:broken":{"minecraft:stone_pickaxe":1},"minecraft:dropped":{"minecraft:torch":1,"minecraft:sweet_berries":1,"minecraft:raw_iron":3,"minecraft:diamond_pickaxe":1},"minecraft:killed_by":{"minecraft:player":1,"minecraft:creeper":1,"minecraft:spider":1,"minecraft:enderman":1,"minecraft:skeleton":1,"minecraft:zombie":1},"minecraft:killed":{"minecraft:skeleton":6,"minecraft:pig":6,"minecraft:creeper":1,"minecraft:sheep":4,"minecraft:zombie":10,"minecraft:cow":3},"minecraft:used":{"minecraft:stone_sword":43,"minecraft:light_gray_carpet":1,"minecraft:chest":2,"minecraft:spruce_planks":12,"minecraft:shield":4,"minecraft:iron_sword":21,"minecraft:rotten_flesh":12,"minecraft:torch":69,"minecraft:dirt":19,"minecraft:white_carpet":1,"minecraft:granite":3,"minecraft:snowball":2,"minecraft:spruce_boat":5,"minecraft:iron_axe":4,"minecraft:rooted_dirt":35,"minecraft:iron_helmet":1,"minecraft:sweet_berries":73,"minecraft:furnace":7,"minecraft:cobbled_deepslate":1,"minecraft:iron_leggings":3,"minecraft:cooked_mutton":3,"minecraft:water_bucket":1,"minecraft:spruce_door":20,"minecraft:stone_pickaxe":157,"minecraft:wooden_pickaxe":22,"minecraft:leather_boots":1,"minecraft:golden_apple":1,"minecraft:glow_berries":5,"minecraft:crafting_table":16,"minecraft:white_bed":3,"minecraft:spruce_log":19,"minecraft:diamond_pickaxe":172,"minecraft:apple":2,"minecraft:iron_pickaxe":28,"minecraft:gravel":1,"minecraft:stone_axe":149,"minecraft:cobblestone":84,"minecraft:cooked_porkchop":8,"minecraft:bucket":2}},"DataVersion":3953}