{"stats":{"minecraft:crafted":{"minecraft:cooked_porkchop":11,"minecraft:crafting_table":4,"minecraft:spruce_planks":96,"minecraft:wooden_pickaxe":4,"minecraft:iron_helmet":1,"minecraft:furnace":2,"minecraft:stone_axe":2,"minecraft:cooked_mutton":4,"minecraft:air":0,"minecraft:diamond_pickaxe":1,"minecraft:stick":60,"minecraft:iron_ingot":19,"minecraft:iron_pickaxe":1,"minecraft:stone_pickaxe":3,"minecraft:stone_sword":2,"minecraft:iron_leggings":1,"minecraft:white_bed":1,"minecraft:spruce_boat":1,"minecraft:torch":76},"minecraft:custom":{"minecraft:interact_with_furnace":34,"minecraft:mob_kills":20,"minecraft:interact_with_crafting_table":31,"minecraft:leave_game":4,"minecraft:time_since_death":41871,"minecraft:sleep_in_bed":2,"minecraft:climb_one_cm":2383,"minecraft:time_since_rest":41898,"minecraft:sprint_one_cm":284070,"minecraft:damage_taken":2214,"minecraft:walk_one_cm":239201,"minecraft:drop":5,"minecraft:damage_dealt":3059,"minecraft:swim_one_cm":216564,"minecraft:fly_one_cm":664577,"minecraft:open_chest":2,"minecraft:crouch_one_cm":539,"minecraft:play_time":114240,"minecraft:deaths":4,"minecraft:sneak_time":756,"minecraft:walk_under_water_one_cm":66934,"minecraft:boat_one_cm":7456,"minecraft:jump":2526,"minecraft:interact_with_brewingstand":1,"minecraft:walk_on_water_one_cm":53645,"minecraft:total_world_time":114240,"minecraft:fall_one_cm":54544},"minecraft:mined":{"minecraft:light_gray_carpet":1,"minecraft:spruce_planks":4,"minecraft:white_bed":2,"minecraft:spruce_door":20,"minecraft:crafting_table":12,"minecraft:cave_vines_plant":1,"minecraft:granite":3,"minecraft:grass_block":6,"minecraft:cobblestone":6,"minecraft:spruce_leaves":49,"minecraft:oak_planks":3,"minecraft:diorite":2,"minecraft:rooted_dirt":35,"minecraft:large_fern":2,"minecraft:furnace":4,"minecraft:sweet_berry_bush":14,"minecraft:iron_ore":61,"minecraft:ice":3,"minecraft:white_carpet":1,"minecraft:spruce_log":36,"minecraft:andesite":1,"minecraft:coal_ore":18,"minecraft:cave_vines":1,"minecraft:dirt":8,"minecraft:packed_ice":1,"minecraft:stone":75,"minecraft:white_wool":1},"minecraft:picked_up":{"minecraft:crafting_table":12,"minecraft:feather":2,"minecraft:clay_ball":45,"minecraft:andesite":1,"minecraft:leather":7,"minecraft:gunpowder":5,"minecraft:lapis_lazuli":55,"minecraft:string":2,"minecraft:dirt":14,"minecraft:raw_copper":4,"minecraft:name_tag":1,"minecraft:iron_leggings":1,"minecraft:white_carpet":1,"minecraft:bone":14,"minecraft:bow":2,"minecraft:wheat_seeds":1,"minecraft:cobbled_deepslate":1,"minecraft:spruce_planks":4,"minecraft:beef":4,"minecraft:stone_pickaxe":1,"minecraft:sugar_cane":4,"minecraft:oak_planks":2,"minecraft:furnace":4,"minecraft:raw_iron":98,"minecraft:sweet_berries":135,"minecraft:torch":1,"minecraft:gravel":1,"minecraft:porkchop":12,"minecraft:sand":2,"minecraft:spruce_sapling":7,"minecraft:diorite":11,"minecraft:white_bed":2,"minecraft:spruce_log":44,"minecraft:redstone":26,"minecraft:spruce_door":20,"minecraft:arrow":3,"minecraft:rotten_flesh":5,"minecraft:diamond":4,"minecraft:stone_axe":1,"minecraft:spruce_boat":1,"minecraft:iron_helmet":1,"minecraft:granite":3,"minecraft:spruce_button":1,"minecraft:rooted_dirt":35,"minecraft:light_gray_carpet":1,"minecraft:glow_berries":5,"minecraft:mutton":9,"minecraft:coal":47,"minecraft:white_wool":7,"minecraft:cobblestone":91},"minecraft:killed_by":{"minecraft:player":1,"minecraft:spider":1,"minecraft:zombie":1},"minecraft:dropped":{"minecraft:sweet_berries":1,"minecraft:raw_iron":3,"minecraft:torch":1},"minecraft:killed":{"minecraft:pig":6,"minecraft:sheep":4,"minecraft:skeleton":2,"minecraft:zombie":5,"minecraft:cow":3},"minecraft:used":{"minecraft:cooked_mutton":3,"minecraft:stone_sword":24,"minecraft:spruce_door":19,"minecraft:stone_pickaxe":149,"minecraft:light_gray_carpet":1,"minecraft:spruce_planks":10,"minecraft:wooden_pickaxe":22,"minecraft:rotten_flesh":5,"minecraft:torch":38,"minecraft:golden_apple":1,"minecraft:glow_berries":5,"minecraft:dirt":4,"minecraft:white_carpet":1,"minecraft:crafting_table":11,"minecraft:white_bed":2,"minecraft:granite":3,"minecraft:spruce_log":3,"minecraft:diamond_pickaxe":2,"minecraft:apple":2,"minecraft:rooted_dirt":35,"minecraft:iron_pickaxe":28,"minecraft:stone_axe":112,"minecraft:cobblestone":40,"minecraft:sweet_berries":47,"minecraft:furnace":5,"minecraft:cooked_porkchop":8,"minecraft:iron_leggings":2}},"DataVersion":3953}