{"stats":{"minecraft:crafted":{"minecraft:crafting_table":2,"minecraft:spruce_planks":56,"minecraft:stick":12,"minecraft:wooden_pickaxe":2,"minecraft:stone_pickaxe":1,"minecraft:stone_sword":1,"minecraft:furnace":1},"minecraft:custom":{"minecraft:time_since_rest":9634,"minecraft:sprint_one_cm":58210,"minecraft:damage_taken":350,"minecraft:walk_one_cm":37903,"minecraft:mob_kills":4,"minecraft:damage_dealt":400,"minecraft:interact_with_crafting_table":6,"minecraft:swim_one_cm":585,"minecraft:fly_one_cm":192813,"minecraft:crouch_one_cm":305,"minecraft:play_time":21240,"minecraft:deaths":1,"minecraft:sneak_time":27,"minecraft:walk_under_water_one_cm":1756,"minecraft:boat_one_cm":7456,"minecraft:jump":631,"minecraft:leave_game":1,"minecraft:walk_on_water_one_cm":3874,"minecraft:time_since_death":9606,"minecraft:total_world_time":21240,"minecraft:fall_one_cm":17666},"minecraft:mined":{"minecraft:spruce_log":15,"minecraft:crafting_table":2,"minecraft:grass_block":2,"minecraft:coal_ore":18,"minecraft:dirt":3,"minecraft:spruce_leaves":28,"minecraft:stone":30},"minecraft:picked_up":{"minecraft:crafting_table":2,"minecraft:porkchop":7,"minecraft:spruce_sapling":1,"minecraft:spruce_log":15,"minecraft:dirt":5,"minecraft:rotten_flesh":3,"minecraft:stone_axe":1,"minecraft:spruce_boat":1,"minecraft:coal":18,"minecraft:cobblestone":29},"minecraft:killed_by":{"minecraft:spider":1},"minecraft:killed":{"minecraft:pig":4},"minecraft:used":{"minecraft:stone_pickaxe":36,"minecraft:wooden_pickaxe":12,"minecraft:rotten_flesh":3,"minecraft:stone_axe":45,"minecraft:dirt":3,"minecraft:cobblestone":1,"minecraft:crafting_table":2}},"DataVersion":3953}