{"stats":{"minecraft:crafted":{"minecraft:oak_planks":52,"minecraft:cooked_porkchop":14,"minecraft:crafting_table":1,"minecraft:wooden_pickaxe":1,"minecraft:cooked_chicken":2,"minecraft:iron_sword":1,"minecraft:furnace":1,"minecraft:air":0,"minecraft:shield":1,"minecraft:stick":40,"minecraft:iron_ingot":12,"minecraft:iron_pickaxe":2,"minecraft:stone_pickaxe":4,"minecraft:chest":1,"minecraft:white_bed":1,"minecraft:torch":20},"minecraft:dropped":{"minecraft:iron_ingot":3,"minecraft:wheat_seeds":4,"minecraft:feather":6},"minecraft:broken":{"minecraft:stone_pickaxe":3},"minecraft:picked_up":{"minecraft:feather":9,"minecraft:chicken":2,"minecraft:andesite":3,"minecraft:lead":1,"minecraft:wooden_pickaxe":4,"minecraft:oak_log":13,"minecraft:shield":1,"minecraft:lapis_lazuli":96,"minecraft:dirt":19,"minecraft:raw_copper":119,"minecraft:bone":1,"minecraft:wheat_seeds":7,"minecraft:stone_pickaxe":4,"minecraft:iron_ingot":14,"minecraft:cooked_chicken":2,"minecraft:iron_pickaxe":3,"minecraft:oak_planks":51,"minecraft:iron_sword":1,"minecraft:stick":62,"minecraft:raw_iron":22,"minecraft:cooked_porkchop":10,"minecraft:torch":18,"minecraft:dandelion":1,"minecraft:gravel":24,"minecraft:porkchop":17,"minecraft:diorite":245,"minecraft:arrow":3,"minecraft:rotten_flesh":6,"minecraft:granite":4,"minecraft:mutton":6,"minecraft:coal":42,"minecraft:white_wool":6,"minecraft:cobblestone":1140},"minecraft:custom":{"minecraft:interact_with_furnace":34,"minecraft:mob_kills":20,"minecraft:interact_with_crafting_table":53,"minecraft:leave_game":7,"minecraft:time_since_death":10208,"minecraft:sleep_in_bed":2,"minecraft:time_since_rest":10235,"minecraft:sprint_one_cm":126509,"minecraft:damage_taken":2049,"minecraft:walk_one_cm":118754,"minecraft:damage_blocked_by_shield":812,"minecraft:drop":5,"minecraft:damage_dealt":2625,"minecraft:talked_to_villager":2,"minecraft:swim_one_cm":3023,"minecraft:fly_one_cm":135315,"minecraft:open_chest":26,"minecraft:crouch_one_cm":4269,"minecraft:play_time":90092,"minecraft:deaths":6,"minecraft:sneak_time":3009,"minecraft:walk_under_water_one_cm":4611,"minecraft:jump":1520,"minecraft:walk_on_water_one_cm":1213,"minecraft:total_world_time":90092,"minecraft:fall_one_cm":27930},"minecraft:killed_by":{"minecraft:skeleton":1,"minecraft:creeper":2,"minecraft:spider":1,"minecraft:zombie":1},"minecraft:mined":{"minecraft:dandelion":1,"minecraft:granite":2,"minecraft:short_grass":18,"minecraft:grass_block":4,"minecraft:tall_grass":2,"minecraft:copper_ore":13,"minecraft:cobblestone":43,"minecraft:lapis_ore":6,"minecraft:oak_planks":1,"minecraft:diorite":87,"minecraft:wall_torch":2,"minecraft:iron_ore":15,"minecraft:andesite":2,"minecraft:coal_ore":23,"minecraft:oak_log":13,"minecraft:gravel":8,"minecraft:dirt":11,"minecraft:stone":490,"minecraft:oak_leaves":3},"minecraft:killed":{"minecraft:pig":6,"minecraft:skeleton":1,"minecraft:sheep":4,"minecraft:zombie":5,"minecraft:chicken":2},"minecraft:used":{"minecraft:diorite":4,"minecraft:stone_pickaxe":438,"minecraft:oak_planks":6,"minecraft:shield":15,"minecraft:chest":1,"minecraft:wooden_pickaxe":47,"minecraft:iron_sword":39,"minecraft:torch":10,"minecraft:dirt":11,"minecraft:mutton":6,"minecraft:crafting_table":1,"minecraft:white_bed":1,"minecraft:granite":1,"minecraft:iron_pickaxe":252,"minecraft:cobblestone":168,"minecraft:furnace":1,"minecraft:cooked_porkchop":3,"minecraft:porkchop":1}},"DataVersion":3953}