{"stats":{"minecraft:dropped":{"minecraft:iron_ingot":3,"minecraft:wheat_seeds":5,"minecraft:cooked_porkchop":10,"minecraft:rotten_flesh":3,"minecraft:cobblestone":45,"minecraft:feather":6,"minecraft:stick":18,"minecraft:wooden_pickaxe":1,"minecraft:iron_pickaxe":1,"minecraft:stone_pickaxe":1},"minecraft:broken":{"minecraft:stone_pickaxe":3},"minecraft:killed_by":{"minecraft:player":1,"minecraft:skeleton":4,"minecraft:creeper":3,"minecraft:spider":1,"minecraft:zombie":2},"minecraft:crafted":{"minecraft:cooked_beef":18,"minecraft:oak_planks":60,"minecraft:cooked_porkchop":39,"minecraft:crafting_table":1,"minecraft:cooked_chicken":2,"minecraft:wooden_pickaxe":2,"minecraft:iron_helmet":1,"minecraft:iron_sword":1,"minecraft:furnace":1,"minecraft:air":0,"minecraft:iron_chestplate":1,"minecraft:iron_boots":1,"minecraft:shield":1,"minecraft:stick":52,"minecraft:iron_ingot":40,"minecraft:iron_pickaxe":3,"minecraft:stone_pickaxe":6,"minecraft:chest":1,"minecraft:iron_leggings":1,"minecraft:white_bed":1,"minecraft:torch":20},"minecraft:used":{"minecraft:diorite":44,"minecraft:stone_pickaxe":468,"minecraft:oak_planks":6,"minecraft:shield":24,"minecraft:chest":1,"minecraft:wooden_pickaxe":67,"minecraft:iron_sword":211,"minecraft:cooked_chicken":2,"minecraft:iron_chestplate":1,"minecraft:torch":24,"minecraft:dirt":11,"minecraft:mutton":6,"minecraft:crafting_table":2,"minecraft:carrot":1,"minecraft:white_bed":1,"minecraft:granite":1,"minecraft:chicken":1,"minecraft:iron_pickaxe":395,"minecraft:cobblestone":265,"minecraft:cooked_porkchop":12,"minecraft:porkchop":2,"minecraft:furnace":4,"minecraft:yellow_bed":1},"minecraft:custom":{"minecraft:interact_with_furnace":75,"minecraft:mob_kills":55,"minecraft:interact_with_crafting_table":75,"minecraft:bell_ring":11,"minecraft:leave_game":9,"minecraft:time_since_death":16760,"minecraft:sleep_in_bed":9,"minecraft:time_since_rest":9658,"minecraft:sprint_one_cm":303138,"minecraft:damage_taken":4537,"minecraft:walk_one_cm":207896,"minecraft:damage_blocked_by_shield":1337,"minecraft:drop":20,"minecraft:damage_dealt":7304,"minecraft:swim_one_cm":4925,"minecraft:talked_to_villager":22,"minecraft:fly_one_cm":382062,"minecraft:player_kills":2,"minecraft:open_chest":34,"minecraft:crouch_one_cm":9191,"minecraft:play_time":160176,"minecraft:deaths":12,"minecraft:sneak_time":4686,"minecraft:walk_under_water_one_cm":7858,"minecraft:jump":3011,"minecraft:walk_on_water_one_cm":3706,"minecraft:total_world_time":160176,"minecraft:fall_one_cm":58114},"minecraft:mined":{"minecraft:white_bed":1,"minecraft:cobblestone_stairs":1,"minecraft:dandelion":1,"minecraft:crafting_table":1,"minecraft:glow_lichen":1,"minecraft:granite":2,"minecraft:short_grass":58,"minecraft:grass_block":4,"minecraft:tall_grass":12,"minecraft:copper_ore":14,"minecraft:cobblestone":85,"minecraft:lapis_ore":6,"minecraft:oak_planks":1,"minecraft:diorite":88,"minecraft:wall_torch":3,"minecraft:hay_block":1,"minecraft:furnace":3,"minecraft:carrots":1,"minecraft:iron_ore":76,"minecraft:andesite":6,"minecraft:yellow_bed":1,"minecraft:coal_ore":27,"minecraft:oak_log":15,"minecraft:gravel":10,"minecraft:dirt":17,"minecraft:stone":558,"minecraft:oak_leaves":5},"minecraft:picked_up":{"minecraft:crafting_table":1,"minecraft:iron_chestplate":5,"minecraft:feather":10,"minecraft:chicken":4,"minecraft:andesite":7,"minecraft:leather":9,"minecraft:lead":1,"minecraft:wooden_pickaxe":6,"minecraft:yellow_bed":1,"minecraft:oak_log":15,"minecraft:gunpowder":1,"minecraft:shield":4,"minecraft:cobblestone_stairs":1,"minecraft:lapis_lazuli":96,"minecraft:dirt":30,"minecraft:raw_copper":154,"minecraft:iron_leggings":3,"minecraft:bone":4,"minecraft:wheat_seeds":12,"minecraft:beef":18,"minecraft:stone_pickaxe":6,"minecraft:iron_ingot":18,"minecraft:cooked_chicken":2,"minecraft:iron_pickaxe":4,"minecraft:iron_sword":4,"minecraft:oak_planks":67,"minecraft:iron_boots":2,"minecraft:furnace":3,"minecraft:stick":62,"minecraft:raw_iron":103,"minecraft:cooked_porkchop":26,"minecraft:torch":23,"minecraft:dandelion":1,"minecraft:gravel":26,"minecraft:porkchop":61,"minecraft:diorite":399,"minecraft:carrot":1,"minecraft:arrow":6,"minecraft:rotten_flesh":19,"minecraft:hay_block":4,"minecraft:iron_helmet":3,"minecraft:granite":4,"minecraft:mutton":6,"minecraft:coal":55,"minecraft:white_wool":6,"minecraft:cobblestone":1280},"minecraft:killed":{"minecraft:pig":18,"minecraft:bat":1,"minecraft:skeleton":3,"minecraft:sheep":4,"minecraft:zombie":9,"minecraft:chicken":3,"minecraft:villager":6,"minecraft:cow":8}},"DataVersion":3953}