{"stats":{"minecraft:crafted":{"minecraft:oak_planks":52,"minecraft:cooked_porkchop":21,"minecraft:crafting_table":1,"minecraft:iron_helmet":1,"minecraft:wooden_pickaxe":1,"minecraft:cooked_chicken":2,"minecraft:iron_sword":1,"minecraft:furnace":1,"minecraft:air":0,"minecraft:iron_boots":1,"minecraft:iron_chestplate":1,"minecraft:shield":1,"minecraft:stick":40,"minecraft:iron_ingot":32,"minecraft:iron_pickaxe":2,"minecraft:stone_pickaxe":4,"minecraft:chest":1,"minecraft:iron_leggings":1,"minecraft:white_bed":1,"minecraft:torch":20},"minecraft:dropped":{"minecraft:iron_ingot":3,"minecraft:wheat_seeds":5,"minecraft:cooked_porkchop":9,"minecraft:cobblestone":45,"minecraft:feather":6,"minecraft:stick":18,"minecraft:wooden_pickaxe":1,"minecraft:stone_pickaxe":1,"minecraft:iron_pickaxe":1},"minecraft:broken":{"minecraft:stone_pickaxe":3},"minecraft:picked_up":{"minecraft:iron_chestplate":4,"minecraft:feather":10,"minecraft:chicken":4,"minecraft:andesite":7,"minecraft:lead":1,"minecraft:wooden_pickaxe":5,"minecraft:oak_log":13,"minecraft:shield":3,"minecraft:cobblestone_stairs":1,"minecraft:lapis_lazuli":96,"minecraft:dirt":23,"minecraft:raw_copper":154,"minecraft:iron_leggings":2,"minecraft:bone":2,"minecraft:wheat_seeds":10,"minecraft:stone_pickaxe":4,"minecraft:iron_ingot":18,"minecraft:cooked_chicken":2,"minecraft:iron_pickaxe":4,"minecraft:oak_planks":51,"minecraft:iron_sword":3,"minecraft:iron_boots":2,"minecraft:stick":62,"minecraft:raw_iron":62,"minecraft:cooked_porkchop":10,"minecraft:torch":23,"minecraft:dandelion":1,"minecraft:gravel":26,"minecraft:porkchop":51,"minecraft:diorite":375,"minecraft:carrot":1,"minecraft:arrow":5,"minecraft:rotten_flesh":16,"minecraft:iron_helmet":2,"minecraft:hay_block":4,"minecraft:granite":4,"minecraft:mutton":6,"minecraft:coal":54,"minecraft:white_wool":6,"minecraft:cobblestone":1215},"minecraft:custom":{"minecraft:interact_with_furnace":61,"minecraft:mob_kills":37,"minecraft:interact_with_crafting_table":66,"minecraft:bell_ring":11,"minecraft:leave_game":8,"minecraft:time_since_death":3616,"minecraft:sleep_in_bed":6,"minecraft:time_since_rest":1597,"minecraft:sprint_one_cm":240360,"minecraft:damage_taken":3699,"minecraft:walk_one_cm":173982,"minecraft:damage_blocked_by_shield":1082,"minecraft:drop":16,"minecraft:damage_dealt":5236,"minecraft:talked_to_villager":19,"minecraft:swim_one_cm":3023,"minecraft:player_kills":2,"minecraft:fly_one_cm":285625,"minecraft:open_chest":30,"minecraft:crouch_one_cm":7252,"minecraft:play_time":128760,"minecraft:deaths":11,"minecraft:sneak_time":3852,"minecraft:walk_under_water_one_cm":5073,"minecraft:jump":2471,"minecraft:walk_on_water_one_cm":2302,"minecraft:total_world_time":128760,"minecraft:fall_one_cm":43588},"minecraft:killed_by":{"minecraft:player":1,"minecraft:skeleton":4,"minecraft:creeper":2,"minecraft:spider":1,"minecraft:zombie":2},"minecraft:killed":{"minecraft:pig":14,"minecraft:bat":1,"minecraft:skeleton":2,"minecraft:sheep":4,"minecraft:zombie":8,"minecraft:chicken":3,"minecraft:villager":3},"minecraft:mined":{"minecraft:white_bed":1,"minecraft:cobblestone_stairs":1,"minecraft:dandelion":1,"minecraft:glow_lichen":1,"minecraft:granite":2,"minecraft:short_grass":39,"minecraft:grass_block":4,"minecraft:tall_grass":8,"minecraft:copper_ore":14,"minecraft:cobblestone":70,"minecraft:lapis_ore":6,"minecraft:oak_planks":1,"minecraft:diorite":88,"minecraft:wall_torch":3,"minecraft:hay_block":1,"minecraft:carrots":1,"minecraft:iron_ore":55,"minecraft:andesite":6,"minecraft:oak_log":13,"minecraft:coal_ore":27,"minecraft:gravel":10,"minecraft:dirt":13,"minecraft:stone":550,"minecraft:oak_leaves":5},"minecraft:used":{"minecraft:diorite":25,"minecraft:stone_pickaxe":438,"minecraft:oak_planks":6,"minecraft:shield":20,"minecraft:chest":1,"minecraft:wooden_pickaxe":47,"minecraft:iron_sword":137,"minecraft:cooked_chicken":2,"minecraft:iron_chestplate":1,"minecraft:torch":24,"minecraft:dirt":11,"minecraft:mutton":6,"minecraft:crafting_table":1,"minecraft:carrot":1,"minecraft:white_bed":1,"minecraft:granite":1,"minecraft:chicken":1,"minecraft:iron_pickaxe":395,"minecraft:cobblestone":264,"minecraft:furnace":1,"minecraft:cooked_porkchop":7,"minecraft:porkchop":1}},"DataVersion":3953}