{"stats":{"minecraft:dropped":{"minecraft:iron_ingot":3,"minecraft:wheat_seeds":5,"minecraft:cooked_beef":6,"minecraft:cooked_porkchop":10,"minecraft:rotten_flesh":25,"minecraft:cobblestone":45,"minecraft:feather":6,"minecraft:oak_planks":8,"minecraft:leather_helmet":2,"minecraft:stick":26,"minecraft:dirt":2,"minecraft:iron_chestplate":1,"minecraft:raw_gold":1,"minecraft:wooden_pickaxe":1,"minecraft:iron_pickaxe":1,"minecraft:stone_pickaxe":1},"minecraft:broken":{"minecraft:stone_pickaxe":3,"minecraft:shield":1,"minecraft:iron_sword":1},"minecraft:killed_by":{"minecraft:player":1,"minecraft:skeleton":5,"minecraft:creeper":4,"minecraft:spider":1,"minecraft:zombie":12},"minecraft:crafted":{"minecraft:cooked_beef":18,"minecraft:oak_planks":60,"minecraft:cooked_porkchop":39,"minecraft:crafting_table":1,"minecraft:cooked_chicken":2,"minecraft:wooden_pickaxe":2,"minecraft:iron_helmet":1,"minecraft:iron_sword":2,"minecraft:furnace":1,"minecraft:air":0,"minecraft:iron_chestplate":1,"minecraft:iron_boots":1,"minecraft:shield":1,"minecraft:stick":56,"minecraft:iron_ingot":43,"minecraft:iron_pickaxe":3,"minecraft:stone_pickaxe":6,"minecraft:chest":1,"minecraft:iron_leggings":1,"minecraft:white_bed":1,"minecraft:torch":20},"minecraft:used":{"minecraft:diorite":48,"minecraft:stone_pickaxe":498,"minecraft:oak_planks":6,"minecraft:shield":52,"minecraft:chest":1,"minecraft:wooden_pickaxe":67,"minecraft:iron_sword":294,"minecraft:cooked_chicken":2,"minecraft:iron_chestplate":1,"minecraft:torch":29,"minecraft:dirt":13,"minecraft:mutton":6,"minecraft:crafting_table":4,"minecraft:carrot":2,"minecraft:white_bed":1,"minecraft:granite":1,"minecraft:chicken":1,"minecraft:iron_pickaxe":511,"minecraft:cobblestone":304,"minecraft:cooked_porkchop":19,"minecraft:porkchop":2,"minecraft:furnace":4,"minecraft:yellow_bed":1,"minecraft:cooked_beef":3},"minecraft:custom":{"minecraft:interact_with_furnace":82,"minecraft:mob_kills":72,"minecraft:interact_with_crafting_table":79,"minecraft:bell_ring":11,"minecraft:leave_game":9,"minecraft:time_since_death":13083,"minecraft:sleep_in_bed":10,"minecraft:time_since_rest":8134,"minecraft:sprint_one_cm":395587,"minecraft:damage_taken":8811,"minecraft:walk_one_cm":286790,"minecraft:damage_blocked_by_shield":2987,"minecraft:drop":37,"minecraft:damage_dealt":10891,"minecraft:swim_one_cm":5007,"minecraft:talked_to_villager":22,"minecraft:fly_one_cm":511792,"minecraft:player_kills":2,"minecraft:open_chest":35,"minecraft:crouch_one_cm":11560,"minecraft:play_time":196176,"minecraft:deaths":24,"minecraft:sneak_time":5995,"minecraft:walk_under_water_one_cm":10348,"minecraft:jump":3916,"minecraft:walk_on_water_one_cm":11201,"minecraft:total_world_time":196176,"minecraft:fall_one_cm":77097},"minecraft:mined":{"minecraft:white_bed":1,"minecraft:cobblestone_stairs":1,"minecraft:dandelion":1,"minecraft:crafting_table":1,"minecraft:glow_lichen":1,"minecraft:granite":2,"minecraft:short_grass":59,"minecraft:grass_block":4,"minecraft:tall_grass":12,"minecraft:copper_ore":14,"minecraft:cobblestone":86,"minecraft:lapis_ore":10,"minecraft:oak_planks":9,"minecraft:diorite":109,"minecraft:wall_torch":3,"minecraft:hay_block":1,"minecraft:redstone_ore":10,"minecraft:furnace":3,"minecraft:carrots":1,"minecraft:iron_ore":136,"minecraft:andesite":6,"minecraft:yellow_bed":1,"minecraft:coal_ore":33,"minecraft:oak_log":15,"minecraft:deepslate_iron_ore":6,"minecraft:gravel":10,"minecraft:dirt":17,"minecraft:stone":574,"minecraft:gold_ore":17,"minecraft:oak_leaves":5},"minecraft:picked_up":{"minecraft:crafting_table":3,"minecraft:iron_chestplate":9,"minecraft:wheat":2,"minecraft:feather":10,"minecraft:cooked_beef":19,"minecraft:chicken":4,"minecraft:water_bucket":1,"minecraft:andesite":7,"minecraft:leather":9,"minecraft:lead":1,"minecraft:wooden_pickaxe":7,"minecraft:yellow_bed":1,"minecraft:oak_log":15,"minecraft:gunpowder":1,"minecraft:shield":4,"minecraft:cobblestone_stairs":1,"minecraft:lapis_lazuli":118,"minecraft:dirt":36,"minecraft:raw_copper":259,"minecraft:iron_leggings":5,"minecraft:bone":16,"minecraft:wheat_seeds":13,"minecraft:raw_gold":42,"minecraft:beef":18,"minecraft:stone_pickaxe":9,"minecraft:iron_ingot":18,"minecraft:cooked_chicken":2,"minecraft:iron_pickaxe":9,"minecraft:iron_sword":6,"minecraft:oak_planks":95,"minecraft:iron_boots":2,"minecraft:furnace":3,"minecraft:stick":80,"minecraft:raw_iron":297,"minecraft:cooked_porkchop":26,"minecraft:torch":44,"minecraft:dandelion":1,"minecraft:gravel":26,"minecraft:porkchop":61,"minecraft:diorite":427,"minecraft:carrot":4,"minecraft:spider_eye":1,"minecraft:redstone":42,"minecraft:leather_helmet":3,"minecraft:arrow":21,"minecraft:rotten_flesh":65,"minecraft:hay_block":4,"minecraft:iron_helmet":5,"minecraft:granite":4,"minecraft:mutton":6,"minecraft:coal":64,"minecraft:white_wool":6,"minecraft:cobblestone":1490},"minecraft:killed":{"minecraft:pig":18,"minecraft:bat":1,"minecraft:skeleton":7,"minecraft:sheep":4,"minecraft:zombie":22,"minecraft:chicken":3,"minecraft:villager":6,"minecraft:cow":8}},"DataVersion":3953}