{"stats":{"minecraft:crafted":{"minecraft:oak_planks":44,"minecraft:crafting_table":1,"minecraft:wooden_pickaxe":1,"minecraft:furnace":1,"minecraft:air":0,"minecraft:stick":36,"minecraft:iron_ingot":5,"minecraft:iron_pickaxe":1,"minecraft:stone_pickaxe":3,"minecraft:chest":1,"minecraft:white_bed":1,"minecraft:torch":4},"minecraft:broken":{"minecraft:stone_pickaxe":3},"minecraft:picked_up":{"minecraft:andesite":2,"minecraft:lead":1,"minecraft:wooden_pickaxe":3,"minecraft:oak_log":11,"minecraft:lapis_lazuli":64,"minecraft:dirt":19,"minecraft:raw_copper":84,"minecraft:wheat_seeds":1,"minecraft:stone_pickaxe":4,"minecraft:iron_ingot":12,"minecraft:iron_pickaxe":1,"minecraft:oak_planks":48,"minecraft:stick":23,"minecraft:raw_iron":19,"minecraft:torch":1,"minecraft:dandelion":1,"minecraft:gravel":21,"minecraft:porkchop":3,"minecraft:diorite":213,"minecraft:rotten_flesh":4,"minecraft:granite":3,"minecraft:mutton":6,"minecraft:coal":42,"minecraft:white_wool":6,"minecraft:cobblestone":869},"minecraft:custom":{"minecraft:interact_with_furnace":12,"minecraft:mob_kills":10,"minecraft:interact_with_crafting_table":32,"minecraft:leave_game":6,"minecraft:time_since_death":1260,"minecraft:sleep_in_bed":2,"minecraft:time_since_rest":1288,"minecraft:sprint_one_cm":65296,"minecraft:damage_taken":1219,"minecraft:walk_one_cm":87262,"minecraft:damage_dealt":1460,"minecraft:swim_one_cm":2207,"minecraft:talked_to_villager":2,"minecraft:fly_one_cm":62484,"minecraft:open_chest":12,"minecraft:crouch_one_cm":2693,"minecraft:play_time":61677,"minecraft:deaths":4,"minecraft:sneak_time":2202,"minecraft:walk_under_water_one_cm":548,"minecraft:jump":999,"minecraft:walk_on_water_one_cm":145,"minecraft:total_world_time":61677,"minecraft:fall_one_cm":13964},"minecraft:killed_by":{"minecraft:skeleton":1,"minecraft:creeper":2,"minecraft:zombie":1},"minecraft:killed":{"minecraft:sheep":4,"minecraft:zombie":4},"minecraft:mined":{"minecraft:dandelion":1,"minecraft:granite":2,"minecraft:short_grass":10,"minecraft:grass_block":3,"minecraft:copper_ore":13,"minecraft:cobblestone":6,"minecraft:lapis_ore":6,"minecraft:oak_planks":1,"minecraft:diorite":83,"minecraft:wall_torch":1,"minecraft:iron_ore":12,"minecraft:andesite":2,"minecraft:oak_log":11,"minecraft:coal_ore":23,"minecraft:gravel":8,"minecraft:dirt":11,"minecraft:stone":462},"minecraft:used":{"minecraft:diorite":4,"minecraft:stone_pickaxe":374,"minecraft:oak_planks":6,"minecraft:chest":1,"minecraft:wooden_pickaxe":47,"minecraft:torch":5,"minecraft:dirt":11,"minecraft:mutton":6,"minecraft:crafting_table":1,"minecraft:white_bed":1,"minecraft:granite":1,"minecraft:iron_pickaxe":243,"minecraft:cobblestone":130,"minecraft:furnace":1,"minecraft:porkchop":1}},"DataVersion":3953}