{"stats":{"minecraft:dropped":{"minecraft:iron_ingot":3,"minecraft:wheat_seeds":5,"minecraft:cooked_beef":6,"minecraft:cooked_porkchop":10,"minecraft:feather":6,"minecraft:cobblestone":45,"minecraft:rail":24,"minecraft:leather_helmet":2,"minecraft:stick":36,"minecraft:dirt":2,"minecraft:iron_axe":1,"minecraft:iron_pickaxe":1,"minecraft:bone":4,"minecraft:raw_iron":1,"minecraft:rotten_flesh":25,"minecraft:oak_planks":8,"minecraft:iron_chestplate":1,"minecraft:melon_seeds":4,"minecraft:arrow":6,"minecraft:stone_pickaxe":3,"minecraft:wooden_pickaxe":3,"minecraft:raw_gold":1},"minecraft:broken":{"minecraft:stone_pickaxe":3,"minecraft:shield":1,"minecraft:iron_sword":1},"minecraft:killed_by":{"minecraft:player":2,"minecraft:creeper":4,"minecraft:spider":1,"minecraft:skeleton":6,"minecraft:zombie":12},"minecraft:crafted":{"minecraft:oak_planks":60,"minecraft:cooked_chicken":2,"minecraft:furnace":1,"minecraft:iron_boots":1,"minecraft:stone_pickaxe":6,"minecraft:chest":2,"minecraft:cooked_beef":18,"minecraft:cooked_porkchop":39,"minecraft:crafting_table":1,"minecraft:wooden_pickaxe":2,"minecraft:iron_helmet":1,"minecraft:iron_sword":2,"minecraft:air":0,"minecraft:iron_chestplate":1,"minecraft:shield":1,"minecraft:stick":56,"minecraft:iron_ingot":43,"minecraft:iron_pickaxe":3,"minecraft:iron_leggings":1,"minecraft:white_bed":1,"minecraft:torch":20},"minecraft:used":{"minecraft:chest":2,"minecraft:shield":52,"minecraft:iron_sword":317,"minecraft:rotten_flesh":1,"minecraft:cooked_chicken":2,"minecraft:iron_chestplate":1,"minecraft:torch":48,"minecraft:dirt":13,"minecraft:mutton":6,"minecraft:carrot":2,"minecraft:granite":1,"minecraft:furnace":4,"minecraft:cooked_beef":5,"minecraft:diorite":54,"minecraft:stone_pickaxe":505,"minecraft:oak_planks":10,"minecraft:wooden_pickaxe":67,"minecraft:golden_apple":1,"minecraft:crafting_table":4,"minecraft:white_bed":1,"minecraft:chicken":1,"minecraft:bread":2,"minecraft:iron_pickaxe":564,"minecraft:cobblestone":316,"minecraft:cooked_porkchop":19,"minecraft:porkchop":2,"minecraft:yellow_bed":2,"minecraft:chest_minecart":2},"minecraft:custom":{"minecraft:mob_kills":74,"minecraft:interact_with_crafting_table":80,"minecraft:bell_ring":11,"minecraft:leave_game":10,"minecraft:time_since_death":6676,"minecraft:sprint_one_cm":458251,"minecraft:walk_one_cm":330481,"minecraft:damage_blocked_by_shield":2987,"minecraft:drop":52,"minecraft:talked_to_villager":22,"minecraft:play_time":214892,"minecraft:deaths":26,"minecraft:sneak_time":6464,"minecraft:walk_under_water_one_cm":10348,"minecraft:jump":4149,"minecraft:walk_on_water_one_cm":11201,"minecraft:total_world_time":214892,"minecraft:interact_with_furnace":83,"minecraft:sleep_in_bed":11,"minecraft:time_since_rest":2761,"minecraft:damage_taken":9813,"minecraft:damage_absorbed":40,"minecraft:damage_dealt":11520,"minecraft:player_kills":3,"minecraft:swim_one_cm":5007,"minecraft:fly_one_cm":546112,"minecraft:open_chest":38,"minecraft:crouch_one_cm":13163,"minecraft:fall_one_cm":81535},"minecraft:mined":{"minecraft:white_bed":1,"minecraft:cobblestone_stairs":1,"minecraft:glow_lichen":1,"minecraft:granite":7,"minecraft:grass_block":4,"minecraft:hay_block":1,"minecraft:redstone_ore":10,"minecraft:carrots":1,"minecraft:furnace":3,"minecraft:iron_ore":137,"minecraft:andesite":6,"minecraft:deepslate_iron_ore":7,"minecraft:rail":2,"minecraft:stone":583,"minecraft:dandelion":1,"minecraft:crafting_table":1,"minecraft:oak_fence":1,"minecraft:short_grass":59,"minecraft:cobblestone":91,"minecraft:copper_ore":14,"minecraft:tall_grass":12,"minecraft:lapis_ore":10,"minecraft:oak_planks":10,"minecraft:diorite":115,"minecraft:wall_torch":3,"minecraft:yellow_bed":2,"minecraft:oak_log":15,"minecraft:coal_ore":53,"minecraft:dirt":17,"minecraft:gravel":10,"minecraft:gold_ore":17,"minecraft:oak_leaves":5,"minecraft:deepslate":6},"minecraft:picked_up":{"minecraft:iron_chestplate":11,"minecraft:crafting_table":3,"minecraft:wheat":2,"minecraft:chicken":4,"minecraft:chest_minecart":3,"minecraft:lead":1,"minecraft:wooden_pickaxe":9,"minecraft:shield":4,"minecraft:iron_axe":1,"minecraft:raw_copper":329,"minecraft:iron_leggings":7,"minecraft:activator_rail":8,"minecraft:cobbled_deepslate":6,"minecraft:beef":18,"minecraft:iron_pickaxe":11,"minecraft:iron_boots":2,"minecraft:furnace":3,"minecraft:stick":90,"minecraft:raw_iron":303,"minecraft:oak_fence":1,"minecraft:torch":67,"minecraft:porkchop":61,"minecraft:diorite":463,"minecraft:carrot":4,"minecraft:redstone":42,"minecraft:arrow":39,"minecraft:rotten_flesh":73,"minecraft:beetroot_seeds":8,"minecraft:hay_block":4,"minecraft:mutton":6,"minecraft:rail":40,"minecraft:white_wool":6,"minecraft:cobblestone":1548,"minecraft:feather":10,"minecraft:cooked_beef":19,"minecraft:water_bucket":1,"minecraft:andesite":7,"minecraft:leather":9,"minecraft:oak_log":15,"minecraft:yellow_bed":2,"minecraft:gunpowder":1,"minecraft:cobblestone_stairs":1,"minecraft:lapis_lazuli":130,"minecraft:dirt":36,"minecraft:bone":21,"minecraft:bow":1,"minecraft:wheat_seeds":13,"minecraft:raw_gold":42,"minecraft:iron_ingot":26,"minecraft:stone_pickaxe":11,"minecraft:cooked_chicken":2,"minecraft:oak_planks":119,"minecraft:iron_sword":7,"minecraft:cooked_porkchop":26,"minecraft:dandelion":1,"minecraft:gravel":26,"minecraft:spider_eye":1,"minecraft:leather_helmet":3,"minecraft:diamond":1,"minecraft:iron_helmet":7,"minecraft:granite":9,"minecraft:melon_seeds":4,"minecraft:coal":84},"minecraft:killed":{"minecraft:cave_spider":1,"minecraft:skeleton":8,"minecraft:chicken":3,"minecraft:pig":18,"minecraft:bat":1,"minecraft:sheep":4,"minecraft:zombie":22,"minecraft:villager":6,"minecraft:cow":8}},"DataVersion":3953}