{"stats":{"minecraft:crafted":{"minecraft:oak_planks":44,"minecraft:crafting_table":1,"minecraft:stick":36,"minecraft:iron_ingot":5,"minecraft:wooden_pickaxe":1,"minecraft:iron_pickaxe":1,"minecraft:stone_pickaxe":3,"minecraft:chest":1,"minecraft:furnace":1,"minecraft:white_bed":1,"minecraft:torch":4,"minecraft:air":0},"minecraft:broken":{"minecraft:stone_pickaxe":2},"minecraft:picked_up":{"minecraft:raw_iron":5,"minecraft:lead":1,"minecraft:wooden_pickaxe":2,"minecraft:dandelion":1,"minecraft:gravel":18,"minecraft:porkchop":3,"minecraft:oak_log":11,"minecraft:diorite":163,"minecraft:dirt":19,"minecraft:raw_copper":21,"minecraft:rotten_flesh":2,"minecraft:wheat_seeds":1,"minecraft:iron_ingot":10,"minecraft:stone_pickaxe":4,"minecraft:oak_planks":45,"minecraft:mutton":6,"minecraft:coal":5,"minecraft:white_wool":6,"minecraft:cobblestone":505},"minecraft:custom":{"minecraft:time_since_rest":9797,"minecraft:interact_with_furnace":11,"minecraft:sprint_one_cm":50187,"minecraft:damage_taken":1042,"minecraft:walk_one_cm":60893,"minecraft:mob_kills":10,"minecraft:damage_dealt":1460,"minecraft:talked_to_villager":2,"minecraft:swim_one_cm":2207,"minecraft:interact_with_crafting_table":31,"minecraft:fly_one_cm":57394,"minecraft:open_chest":11,"minecraft:crouch_one_cm":652,"minecraft:play_time":49677,"minecraft:deaths":3,"minecraft:sneak_time":1044,"minecraft:walk_under_water_one_cm":548,"minecraft:jump":789,"minecraft:leave_game":6,"minecraft:walk_on_water_one_cm":145,"minecraft:time_since_death":11952,"minecraft:sleep_in_bed":2,"minecraft:total_world_time":49677,"minecraft:fall_one_cm":13755},"minecraft:killed_by":{"minecraft:skeleton":1,"minecraft:creeper":1,"minecraft:zombie":1},"minecraft:mined":{"minecraft:iron_ore":5,"minecraft:dandelion":1,"minecraft:short_grass":10,"minecraft:coal_ore":5,"minecraft:grass_block":3,"minecraft:oak_log":11,"minecraft:gravel":8,"minecraft:dirt":11,"minecraft:cobblestone":4,"minecraft:copper_ore":3,"minecraft:stone":299,"minecraft:oak_planks":1,"minecraft:diorite":61},"minecraft:killed":{"minecraft:sheep":4,"minecraft:zombie":4},"minecraft:used":{"minecraft:diorite":4,"minecraft:stone_pickaxe":315,"minecraft:iron_pickaxe":69,"minecraft:oak_planks":6,"minecraft:chest":1,"minecraft:wooden_pickaxe":47,"minecraft:torch":2,"minecraft:cobblestone":78,"minecraft:dirt":11,"minecraft:mutton":6,"minecraft:crafting_table":1,"minecraft:furnace":1,"minecraft:porkchop":1,"minecraft:white_bed":1}},"DataVersion":3953}