{"stats":{"minecraft:crafted":{"minecraft:oak_planks":52,"minecraft:cooked_porkchop":9,"minecraft:crafting_table":1,"minecraft:wooden_pickaxe":1,"minecraft:iron_sword":1,"minecraft:furnace":1,"minecraft:air":0,"minecraft:shield":1,"minecraft:stick":36,"minecraft:iron_ingot":12,"minecraft:iron_pickaxe":2,"minecraft:stone_pickaxe":3,"minecraft:chest":1,"minecraft:white_bed":1,"minecraft:torch":4},"minecraft:dropped":{"minecraft:iron_ingot":3,"minecraft:wheat_seeds":4,"minecraft:feather":6},"minecraft:broken":{"minecraft:stone_pickaxe":3},"minecraft:picked_up":{"minecraft:feather":6,"minecraft:chicken":2,"minecraft:andesite":3,"minecraft:lead":1,"minecraft:wooden_pickaxe":4,"minecraft:oak_log":13,"minecraft:lapis_lazuli":96,"minecraft:dirt":19,"minecraft:raw_copper":119,"minecraft:wheat_seeds":5,"minecraft:stone_pickaxe":4,"minecraft:iron_ingot":14,"minecraft:iron_pickaxe":2,"minecraft:oak_planks":51,"minecraft:stick":46,"minecraft:raw_iron":19,"minecraft:torch":1,"minecraft:dandelion":1,"minecraft:gravel":24,"minecraft:porkchop":16,"minecraft:diorite":241,"minecraft:rotten_flesh":6,"minecraft:granite":4,"minecraft:mutton":6,"minecraft:coal":42,"minecraft:white_wool":6,"minecraft:cobblestone":1074},"minecraft:custom":{"minecraft:interact_with_furnace":25,"minecraft:mob_kills":17,"minecraft:interact_with_crafting_table":48,"minecraft:leave_game":6,"minecraft:time_since_death":10715,"minecraft:sleep_in_bed":2,"minecraft:time_since_rest":10740,"minecraft:sprint_one_cm":101171,"minecraft:damage_taken":1644,"minecraft:walk_one_cm":100707,"minecraft:drop":5,"minecraft:damage_dealt":2185,"minecraft:swim_one_cm":2207,"minecraft:talked_to_villager":2,"minecraft:fly_one_cm":108627,"minecraft:open_chest":23,"minecraft:crouch_one_cm":2818,"minecraft:play_time":73677,"minecraft:deaths":5,"minecraft:sneak_time":2246,"minecraft:walk_under_water_one_cm":548,"minecraft:jump":1266,"minecraft:walk_on_water_one_cm":145,"minecraft:total_world_time":73677,"minecraft:fall_one_cm":19222},"minecraft:killed_by":{"minecraft:skeleton":1,"minecraft:creeper":2,"minecraft:spider":1,"minecraft:zombie":1},"minecraft:mined":{"minecraft:dandelion":1,"minecraft:granite":2,"minecraft:short_grass":17,"minecraft:grass_block":4,"minecraft:tall_grass":2,"minecraft:copper_ore":13,"minecraft:cobblestone":6,"minecraft:lapis_ore":6,"minecraft:oak_planks":1,"minecraft:diorite":83,"minecraft:wall_torch":1,"minecraft:iron_ore":12,"minecraft:andesite":2,"minecraft:oak_log":13,"minecraft:coal_ore":23,"minecraft:gravel":8,"minecraft:dirt":11,"minecraft:stone":462},"minecraft:killed":{"minecraft:pig":5,"minecraft:sheep":4,"minecraft:zombie":4,"minecraft:chicken":2},"minecraft:used":{"minecraft:diorite":4,"minecraft:stone_pickaxe":374,"minecraft:oak_planks":6,"minecraft:chest":1,"minecraft:wooden_pickaxe":47,"minecraft:iron_sword":23,"minecraft:torch":5,"minecraft:dirt":11,"minecraft:mutton":6,"minecraft:crafting_table":1,"minecraft:white_bed":1,"minecraft:granite":1,"minecraft:iron_pickaxe":243,"minecraft:cobblestone":130,"minecraft:cooked_porkchop":2,"minecraft:furnace":1,"minecraft:porkchop":1}},"DataVersion":3953}