{"stats":{"minecraft:mined":{"minecraft:short_grass":1},"minecraft:picked_up":{"minecraft:feather":9,"minecraft:ender_chest":1,"minecraft:quartz_slab":1,"minecraft:wheat_seeds":12,"minecraft:netherite_sword":1,"minecraft:poppy":18,"minecraft:spruce_slab":1,"minecraft:stone":1,"minecraft:dandelion":13,"minecraft:lava_bucket":3,"minecraft:stone_button":1,"minecraft:grass_block":1,"minecraft:redstone":1,"minecraft:quartz_block":1,"minecraft:black_concrete":1,"minecraft:white_concrete":1,"minecraft:mutton":3,"minecraft:white_wool":3},"minecraft:crafted":{"minecraft:chainmail_boots":2},"minecraft:used":{"minecraft:calcite":1,"minecraft:netherite_sword":10,"minecraft:warped_stem":1,"minecraft:spruce_slab":871,"minecraft:poppy":15,"minecraft:oak_planks":54,"minecraft:bamboo_sign":1,"minecraft:ender_chest":5,"minecraft:stone":5,"minecraft:spruce_sign":1,"minecraft:warped_sign":3,"minecraft:glow_ink_sac":7,"minecraft:smooth_quartz_stairs":160,"minecraft:glow_item_frame":6,"minecraft:blue_dye":1,"minecraft:anvil":1,"minecraft:birch_sign":1,"minecraft:warped_door":2,"minecraft:mangrove_sign":1,"minecraft:spruce_log":33,"minecraft:mud_brick_stairs":10,"minecraft:birch_fence":170,"minecraft:deepslate_tiles":12,"minecraft:black_terracotta":3,"minecraft:glass":8,"minecraft:yellow_dye":1,"minecraft:black_concrete":192,"minecraft:lava_bucket":319,"minecraft:gray_dye":1,"minecraft:command_block":1,"minecraft:quartz_slab":345,"minecraft:grass_block":180,"minecraft:barrier":175,"minecraft:quartz_block":169,"minecraft:stone_slab":28,"minecraft:smooth_quartz":58,"minecraft:lime_dye":1,"minecraft:purple_dye":1,"minecraft:crimson_sign":1,"minecraft:spruce_hanging_sign":2,"minecraft:chainmail_boots":1,"minecraft:smithing_table":1,"minecraft:bucket":3,"minecraft:white_concrete":1,"minecraft:red_dye":1,"minecraft:dandelion":28,"minecraft:diamond_leggings":1,"minecraft:splash_potion":371,"minecraft:bone_meal":89},"minecraft:killed":{"minecraft:parrot":9,"minecraft:sheep":2},"minecraft:dropped":{"minecraft:wheat_seeds":2,"minecraft:grass_block":2,"minecraft:stone":1,"minecraft:stone_button":1,"minecraft:mutton":1,"minecraft:spruce_slab":1,"minecraft:calcite":1,"minecraft:white_wool":1,"minecraft:dandelion":9},"minecraft:custom":{"minecraft:interact_with_smithing_table":4,"minecraft:interact_with_anvil":13,"minecraft:mob_kills":11,"minecraft:leave_game":2,"minecraft:time_since_death":69393,"minecraft:climb_one_cm":222,"minecraft:time_since_rest":69442,"minecraft:open_enderchest":1,"minecraft:sprint_one_cm":84698,"minecraft:damage_taken":1380,"minecraft:walk_one_cm":301949,"minecraft:drop":11,"minecraft:damage_dealt":1661,"minecraft:swim_one_cm":522,"minecraft:player_kills":1,"minecraft:fly_one_cm":864416,"minecraft:crouch_one_cm":29938,"minecraft:play_time":145045,"minecraft:deaths":1,"minecraft:sneak_time":5297,"minecraft:walk_under_water_one_cm":6342,"minecraft:jump":831,"minecraft:walk_on_water_one_cm":4655,"minecraft:total_world_time":145045,"minecraft:fall_one_cm":5339},"minecraft:killed_by":{"minecraft:player":1}},"DataVersion":3953}