{"stats":{"minecraft:used":{"minecraft:bone_meal":84,"minecraft:grass_block":137},"minecraft:custom":{"minecraft:jump":162,"minecraft:time_since_rest":23967,"minecraft:sprint_one_cm":31790,"minecraft:play_time":23967,"minecraft:walk_on_water_one_cm":1778,"minecraft:time_since_death":23967,"minecraft:walk_one_cm":30593,"minecraft:sneak_time":71,"minecraft:total_world_time":23967,"minecraft:walk_under_water_one_cm":1887,"minecraft:swim_one_cm":522,"minecraft:drop":1,"minecraft:fall_one_cm":1579,"minecraft:fly_one_cm":264201},"minecraft:dropped":{"minecraft:stone_button":1},"minecraft:picked_up":{"minecraft:stone_button":1,"minecraft:dandelion":1},"minecraft:mined":{"minecraft:short_grass":1}},"DataVersion":3953}