{"stats":{"minecraft:mined":{"minecraft:short_grass":1},"minecraft:picked_up":{"minecraft:feather":8,"minecraft:dandelion":4,"minecraft:stone_button":1,"minecraft:wheat_seeds":10,"minecraft:poppy":4,"minecraft:mutton":2,"minecraft:white_wool":2},"minecraft:used":{"minecraft:calcite":1,"minecraft:black_terracotta":3,"minecraft:glass":8,"minecraft:netherite_sword":9,"minecraft:warped_stem":1,"minecraft:black_concrete":187,"minecraft:quartz_slab":345,"minecraft:grass_block":169,"minecraft:oak_planks":54,"minecraft:poppy":15,"minecraft:quartz_block":106,"minecraft:ender_chest":5,"minecraft:stone":2,"minecraft:warped_door":2,"minecraft:white_concrete":1,"minecraft:dandelion":28,"minecraft:spruce_log":24,"minecraft:bone_meal":89},"minecraft:killed":{"minecraft:sheep":2,"minecraft:parrot":8},"minecraft:dropped":{"minecraft:stone":1,"minecraft:wheat_seeds":2,"minecraft:stone_button":1,"minecraft:mutton":1,"minecraft:calcite":1,"minecraft:white_wool":1,"minecraft:grass_block":2},"minecraft:custom":{"minecraft:time_since_rest":66275,"minecraft:sprint_one_cm":59107,"minecraft:walk_one_cm":109281,"minecraft:mob_kills":10,"minecraft:drop":9,"minecraft:damage_dealt":615,"minecraft:swim_one_cm":522,"minecraft:fly_one_cm":520572,"minecraft:crouch_one_cm":3504,"minecraft:play_time":66275,"minecraft:sneak_time":829,"minecraft:walk_under_water_one_cm":1887,"minecraft:jump":473,"minecraft:leave_game":1,"minecraft:time_since_death":66275,"minecraft:walk_on_water_one_cm":1778,"minecraft:total_world_time":66275,"minecraft:fall_one_cm":1579}},"DataVersion":3953}