{"stats":{"minecraft:mined":{"minecraft:short_grass":1},"minecraft:picked_up":{"minecraft:stone":1,"minecraft:feather":9,"minecraft:ender_chest":1,"minecraft:dandelion":13,"minecraft:lava_bucket":3,"minecraft:stone_button":1,"minecraft:grass_block":1,"minecraft:redstone":1,"minecraft:quartz_block":1,"minecraft:quartz_slab":1,"minecraft:black_concrete":1,"minecraft:wheat_seeds":12,"minecraft:netherite_sword":1,"minecraft:white_concrete":1,"minecraft:spruce_slab":1,"minecraft:poppy":18,"minecraft:mutton":3,"minecraft:white_wool":3},"minecraft:used":{"minecraft:deepslate_tiles":12,"minecraft:calcite":1,"minecraft:black_terracotta":3,"minecraft:glass":8,"minecraft:netherite_sword":10,"minecraft:warped_stem":1,"minecraft:black_concrete":192,"minecraft:lava_bucket":319,"minecraft:quartz_slab":345,"minecraft:spruce_slab":677,"minecraft:grass_block":173,"minecraft:barrier":175,"minecraft:oak_planks":54,"minecraft:poppy":15,"minecraft:quartz_block":129,"minecraft:ender_chest":5,"minecraft:stone":5,"minecraft:smooth_quartz":58,"minecraft:smooth_quartz_stairs":160,"minecraft:bucket":3,"minecraft:warped_door":2,"minecraft:white_concrete":1,"minecraft:diamond_leggings":1,"minecraft:dandelion":28,"minecraft:spruce_log":24,"minecraft:bone_meal":89,"minecraft:splash_potion":370},"minecraft:killed":{"minecraft:sheep":2,"minecraft:parrot":9},"minecraft:dropped":{"minecraft:stone":1,"minecraft:wheat_seeds":2,"minecraft:stone_button":1,"minecraft:mutton":1,"minecraft:spruce_slab":1,"minecraft:calcite":1,"minecraft:white_wool":1,"minecraft:grass_block":2,"minecraft:dandelion":9},"minecraft:custom":{"minecraft:time_since_rest":32672,"minecraft:damage_taken":1380,"minecraft:open_enderchest":1,"minecraft:sprint_one_cm":80835,"minecraft:walk_one_cm":231980,"minecraft:mob_kills":11,"minecraft:drop":11,"minecraft:damage_dealt":1641,"minecraft:swim_one_cm":522,"minecraft:fly_one_cm":707142,"minecraft:player_kills":1,"minecraft:crouch_one_cm":26223,"minecraft:play_time":108275,"minecraft:deaths":1,"minecraft:sneak_time":4140,"minecraft:walk_under_water_one_cm":1887,"minecraft:jump":714,"minecraft:leave_game":1,"minecraft:time_since_death":32623,"minecraft:walk_on_water_one_cm":1778,"minecraft:total_world_time":108275,"minecraft:fall_one_cm":5339},"minecraft:killed_by":{"minecraft:player":1}},"DataVersion":3953}