{"stats":{"minecraft:dropped":{"minecraft:wheat_seeds":2,"minecraft:pointed_dripstone":3,"minecraft:barrier":1,"minecraft:grass_block":2,"minecraft:stick":73,"minecraft:stone":1,"minecraft:shield":3,"minecraft:stone_button":1,"minecraft:mutton":1,"minecraft:quartz_block":1,"minecraft:leather_boots":5,"minecraft:wooden_sword":2,"minecraft:spruce_slab":1,"minecraft:bow":3,"minecraft:calcite":1,"minecraft:white_wool":1,"minecraft:dandelion":9},"minecraft:crafted":{"minecraft:chainmail_boots":2},"minecraft:killed_by":{"minecraft:player":2},"minecraft:used":{"minecraft:calcite":1,"minecraft:warped_stem":1,"minecraft:netherite_sword":11,"minecraft:flint_and_steel":14,"minecraft:spruce_slab":874,"minecraft:oak_planks":54,"minecraft:poppy":15,"minecraft:bamboo_sign":1,"minecraft:ender_pearl":3,"minecraft:ender_chest":5,"minecraft:stone":14,"minecraft:spruce_sign":15,"minecraft:white_dye":3,"minecraft:warped_sign":3,"minecraft:quartz_stairs":50,"minecraft:glow_ink_sac":14,"minecraft:leather_boots":4,"minecraft:netherrack":22,"minecraft:smooth_quartz_stairs":160,"minecraft:glow_item_frame":8,"minecraft:blue_dye":1,"minecraft:anvil":2,"minecraft:birch_sign":1,"minecraft:warped_door":2,"minecraft:mangrove_sign":1,"minecraft:mud_brick_stairs":10,"minecraft:spruce_log":33,"minecraft:bamboo_button":3,"minecraft:birch_fence":170,"minecraft:deepslate_tiles":12,"minecraft:glass":8,"minecraft:black_terracotta":3,"minecraft:ravager_spawn_egg":5,"minecraft:yellow_dye":1,"minecraft:black_concrete":192,"minecraft:lava_bucket":319,"minecraft:gray_dye":4,"minecraft:quartz_slab":367,"minecraft:command_block":29,"minecraft:light_gray_concrete":19,"minecraft:grass_block":272,"minecraft:barrier":263,"minecraft:oak_button":13,"minecraft:quartz_block":227,"minecraft:stone_slab":28,"minecraft:smooth_quartz":58,"minecraft:lime_dye":1,"minecraft:purple_dye":1,"minecraft:item_frame":4,"minecraft:crimson_sign":1,"minecraft:spruce_hanging_sign":2,"minecraft:wooden_sword":3,"minecraft:cobblestone":1,"minecraft:potion":1,"minecraft:chainmail_boots":1,"minecraft:smithing_table":1,"minecraft:chain":2,"minecraft:bucket":3,"minecraft:enchanted_golden_apple":8,"minecraft:white_concrete":2,"minecraft:red_dye":3,"minecraft:dandelion":28,"minecraft:splash_potion":371,"minecraft:bone_meal":89,"minecraft:diamond_leggings":1},"minecraft:custom":{"minecraft:interact_with_smithing_table":4,"minecraft:interact_with_anvil":21,"minecraft:mob_kills":20,"minecraft:leave_game":24,"minecraft:time_since_death":132742,"minecraft:climb_one_cm":962,"minecraft:damage_resisted":386,"minecraft:damage_absorbed":835,"minecraft:time_since_rest":132775,"minecraft:open_enderchest":1,"minecraft:sprint_one_cm":222108,"minecraft:damage_taken":2623,"minecraft:walk_one_cm":534100,"minecraft:drop":39,"minecraft:damage_dealt":2455,"minecraft:damage_dealt_absorbed":4,"minecraft:swim_one_cm":3205,"minecraft:fly_one_cm":1680340,"minecraft:player_kills":2,"minecraft:crouch_one_cm":31602,"minecraft:play_time":443190,"minecraft:deaths":3,"minecraft:sneak_time":6523,"minecraft:walk_under_water_one_cm":15589,"minecraft:jump":1617,"minecraft:walk_on_water_one_cm":11180,"minecraft:total_world_time":443190,"minecraft:fall_one_cm":17102},"minecraft:mined":{"minecraft:short_grass":1,"minecraft:tall_grass":3},"minecraft:picked_up":{"minecraft:feather":9,"minecraft:chainmail_boots":1,"minecraft:ender_chest":1,"minecraft:potion":1,"minecraft:item_frame":1,"minecraft:quartz_slab":1,"minecraft:wheat_seeds":15,"minecraft:netherite_sword":1,"minecraft:poppy":18,"minecraft:spruce_slab":1,"minecraft:crimson_sign":1,"minecraft:stick":1,"minecraft:stone":1,"minecraft:glow_item_frame":7,"minecraft:dandelion":14,"minecraft:lava_bucket":3,"minecraft:stone_button":1,"minecraft:pointed_dripstone":3,"minecraft:mangrove_sign":1,"minecraft:grass_block":2,"minecraft:redstone":1,"minecraft:dragon_egg":1,"minecraft:bamboo_button":3,"minecraft:quartz_block":3,"minecraft:black_concrete":1,"minecraft:soul_lantern":2,"minecraft:birch_sign":1,"minecraft:white_concrete":1,"minecraft:spruce_sign":1,"minecraft:totem_of_undying":1,"minecraft:oak_button":7,"minecraft:mutton":3,"minecraft:obsidian":1,"minecraft:white_wool":3},"minecraft:killed":{"minecraft:parrot":10,"minecraft:frog":3,"minecraft:sheep":2}},"DataVersion":3953}