{"stats":{"minecraft:mined":{"minecraft:short_grass":1},"minecraft:picked_up":{"minecraft:stone":1,"minecraft:feather":9,"minecraft:ender_chest":1,"minecraft:dandelion":5,"minecraft:lava_bucket":3,"minecraft:stone_button":1,"minecraft:grass_block":1,"minecraft:quartz_block":1,"minecraft:quartz_slab":1,"minecraft:black_concrete":1,"minecraft:wheat_seeds":10,"minecraft:netherite_sword":1,"minecraft:white_concrete":1,"minecraft:poppy":7,"minecraft:mutton":3,"minecraft:white_wool":3},"minecraft:used":{"minecraft:calcite":1,"minecraft:black_terracotta":3,"minecraft:glass":8,"minecraft:netherite_sword":10,"minecraft:warped_stem":1,"minecraft:black_concrete":187,"minecraft:lava_bucket":143,"minecraft:quartz_slab":345,"minecraft:grass_block":171,"minecraft:barrier":58,"minecraft:oak_planks":54,"minecraft:poppy":15,"minecraft:quartz_block":115,"minecraft:ender_chest":5,"minecraft:stone":5,"minecraft:warped_door":2,"minecraft:white_concrete":1,"minecraft:dandelion":28,"minecraft:spruce_log":24,"minecraft:bone_meal":89,"minecraft:splash_potion":370},"minecraft:killed":{"minecraft:sheep":2,"minecraft:parrot":9},"minecraft:dropped":{"minecraft:stone":1,"minecraft:wheat_seeds":2,"minecraft:stone_button":1,"minecraft:mutton":1,"minecraft:calcite":1,"minecraft:white_wool":1,"minecraft:grass_block":2},"minecraft:custom":{"minecraft:time_since_rest":2672,"minecraft:damage_taken":1380,"minecraft:open_enderchest":1,"minecraft:sprint_one_cm":74615,"minecraft:walk_one_cm":134474,"minecraft:mob_kills":11,"minecraft:drop":9,"minecraft:damage_dealt":1641,"minecraft:swim_one_cm":522,"minecraft:fly_one_cm":566048,"minecraft:player_kills":1,"minecraft:crouch_one_cm":7013,"minecraft:play_time":78275,"minecraft:deaths":1,"minecraft:sneak_time":1568,"minecraft:walk_under_water_one_cm":1887,"minecraft:jump":611,"minecraft:leave_game":1,"minecraft:time_since_death":2623,"minecraft:walk_on_water_one_cm":1778,"minecraft:total_world_time":78275,"minecraft:fall_one_cm":5339},"minecraft:killed_by":{"minecraft:player":1}},"DataVersion":3953}