{"stats":{"minecraft:used":{"minecraft:water_bucket":2,"minecraft:end_rod":14,"minecraft:acacia_log":3,"minecraft:oak_planks":1,"minecraft:wooden_shovel":67,"minecraft:rotten_flesh":3,"minecraft:golden_apple":11,"minecraft:dirt":173,"minecraft:mutton":2,"minecraft:spruce_log":3,"minecraft:lava_bucket":2,"minecraft:chicken":1,"minecraft:diamond_sword":134,"minecraft:golden_carrot":1,"minecraft:bow":35,"minecraft:beef":11,"minecraft:porkchop":1,"minecraft:egg":1,"minecraft:cobweb":20},"minecraft:picked_up":{"minecraft:feather":5,"minecraft:chicken":5,"minecraft:leather":13,"minecraft:diamond_sword":2,"minecraft:oak_log":6,"minecraft:yellow_bed":1,"minecraft:gunpowder":2,"minecraft:dirt":256,"minecraft:white_banner":2,"minecraft:bone":6,"minecraft:apple":6,"minecraft:bow":3,"minecraft:diamond_leggings":1,"minecraft:wheat_seeds":26,"minecraft:bucket":1,"minecraft:beef":12,"minecraft:stone_pickaxe":1,"minecraft:cobweb":25,"minecraft:wooden_shovel":1,"minecraft:oak_planks":1,"minecraft:egg":1,"minecraft:stick":2,"minecraft:tipped_arrow":1,"minecraft:torch":1,"minecraft:acacia_log":3,"minecraft:lava_bucket":2,"minecraft:porkchop":10,"minecraft:spruce_log":10,"minecraft:prismarine_crystals":3,"minecraft:spectral_arrow":31,"minecraft:golden_chestplate":1,"minecraft:arrow":4,"minecraft:rotten_flesh":8,"minecraft:shears":1,"minecraft:diamond_boots":1,"minecraft:end_rod":16,"minecraft:emerald":1,"minecraft:oak_sapling":1,"minecraft:mutton":2,"minecraft:white_wool":1},"minecraft:dropped":{"minecraft:wheat_seeds":6,"minecraft:end_rod":1,"minecraft:diamond_sword":1,"minecraft:bow":1,"minecraft:white_wool":1},"minecraft:killed":{"minecraft:wolf":2,"minecraft:pig":8,"minecraft:spider":1,"minecraft:sheep":1,"minecraft:horse":2,"minecraft:skeleton":3,"minecraft:zombie":4,"minecraft:chicken":5,"minecraft:cow":7},"minecraft:custom":{"minecraft:interact_with_furnace":1,"minecraft:mob_kills":36,"minecraft:interact_with_crafting_table":2,"minecraft:leave_game":1,"minecraft:time_since_death":2674,"minecraft:climb_one_cm":3199,"minecraft:time_since_rest":2717,"minecraft:sprint_one_cm":375048,"minecraft:walk_one_cm":197781,"minecraft:damage_taken":41079,"minecraft:damage_absorbed":171,"minecraft:drop":5,"minecraft:damage_dealt":5264,"minecraft:swim_one_cm":23865,"minecraft:fly_one_cm":262717,"minecraft:player_kills":2,"minecraft:open_chest":9,"minecraft:crouch_one_cm":387,"minecraft:play_time":105214,"minecraft:deaths":13,"minecraft:sneak_time":185,"minecraft:walk_under_water_one_cm":17986,"minecraft:jump":1794,"minecraft:walk_on_water_one_cm":23487,"minecraft:total_world_time":105214,"minecraft:fall_one_cm":38753},"minecraft:mined":{"minecraft:acacia_leaves":3,"minecraft:sea_lantern":1,"minecraft:short_grass":146,"minecraft:acacia_log":4,"minecraft:grass_block":230,"minecraft:dead_bush":1,"minecraft:tall_grass":4,"minecraft:spruce_leaves":1,"minecraft:wall_torch":2,"minecraft:large_fern":3,"minecraft:redstone_torch":1,"minecraft:spruce_log":9,"minecraft:yellow_bed":1,"minecraft:oak_log":6,"minecraft:end_rod":13,"minecraft:dirt":28},"minecraft:killed_by":{"minecraft:player":5,"minecraft:zombie":1},"minecraft:crafted":{"minecraft:oak_planks":4,"minecraft:stick":4,"minecraft:oak_button":1},"minecraft:broken":{"minecraft:wooden_shovel":1}},"DataVersion":3953}