{"stats":{"minecraft:used":{"minecraft:rotten_flesh":2,"minecraft:dirt":5,"minecraft:porkchop":1,"minecraft:spruce_log":2},"minecraft:picked_up":{"minecraft:rotten_flesh":2,"minecraft:wheat_seeds":1,"minecraft:porkchop":3,"minecraft:spruce_log":9,"minecraft:dirt":80},"minecraft:killed":{"minecraft:pig":2},"minecraft:custom":{"minecraft:time_since_rest":10190,"minecraft:crouch_one_cm":256,"minecraft:play_time":10190,"minecraft:sprint_one_cm":37689,"minecraft:damage_taken":30,"minecraft:walk_one_cm":24616,"minecraft:sneak_time":58,"minecraft:mob_kills":2,"minecraft:jump":189,"minecraft:damage_dealt":240,"minecraft:time_since_death":10190,"minecraft:total_world_time":10190,"minecraft:fall_one_cm":3151,"minecraft:fly_one_cm":20799,"minecraft:open_chest":1},"minecraft:mined":{"minecraft:large_fern":3,"minecraft:short_grass":4,"minecraft:grass_block":68,"minecraft:dirt":13,"minecraft:spruce_leaves":1,"minecraft:spruce_log":9}},"DataVersion":3953}