{"stats":{"minecraft:used":{"minecraft:chicken":4},"minecraft:picked_up":{"minecraft:bone":2,"minecraft:feather":4,"minecraft:arrow":1,"minecraft:chicken":4,"minecraft:brown_mushroom":3,"minecraft:wheat_seeds":2,"minecraft:gunpowder":1,"minecraft:dark_oak_fence":1,"minecraft:spider_eye":1},"minecraft:killed":{"minecraft:spider":1,"minecraft:chicken":4},"minecraft:custom":{"minecraft:time_since_rest":1923,"minecraft:deaths":1,"minecraft:walk_one_cm":26231,"minecraft:play_time":9274,"minecraft:sprint_one_cm":54905,"minecraft:damage_taken":260,"minecraft:sneak_time":24,"minecraft:walk_under_water_one_cm":890,"minecraft:mob_kills":5,"minecraft:jump":288,"minecraft:damage_dealt":320,"minecraft:walk_on_water_one_cm":1691,"minecraft:time_since_death":1898,"minecraft:total_world_time":9274,"minecraft:swim_one_cm":42214,"minecraft:fly_one_cm":71282,"minecraft:fall_one_cm":5164},"minecraft:mined":{"minecraft:large_fern":16,"minecraft:short_grass":3,"minecraft:brown_mushroom":3,"minecraft:spruce_leaves":9,"minecraft:fern":1}},"DataVersion":3953}