{"stats":{"minecraft:used":{"minecraft:water_bucket":14,"minecraft:stone_pickaxe":151,"minecraft:shield":11,"minecraft:wooden_pickaxe":44,"minecraft:rotten_flesh":4,"minecraft:torch":75,"minecraft:crafting_table":4,"minecraft:tuff":2,"minecraft:birch_door":1,"minecraft:iron_axe":46,"minecraft:chicken":4,"minecraft:bread":4,"minecraft:iron_pickaxe":147,"minecraft:cobblestone":35,"minecraft:furnace":1,"minecraft:oak_sapling":4,"minecraft:cooked_porkchop":3,"minecraft:bucket":15,"minecraft:egg":3},"minecraft:picked_up":{"minecraft:crafting_table":4,"minecraft:birch_door":1,"minecraft:feather":4,"minecraft:chicken":4,"minecraft:andesite":14,"minecraft:brown_mushroom":3,"minecraft:wooden_pickaxe":2,"minecraft:oak_stairs":6,"minecraft:flint":3,"minecraft:tuff":3,"minecraft:oak_log":19,"minecraft:shield":1,"minecraft:gunpowder":3,"minecraft:lapis_lazuli":24,"minecraft:dirt":61,"minecraft:string":8,"minecraft:iron_axe":1,"minecraft:birch_pressure_plate":1,"minecraft:bone":5,"minecraft:bow":2,"minecraft:wheat_seeds":9,"minecraft:cobbled_deepslate":132,"minecraft:raw_gold":27,"minecraft:iron_ingot":8,"minecraft:stone_pickaxe":2,"minecraft:iron_pickaxe":2,"minecraft:oak_planks":166,"minecraft:furnace":2,"minecraft:egg":3,"minecraft:stick":7,"minecraft:raw_iron":51,"minecraft:cooked_porkchop":3,"minecraft:oak_fence":6,"minecraft:torch":34,"minecraft:gravel":3,"minecraft:diorite":18,"minecraft:spider_eye":2,"minecraft:arrow":7,"minecraft:rotten_flesh":9,"minecraft:diamond":16,"minecraft:oak_sapling":4,"minecraft:coal":72,"minecraft:dark_oak_fence":1,"minecraft:cobblestone":194},"minecraft:dropped":{"minecraft:wheat_seeds":5,"minecraft:birch_pressure_plate":1,"minecraft:gunpowder":1,"minecraft:spider_eye":1,"minecraft:iron_pickaxe":1,"minecraft:string":5},"minecraft:killed":{"minecraft:spider":4,"minecraft:skeleton":4,"minecraft:zombie":4,"minecraft:chicken":4},"minecraft:custom":{"minecraft:interact_with_furnace":21,"minecraft:mob_kills":18,"minecraft:interact_with_crafting_table":13,"minecraft:time_since_death":23709,"minecraft:time_since_rest":23740,"minecraft:sprint_one_cm":255961,"minecraft:damage_taken":1350,"minecraft:walk_one_cm":116977,"minecraft:damage_blocked_by_shield":265,"minecraft:drop":9,"minecraft:damage_dealt":3061,"minecraft:swim_one_cm":68883,"minecraft:fly_one_cm":225275,"minecraft:open_chest":4,"minecraft:crouch_one_cm":1696,"minecraft:play_time":57274,"minecraft:deaths":4,"minecraft:sneak_time":843,"minecraft:walk_under_water_one_cm":17699,"minecraft:jump":1378,"minecraft:walk_on_water_one_cm":7513,"minecraft:total_world_time":57274,"minecraft:fall_one_cm":26457},"minecraft:mined":{"minecraft:tuff":3,"minecraft:brown_mushroom":3,"minecraft:deepslate_diamond_ore":8,"minecraft:oak_fence":1,"minecraft:crafting_table":4,"minecraft:torch":5,"minecraft:short_grass":25,"minecraft:grass_block":1,"minecraft:tall_grass":2,"minecraft:cobblestone":2,"minecraft:spruce_leaves":9,"minecraft:deepslate_gold_ore":27,"minecraft:oak_planks":6,"minecraft:diorite":9,"minecraft:wall_torch":2,"minecraft:spawner":1,"minecraft:large_fern":16,"minecraft:furnace":1,"minecraft:iron_ore":2,"minecraft:andesite":7,"minecraft:deepslate_lapis_ore":3,"minecraft:oak_log":16,"minecraft:coal_ore":44,"minecraft:deepslate_iron_ore":44,"minecraft:gravel":1,"minecraft:dirt":4,"minecraft:stone":75,"minecraft:oak_leaves":26,"minecraft:deepslate":81,"minecraft:birch_pressure_plate":1,"minecraft:fern":1},"minecraft:killed_by":{"minecraft:skeleton":1,"minecraft:creeper":1,"minecraft:zombie":1},"minecraft:crafted":{"minecraft:oak_planks":76,"minecraft:crafting_table":2,"minecraft:wooden_pickaxe":1,"minecraft:furnace":1,"minecraft:bucket":1,"minecraft:air":0,"minecraft:shield":1,"minecraft:iron_axe":1,"minecraft:stick":44,"minecraft:iron_ingot":8,"minecraft:iron_pickaxe":1,"minecraft:stone_pickaxe":2,"minecraft:torch":60},"minecraft:broken":{"minecraft:stone_pickaxe":1,"minecraft:wooden_pickaxe":1}},"DataVersion":3953}