{"stats":{"minecraft:crafted":{"minecraft:oak_planks":72,"minecraft:cooked_porkchop":2,"minecraft:crafting_table":2,"minecraft:spruce_planks":16,"minecraft:stick":8,"minecraft:iron_ingot":3,"minecraft:iron_pickaxe":1,"minecraft:spruce_boat":1,"minecraft:air":0},"minecraft:broken":{"minecraft:golden_shovel":1},"minecraft:picked_up":{"minecraft:stick":4,"minecraft:crafting_table":1,"minecraft:sweet_berries":24,"minecraft:golden_pickaxe":1,"minecraft:leather":8,"minecraft:sand":12,"minecraft:potato":28,"minecraft:porkchop":2,"minecraft:stripped_spruce_wood":4,"minecraft:oak_log":36,"minecraft:carrot":2,"minecraft:dirt":14,"minecraft:spruce_boat":6,"minecraft:bone":7,"minecraft:arrow":4,"minecraft:wheat_seeds":3,"minecraft:iron_ingot":5,"minecraft:beef":7,"minecraft:iron_nugget":34,"minecraft:sugar_cane":2,"minecraft:coal":16,"minecraft:snowball":8,"minecraft:cobblestone":1},"minecraft:custom":{"minecraft:time_since_rest":9300,"minecraft:interact_with_furnace":5,"minecraft:sprint_one_cm":199741,"minecraft:damage_taken":845,"minecraft:walk_one_cm":63729,"minecraft:mob_kills":11,"minecraft:damage_dealt":1826,"minecraft:talked_to_villager":6,"minecraft:swim_one_cm":34656,"minecraft:interact_with_crafting_table":4,"minecraft:fly_one_cm":411456,"minecraft:open_chest":5,"minecraft:crouch_one_cm":734,"minecraft:play_time":41967,"minecraft:deaths":2,"minecraft:sneak_time":438,"minecraft:walk_under_water_one_cm":2336,"minecraft:boat_one_cm":71340,"minecraft:jump":1607,"minecraft:interact_with_stonecutter":3,"minecraft:walk_on_water_one_cm":10314,"minecraft:time_since_death":9246,"minecraft:interact_with_smoker":7,"minecraft:total_world_time":41967,"minecraft:fall_one_cm":44645},"minecraft:killed_by":{"minecraft:skeleton":1},"minecraft:mined":{"minecraft:carrots":2,"minecraft:stripped_spruce_wood":4,"minecraft:sweet_berry_bush":10,"minecraft:wheat":3,"minecraft:snow":4,"minecraft:ice":1,"minecraft:crafting_table":1,"minecraft:short_grass":3,"minecraft:coal_ore":16,"minecraft:grass_block":7,"minecraft:potatoes":14,"minecraft:oak_log":18,"minecraft:sand":15,"minecraft:gravel":1,"minecraft:dirt":6,"minecraft:packed_ice":2,"minecraft:stone":1,"minecraft:oak_leaves":8},"minecraft:killed":{"minecraft:skeleton":1,"minecraft:pig":2,"minecraft:iron_golem":1,"minecraft:cow":3},"minecraft:used":{"minecraft:spruce_boat":7,"minecraft:wheat_seeds":3,"minecraft:bread":6,"minecraft:iron_pickaxe":65,"minecraft:dirt":12,"minecraft:sweet_berries":5,"minecraft:beef":7,"minecraft:crafting_table":2,"minecraft:golden_shovel":23,"minecraft:potato":27}},"DataVersion":3953}