{"stats":{"minecraft:picked_up":{"minecraft:stick":2,"minecraft:oak_log":18},"minecraft:custom":{"minecraft:jump":128,"minecraft:open_chest":1,"minecraft:time_since_rest":5967,"minecraft:crouch_one_cm":383,"minecraft:sprint_one_cm":21463,"minecraft:play_time":5967,"minecraft:walk_on_water_one_cm":2968,"minecraft:time_since_death":5967,"minecraft:walk_one_cm":3028,"minecraft:sneak_time":249,"minecraft:total_world_time":5967,"minecraft:walk_under_water_one_cm":1507,"minecraft:swim_one_cm":25676,"minecraft:fall_one_cm":3009,"minecraft:fly_one_cm":37487},"minecraft:mined":{"minecraft:short_grass":2,"minecraft:oak_log":18,"minecraft:oak_leaves":8,"minecraft:packed_ice":2}},"DataVersion":3953}