{"stats":{"minecraft:crafted":{"minecraft:oak_planks":72,"minecraft:cooked_porkchop":2,"minecraft:crafting_table":3,"minecraft:spruce_planks":132,"minecraft:wooden_pickaxe":1,"minecraft:air":0,"minecraft:stick":12,"minecraft:iron_ingot":3,"minecraft:iron_pickaxe":1,"minecraft:stone_pickaxe":1,"minecraft:spruce_boat":1},"minecraft:broken":{"minecraft:golden_shovel":1},"minecraft:picked_up":{"minecraft:crafting_table":4,"minecraft:golden_pickaxe":1,"minecraft:leather":8,"minecraft:wooden_pickaxe":1,"minecraft:potato":28,"minecraft:stripped_spruce_wood":10,"minecraft:oak_log":36,"minecraft:dirt":24,"minecraft:blue_bed":1,"minecraft:bone":7,"minecraft:wheat_seeds":3,"minecraft:spruce_planks":111,"minecraft:beef":7,"minecraft:iron_ingot":5,"minecraft:iron_nugget":34,"minecraft:sugar_cane":2,"minecraft:raw_iron":1,"minecraft:stick":6,"minecraft:sweet_berries":24,"minecraft:gravel":1,"minecraft:porkchop":2,"minecraft:sand":12,"minecraft:stripped_spruce_log":12,"minecraft:diorite":11,"minecraft:spruce_log":11,"minecraft:carrot":2,"minecraft:arrow":4,"minecraft:spruce_boat":6,"minecraft:coal":16,"minecraft:snowball":8,"minecraft:cobblestone":31},"minecraft:custom":{"minecraft:interact_with_furnace":5,"minecraft:mob_kills":11,"minecraft:interact_with_crafting_table":6,"minecraft:interact_with_stonecutter":3,"minecraft:leave_game":1,"minecraft:time_since_death":585,"minecraft:time_since_rest":615,"minecraft:sprint_one_cm":237313,"minecraft:damage_taken":1520,"minecraft:walk_one_cm":75323,"minecraft:damage_dealt":1868,"minecraft:swim_one_cm":36357,"minecraft:talked_to_villager":6,"minecraft:fly_one_cm":478742,"minecraft:open_chest":5,"minecraft:crouch_one_cm":1135,"minecraft:play_time":54806,"minecraft:deaths":5,"minecraft:sneak_time":1060,"minecraft:walk_under_water_one_cm":6986,"minecraft:boat_one_cm":73595,"minecraft:jump":1873,"minecraft:walk_on_water_one_cm":10875,"minecraft:total_world_time":54806,"minecraft:interact_with_smoker":7,"minecraft:fall_one_cm":54652},"minecraft:killed_by":{"minecraft:skeleton":2,"minecraft:stray":1},"minecraft:killed":{"minecraft:pig":2,"minecraft:iron_golem":1,"minecraft:skeleton":1,"minecraft:cow":3},"minecraft:mined":{"minecraft:spruce_planks":2,"minecraft:crafting_table":3,"minecraft:short_grass":3,"minecraft:grass_block":9,"minecraft:spruce_leaves":2,"minecraft:diorite":11,"minecraft:blue_bed":1,"minecraft:carrots":2,"minecraft:stripped_spruce_wood":10,"minecraft:snow":4,"minecraft:wheat":3,"minecraft:sweet_berry_bush":10,"minecraft:ice":1,"minecraft:spruce_log":11,"minecraft:stripped_spruce_log":12,"minecraft:oak_log":18,"minecraft:potatoes":14,"minecraft:coal_ore":16,"minecraft:deepslate_iron_ore":1,"minecraft:dirt":10,"minecraft:gravel":2,"minecraft:sand":15,"minecraft:packed_ice":2,"minecraft:stone":31,"minecraft:oak_leaves":8},"minecraft:used":{"minecraft:wheat_seeds":3,"minecraft:stone_pickaxe":42,"minecraft:wooden_pickaxe":24,"minecraft:blue_bed":1,"minecraft:dirt":12,"minecraft:crafting_table":4,"minecraft:golden_shovel":23,"minecraft:spruce_boat":7,"minecraft:bread":6,"minecraft:iron_pickaxe":65,"minecraft:cobblestone":1,"minecraft:beef":7,"minecraft:sweet_berries":5,"minecraft:potato":27}},"DataVersion":3953}