{"stats":{"minecraft:used":{"minecraft:water_bucket":21,"minecraft:stone_pickaxe":151,"minecraft:shield":17,"minecraft:wooden_pickaxe":44,"minecraft:rotten_flesh":4,"minecraft:torch":118,"minecraft:glow_berries":5,"minecraft:crafting_table":4,"minecraft:tuff":2,"minecraft:birch_door":1,"minecraft:iron_axe":58,"minecraft:chicken":4,"minecraft:bread":9,"minecraft:iron_pickaxe":167,"minecraft:cobblestone":35,"minecraft:furnace":1,"minecraft:oak_sapling":4,"minecraft:cooked_porkchop":3,"minecraft:bucket":22,"minecraft:egg":3,"minecraft:cobbled_deepslate":13},"minecraft:picked_up":{"minecraft:crafting_table":4,"minecraft:birch_door":1,"minecraft:feather":4,"minecraft:chicken":4,"minecraft:andesite":14,"minecraft:brown_mushroom":3,"minecraft:wooden_pickaxe":2,"minecraft:oak_stairs":6,"minecraft:flint":3,"minecraft:tuff":3,"minecraft:oak_log":19,"minecraft:shield":1,"minecraft:gunpowder":3,"minecraft:lapis_lazuli":53,"minecraft:dirt":61,"minecraft:string":9,"minecraft:iron_axe":1,"minecraft:birch_pressure_plate":1,"minecraft:bone":7,"minecraft:bow":2,"minecraft:wheat_seeds":9,"minecraft:cobbled_deepslate":136,"minecraft:raw_gold":27,"minecraft:iron_ingot":8,"minecraft:stone_pickaxe":2,"minecraft:iron_pickaxe":2,"minecraft:oak_planks":168,"minecraft:furnace":2,"minecraft:egg":3,"minecraft:stick":7,"minecraft:raw_iron":60,"minecraft:cooked_porkchop":3,"minecraft:oak_fence":6,"minecraft:torch":34,"minecraft:gravel":3,"minecraft:diorite":18,"minecraft:spider_eye":2,"minecraft:arrow":10,"minecraft:rotten_flesh":10,"minecraft:diamond":17,"minecraft:oak_sapling":4,"minecraft:coal":72,"minecraft:dark_oak_fence":1,"minecraft:cobblestone":194},"minecraft:dropped":{"minecraft:wheat_seeds":5,"minecraft:birch_pressure_plate":1,"minecraft:gunpowder":1,"minecraft:spider_eye":1,"minecraft:iron_pickaxe":1,"minecraft:string":6},"minecraft:killed":{"minecraft:spider":4,"minecraft:skeleton":6,"minecraft:zombie":6,"minecraft:chicken":4},"minecraft:custom":{"minecraft:interact_with_furnace":21,"minecraft:mob_kills":22,"minecraft:interact_with_crafting_table":13,"minecraft:leave_game":1,"minecraft:time_since_death":33110,"minecraft:time_since_rest":33141,"minecraft:sprint_one_cm":337165,"minecraft:damage_taken":1695,"minecraft:walk_one_cm":133416,"minecraft:damage_blocked_by_shield":469,"minecraft:drop":10,"minecraft:damage_dealt":3685,"minecraft:swim_one_cm":68964,"minecraft:fly_one_cm":251956,"minecraft:open_chest":7,"minecraft:crouch_one_cm":3209,"minecraft:play_time":66675,"minecraft:deaths":4,"minecraft:sneak_time":1135,"minecraft:walk_under_water_one_cm":18410,"minecraft:jump":1579,"minecraft:walk_on_water_one_cm":11614,"minecraft:total_world_time":66675,"minecraft:fall_one_cm":30230},"minecraft:mined":{"minecraft:tuff":3,"minecraft:brown_mushroom":3,"minecraft:deepslate_diamond_ore":9,"minecraft:oak_fence":1,"minecraft:crafting_table":4,"minecraft:torch":5,"minecraft:short_grass":25,"minecraft:grass_block":1,"minecraft:tall_grass":2,"minecraft:cobblestone":2,"minecraft:spruce_leaves":9,"minecraft:deepslate_gold_ore":27,"minecraft:oak_planks":8,"minecraft:diorite":9,"minecraft:wall_torch":2,"minecraft:spawner":2,"minecraft:large_fern":16,"minecraft:furnace":1,"minecraft:iron_ore":6,"minecraft:andesite":7,"minecraft:deepslate_lapis_ore":7,"minecraft:oak_log":16,"minecraft:coal_ore":44,"minecraft:deepslate_iron_ore":49,"minecraft:gravel":1,"minecraft:dirt":4,"minecraft:stone":75,"minecraft:oak_leaves":26,"minecraft:deepslate":85,"minecraft:birch_pressure_plate":1,"minecraft:fern":1},"minecraft:killed_by":{"minecraft:skeleton":1,"minecraft:creeper":1,"minecraft:zombie":1},"minecraft:crafted":{"minecraft:oak_planks":76,"minecraft:crafting_table":2,"minecraft:wooden_pickaxe":1,"minecraft:furnace":1,"minecraft:bucket":1,"minecraft:air":0,"minecraft:shield":1,"minecraft:iron_axe":1,"minecraft:stick":44,"minecraft:iron_ingot":8,"minecraft:iron_pickaxe":1,"minecraft:stone_pickaxe":2,"minecraft:torch":60},"minecraft:broken":{"minecraft:stone_pickaxe":1,"minecraft:wooden_pickaxe":1}},"DataVersion":3953}