{"stats":{"minecraft:crafted":{"minecraft:oak_planks":72,"minecraft:cooked_porkchop":2,"minecraft:crafting_table":1,"minecraft:stick":8,"minecraft:iron_ingot":3,"minecraft:iron_pickaxe":1,"minecraft:air":0},"minecraft:broken":{"minecraft:golden_shovel":1},"minecraft:picked_up":{"minecraft:stick":4,"minecraft:crafting_table":1,"minecraft:golden_pickaxe":1,"minecraft:leather":8,"minecraft:sand":12,"minecraft:potato":28,"minecraft:porkchop":2,"minecraft:oak_log":36,"minecraft:carrot":2,"minecraft:dirt":14,"minecraft:bone":2,"minecraft:arrow":2,"minecraft:wheat_seeds":3,"minecraft:iron_ingot":5,"minecraft:beef":7,"minecraft:iron_nugget":34,"minecraft:coal":16,"minecraft:snowball":8,"minecraft:cobblestone":1},"minecraft:custom":{"minecraft:time_since_rest":16732,"minecraft:interact_with_furnace":3,"minecraft:sprint_one_cm":144515,"minecraft:damage_taken":495,"minecraft:walk_one_cm":32587,"minecraft:mob_kills":6,"minecraft:damage_dealt":1620,"minecraft:talked_to_villager":6,"minecraft:swim_one_cm":34656,"minecraft:interact_with_crafting_table":3,"minecraft:fly_one_cm":311037,"minecraft:open_chest":5,"minecraft:crouch_one_cm":704,"minecraft:play_time":29967,"minecraft:deaths":1,"minecraft:sneak_time":424,"minecraft:walk_under_water_one_cm":1769,"minecraft:jump":1206,"minecraft:interact_with_stonecutter":1,"minecraft:walk_on_water_one_cm":6414,"minecraft:time_since_death":16708,"minecraft:interact_with_smoker":7,"minecraft:total_world_time":29967,"minecraft:fall_one_cm":34971},"minecraft:killed":{"minecraft:pig":2,"minecraft:iron_golem":1,"minecraft:cow":3},"minecraft:mined":{"minecraft:carrots":2,"minecraft:wheat":3,"minecraft:snow":4,"minecraft:ice":1,"minecraft:crafting_table":1,"minecraft:short_grass":3,"minecraft:coal_ore":16,"minecraft:grass_block":7,"minecraft:potatoes":14,"minecraft:oak_log":18,"minecraft:sand":15,"minecraft:gravel":1,"minecraft:dirt":6,"minecraft:packed_ice":2,"minecraft:stone":1,"minecraft:oak_leaves":8},"minecraft:used":{"minecraft:wheat_seeds":3,"minecraft:bread":3,"minecraft:iron_pickaxe":59,"minecraft:dirt":12,"minecraft:beef":7,"minecraft:crafting_table":1,"minecraft:golden_shovel":23,"minecraft:potato":27}},"DataVersion":3953}