{"stats":{"minecraft:used":{"minecraft:baked_potato":2,"minecraft:iron_sword":21,"minecraft:chainmail_helmet":1,"minecraft:leather_boots":1,"minecraft:dirt":4,"minecraft:crafting_table":1,"minecraft:chainmail_chestplate":3,"minecraft:carrot":1,"minecraft:blast_furnace":1,"minecraft:iron_axe":34,"minecraft:bread":13,"minecraft:iron_pickaxe":156,"minecraft:cobblestone":34,"minecraft:chainmail_boots":1,"minecraft:cooked_porkchop":7,"minecraft:chainmail_leggings":2},"minecraft:picked_up":{"minecraft:feather":3,"minecraft:chainmail_boots":3,"minecraft:smithing_table":1,"minecraft:oak_stairs":1,"minecraft:oak_log":17,"minecraft:chainmail_chestplate":3,"minecraft:dirt":10,"minecraft:string":4,"minecraft:iron_axe":3,"minecraft:bone":4,"minecraft:wheat_seeds":3,"minecraft:spruce_planks":1,"minecraft:spruce_slab":1,"minecraft:iron_pickaxe":6,"minecraft:oak_planks":67,"minecraft:iron_sword":4,"minecraft:raw_iron":19,"minecraft:cooked_porkchop":120,"minecraft:blast_furnace":1,"minecraft:diorite":1,"minecraft:white_bed":1,"minecraft:carrot":3,"minecraft:spider_eye":1,"minecraft:arrow":1,"minecraft:rotten_flesh":1,"minecraft:chainmail_leggings":3,"minecraft:chainmail_helmet":2,"minecraft:baked_potato":14,"minecraft:coal":290,"minecraft:cobblestone":42},"minecraft:crafted":{"minecraft:oak_planks":68,"minecraft:crafting_table":1,"minecraft:baked_potato":8,"minecraft:air":0,"minecraft:stick":4,"minecraft:iron_ingot":7,"minecraft:iron_pickaxe":2},"minecraft:killed":{"minecraft:spider":1,"minecraft:skeleton":1,"minecraft:zombie":2},"minecraft:killed_by":{"minecraft:player":2,"minecraft:skeleton":1,"minecraft:creeper":2},"minecraft:mined":{"minecraft:smithing_table":1,"minecraft:spruce_planks":1,"minecraft:white_bed":1,"minecraft:glow_lichen":1,"minecraft:blast_furnace":1,"minecraft:grass_block":6,"minecraft:cobblestone":1,"minecraft:oak_planks":3,"minecraft:diorite":1,"minecraft:iron_ore":11,"minecraft:oak_log":17,"minecraft:coal_ore":92,"minecraft:oak_stairs":2,"minecraft:dirt":4,"minecraft:packed_ice":2,"minecraft:stone":41,"minecraft:oak_leaves":11,"minecraft:spruce_slab":1},"minecraft:custom":{"minecraft:interact_with_furnace":73,"minecraft:mob_kills":6,"minecraft:interact_with_crafting_table":4,"minecraft:leave_game":2,"minecraft:time_since_death":3324,"minecraft:sleep_in_bed":2,"minecraft:time_since_rest":3328,"minecraft:sprint_one_cm":216906,"minecraft:damage_taken":3028,"minecraft:walk_one_cm":79091,"minecraft:drop":2,"minecraft:damage_dealt":1599,"minecraft:talked_to_villager":11,"minecraft:swim_one_cm":14438,"minecraft:player_kills":1,"minecraft:fly_one_cm":274220,"minecraft:open_chest":36,"minecraft:crouch_one_cm":3558,"minecraft:play_time":64747,"minecraft:deaths":8,"minecraft:sneak_time":1521,"minecraft:walk_under_water_one_cm":8475,"minecraft:jump":1410,"minecraft:interact_with_blast_furnace":32,"minecraft:walk_on_water_one_cm":7697,"minecraft:total_world_time":64747,"minecraft:fall_one_cm":48668},"minecraft:dropped":{"minecraft:iron_sword":1,"minecraft:stick":1}},"DataVersion":3953}