{"stats":{"minecraft:used":{"minecraft:light_gray_carpet":1,"minecraft:rotten_flesh":1,"minecraft:dirt":21,"minecraft:white_carpet":1,"minecraft:carrot":3,"minecraft:allay_spawn_egg":1,"minecraft:wooden_axe":53,"minecraft:dark_oak_planks":15,"minecraft:lava_bucket":4,"minecraft:grass_block":1,"minecraft:stone_bricks":9,"minecraft:red_carpet":2,"minecraft:golden_carrot":2,"minecraft:bow":20,"minecraft:hay_block":2,"minecraft:furnace":3,"minecraft:potato":5,"minecraft:cooked_beef":7,"minecraft:acacia_planks":20,"minecraft:water_bucket":16,"minecraft:mossy_stone_bricks":1,"minecraft:diorite":6,"minecraft:stone_pickaxe":176,"minecraft:oak_planks":27,"minecraft:ender_pearl":1,"minecraft:wooden_pickaxe":33,"minecraft:cracked_stone_bricks":2,"minecraft:golden_apple":17,"minecraft:crafting_table":6,"minecraft:chicken":3,"minecraft:stone_axe":1,"minecraft:diamond_sword":280,"minecraft:cobblestone":15,"minecraft:porkchop":1,"minecraft:bucket":19,"minecraft:diamond_leggings":1,"minecraft:cobweb":12},"minecraft:picked_up":{"minecraft:wooden_axe":2,"minecraft:crafting_table":5,"minecraft:chicken":6,"minecraft:diamond_sword":2,"minecraft:wooden_pickaxe":4,"minecraft:golden_shovel":2,"minecraft:string":7,"minecraft:white_carpet":1,"minecraft:cracked_stone_bricks":12,"minecraft:diamond_leggings":4,"minecraft:gold_nugget":2,"minecraft:spruce_planks":26,"minecraft:beef":9,"minecraft:egg":5,"minecraft:furnace":2,"minecraft:stick":11,"minecraft:raw_iron":29,"minecraft:copper_ingot":3,"minecraft:acacia_log":22,"minecraft:porkchop":5,"minecraft:pointed_dripstone":7,"minecraft:diorite":28,"minecraft:dark_oak_planks":20,"minecraft:diamond_chestplate":1,"minecraft:allay_spawn_egg":1,"minecraft:hay_block":16,"minecraft:armadillo_scute":2,"minecraft:mutton":11,"minecraft:white_wool":4,"minecraft:cobblestone":150,"minecraft:feather":8,"minecraft:leather":7,"minecraft:oak_log":6,"minecraft:yellow_bed":2,"minecraft:lapis_lazuli":62,"minecraft:dirt":31,"minecraft:cooked_mutton":3,"minecraft:red_carpet":5,"minecraft:bone":1,"minecraft:stone_bricks":53,"minecraft:bow":4,"minecraft:wheat_seeds":17,"minecraft:stone_pickaxe":3,"minecraft:cooked_chicken":3,"minecraft:cobweb":7,"minecraft:mossy_stone_bricks":8,"minecraft:diamond_helmet":1,"minecraft:cooked_porkchop":4,"minecraft:lava_bucket":2,"minecraft:grass_block":1,"minecraft:spruce_log":8,"minecraft:spectral_arrow":64,"minecraft:crossbow":2,"minecraft:golden_apple":21,"minecraft:emerald":1,"minecraft:bread":4,"minecraft:light_gray_carpet":1,"minecraft:coal":7,"minecraft:ender_pearl":1},"minecraft:dropped":{"minecraft:wheat_seeds":2,"minecraft:crossbow":1,"minecraft:feather":8,"minecraft:armadillo_scute":2,"minecraft:string":5,"minecraft:diamond_sword":1,"minecraft:wooden_pickaxe":1},"minecraft:killed":{"minecraft:spider":4,"minecraft:skeleton":1,"minecraft:chicken":6,"minecraft:silverfish":2,"minecraft:pig":4,"minecraft:creeper":1,"minecraft:sheep":2,"minecraft:pillager":10,"minecraft:cow":6,"minecraft:enderman":2},"minecraft:custom":{"minecraft:mob_kills":38,"minecraft:interact_with_crafting_table":18,"minecraft:open_barrel":17,"minecraft:time_since_death":31250,"minecraft:climb_one_cm":5782,"minecraft:sprint_one_cm":370803,"minecraft:walk_one_cm":152647,"minecraft:drop":17,"minecraft:talked_to_villager":3,"minecraft:play_time":115594,"minecraft:deaths":15,"minecraft:sneak_time":5096,"minecraft:walk_under_water_one_cm":7960,"minecraft:jump":2519,"minecraft:walk_on_water_one_cm":14350,"minecraft:total_world_time":115594,"minecraft:interact_with_furnace":17,"minecraft:interact_with_grindstone":1,"minecraft:time_since_rest":31281,"minecraft:damage_taken":117865,"minecraft:damage_absorbed":582,"minecraft:damage_dealt":7498,"minecraft:swim_one_cm":13277,"minecraft:player_kills":5,"minecraft:fly_one_cm":521153,"minecraft:open_chest":30,"minecraft:crouch_one_cm":13237,"minecraft:fall_one_cm":66364},"minecraft:mined":{"minecraft:red_carpet":2,"minecraft:acacia_log":22,"minecraft:grass_block":8,"minecraft:spruce_leaves":1,"minecraft:hay_block":8,"minecraft:furnace":2,"minecraft:iron_ore":29,"minecraft:stone":91,"minecraft:light_gray_carpet":1,"minecraft:acacia_leaves":1,"minecraft:infested_stone_bricks":1,"minecraft:crafting_table":3,"minecraft:short_grass":69,"minecraft:tall_grass":15,"minecraft:cobblestone":1,"minecraft:lapis_ore":9,"minecraft:diorite":12,"minecraft:white_carpet":1,"minecraft:spruce_log":9,"minecraft:oak_log":1,"minecraft:coal_ore":7,"minecraft:dirt":2,"minecraft:cobweb":2,"minecraft:cracked_stone_bricks":6,"minecraft:stone_bricks":21,"minecraft:mossy_stone_bricks":8,"minecraft:oak_leaves":5,"minecraft:infested_stone":2},"minecraft:killed_by":{"minecraft:player":8,"minecraft:silverfish":2,"minecraft:zombie":1},"minecraft:crafted":{"minecraft:wooden_sword":1,"minecraft:oak_planks":4,"minecraft:cooked_chicken":3,"minecraft:furnace":2,"minecraft:cooked_mutton":3,"minecraft:stone_pickaxe":4,"minecraft:dark_oak_planks":24,"minecraft:cooked_beef":9,"minecraft:cooked_porkchop":4,"minecraft:crafting_table":4,"minecraft:spruce_planks":32,"minecraft:wooden_pickaxe":4,"minecraft:iron_sword":1,"minecraft:stone_axe":1,"minecraft:air":0,"minecraft:shield":1,"minecraft:stick":32,"minecraft:iron_ingot":29,"minecraft:iron_pickaxe":1,"minecraft:wooden_axe":2,"minecraft:acacia_planks":88}},"DataVersion":3953}