{"stats":{"minecraft:custom":{"minecraft:mob_kills":43,"minecraft:interact_with_crafting_table":6,"minecraft:open_barrel":9,"minecraft:leave_game":2,"minecraft:time_since_death":51231,"minecraft:climb_one_cm":1016,"minecraft:sprint_one_cm":288121,"minecraft:walk_one_cm":163346,"minecraft:drop":19,"minecraft:talked_to_villager":11,"minecraft:play_time":112654,"minecraft:deaths":8,"minecraft:sneak_time":12313,"minecraft:walk_under_water_one_cm":8475,"minecraft:jump":1852,"minecraft:interact_with_blast_furnace":32,"minecraft:walk_on_water_one_cm":7697,"minecraft:total_world_time":112654,"minecraft:interact_with_furnace":73,"minecraft:sleep_in_bed":2,"minecraft:time_since_rest":51235,"minecraft:damage_taken":4953,"minecraft:damage_dealt":8091,"minecraft:player_kills":1,"minecraft:fly_one_cm":305416,"minecraft:swim_one_cm":14438,"minecraft:open_chest":40,"minecraft:crouch_one_cm":30014,"minecraft:fall_one_cm":53552,"minecraft:inspect_dispenser":6},"minecraft:picked_up":{"minecraft:crafting_table":1,"minecraft:waxed_oxidized_cut_copper":1,"minecraft:chainmail_boots":3,"minecraft:smithing_table":1,"minecraft:oak_stairs":1,"minecraft:brick":38,"minecraft:wind_charge":2,"minecraft:iron_axe":3,"minecraft:string":6,"minecraft:waxed_cut_copper_slab":2,"minecraft:cobbled_deepslate":195,"minecraft:spruce_planks":1,"minecraft:trial_key":2,"minecraft:calcite":15,"minecraft:iron_pickaxe":6,"minecraft:spruce_slab":1,"minecraft:tipped_arrow":7,"minecraft:raw_iron":31,"minecraft:diorite":4,"minecraft:carrot":3,"minecraft:redstone":20,"minecraft:arrow":31,"minecraft:rotten_flesh":3,"minecraft:tuff_bricks":2,"minecraft:cobblestone":76,"minecraft:feather":3,"minecraft:andesite":14,"minecraft:flint":1,"minecraft:tuff":2,"minecraft:chainmail_chestplate":3,"minecraft:oak_log":17,"minecraft:waxed_copper_block":2,"minecraft:gunpowder":2,"minecraft:lapis_lazuli":49,"minecraft:dirt":10,"minecraft:bone":20,"minecraft:wheat_seeds":3,"minecraft:raw_gold":7,"minecraft:iron_ingot":5,"minecraft:bolt_armor_trim_smithing_template":1,"minecraft:iron_sword":4,"minecraft:oak_planks":67,"minecraft:smooth_basalt":2,"minecraft:cooked_porkchop":120,"minecraft:gravel":10,"minecraft:blast_furnace":1,"minecraft:white_bed":1,"minecraft:spider_eye":2,"minecraft:diamond":46,"minecraft:chainmail_leggings":3,"minecraft:granite":7,"minecraft:breeze_rod":1,"minecraft:chainmail_helmet":2,"minecraft:emerald":12,"minecraft:bread":1,"minecraft:baked_potato":16,"minecraft:coal":290,"minecraft:chiseled_tuff_bricks":2},"minecraft:killed_by":{"minecraft:player":2,"minecraft:creeper":2,"minecraft:skeleton":1},"minecraft:used":{"minecraft:tuff_bricks":1,"minecraft:iron_sword":44,"minecraft:trial_key":1,"minecraft:dirt":4,"minecraft:chainmail_chestplate":3,"minecraft:carrot":1,"minecraft:honey_bottle":4,"minecraft:iron_axe":35,"minecraft:waxed_cut_copper_slab":1,"minecraft:cobbled_deepslate":51,"minecraft:baked_potato":10,"minecraft:chainmail_helmet":1,"minecraft:leather_boots":1,"minecraft:waxed_copper_block":1,"minecraft:crafting_table":2,"minecraft:blast_furnace":1,"minecraft:diamond_pickaxe":150,"minecraft:bread":14,"minecraft:iron_pickaxe":451,"minecraft:gravel":10,"minecraft:diamond_sword":97,"minecraft:cobblestone":68,"minecraft:chainmail_boots":1,"minecraft:cooked_porkchop":22,"minecraft:andesite":14,"minecraft:chainmail_leggings":2},"minecraft:dropped":{"minecraft:iron_sword":1,"minecraft:wheat_seeds":1,"minecraft:feather":3,"minecraft:granite":7,"minecraft:stick":1,"minecraft:flint":1,"minecraft:diorite":3,"minecraft:string":5,"minecraft:bone":10,"minecraft:waxed_cut_copper_slab":1,"minecraft:tuff_bricks":1,"minecraft:chiseled_tuff_bricks":1,"minecraft:tuff":2,"minecraft:tipped_arrow":3,"minecraft:waxed_oxidized_cut_copper":1,"minecraft:spider_eye":2,"minecraft:calcite":15,"minecraft:brick":38},"minecraft:mined":{"minecraft:waxed_cut_copper_slab":2,"minecraft:tuff":2,"minecraft:spruce_planks":1,"minecraft:white_bed":1,"minecraft:deepslate_diamond_ore":46,"minecraft:sculk_vein":1,"minecraft:glow_lichen":1,"minecraft:granite":7,"minecraft:grass_block":6,"minecraft:decorated_pot":16,"minecraft:chiseled_tuff_bricks":5,"minecraft:tuff_bricks":9,"minecraft:waxed_oxidized_cut_copper":2,"minecraft:iron_ore":15,"minecraft:cobbled_deepslate":5,"minecraft:polished_tuff":2,"minecraft:andesite":15,"minecraft:deepslate_lapis_ore":8,"minecraft:deepslate_iron_ore":8,"minecraft:oak_stairs":2,"minecraft:packed_ice":2,"minecraft:stone":69,"minecraft:spruce_slab":1,"minecraft:smithing_table":1,"minecraft:deepslate_redstone_ore":5,"minecraft:crafting_table":1,"minecraft:blast_furnace":1,"minecraft:calcite":16,"minecraft:cobblestone":7,"minecraft:deepslate_gold_ore":7,"minecraft:oak_planks":3,"minecraft:sculk":52,"minecraft:diorite":4,"minecraft:waxed_copper_bulb":1,"minecraft:waxed_copper_block":6,"minecraft:oak_log":17,"minecraft:coal_ore":92,"minecraft:waxed_oxidized_copper":1,"minecraft:gravel":11,"minecraft:dirt":4,"minecraft:cobweb":2,"minecraft:smooth_basalt":2,"minecraft:oak_leaves":11,"minecraft:deepslate":191},"minecraft:killed":{"minecraft:cave_spider":3,"minecraft:spider":8,"minecraft:skeleton":2,"minecraft:creeper":1,"minecraft:zombie":9,"minecraft:stray":14,"minecraft:breeze":2},"minecraft:crafted":{"minecraft:oak_planks":68,"minecraft:diamond_sword":1,"minecraft:crafting_table":2,"minecraft:baked_potato":8,"minecraft:air":0,"minecraft:diamond_pickaxe":2,"minecraft:stick":12,"minecraft:iron_pickaxe":2,"minecraft:iron_ingot":7},"minecraft:broken":{"minecraft:iron_pickaxe":1}},"DataVersion":3953}