{"stats":{"minecraft:used":{"minecraft:water_bucket":16,"minecraft:stone_pickaxe":20,"minecraft:oak_planks":27,"minecraft:ender_pearl":1,"minecraft:wooden_pickaxe":15,"minecraft:golden_apple":17,"minecraft:dirt":14,"minecraft:crafting_table":4,"minecraft:carrot":3,"minecraft:dark_oak_planks":15,"minecraft:wooden_axe":40,"minecraft:lava_bucket":4,"minecraft:grass_block":1,"minecraft:chicken":3,"minecraft:stone_axe":1,"minecraft:diamond_sword":280,"minecraft:golden_carrot":2,"minecraft:cobblestone":5,"minecraft:bow":20,"minecraft:hay_block":2,"minecraft:furnace":2,"minecraft:bucket":19,"minecraft:cooked_beef":7,"minecraft:potato":5,"minecraft:acacia_planks":20,"minecraft:diamond_leggings":1,"minecraft:cobweb":12},"minecraft:picked_up":{"minecraft:crafting_table":4,"minecraft:feather":8,"minecraft:chicken":6,"minecraft:leather":7,"minecraft:diamond_sword":2,"minecraft:golden_shovel":2,"minecraft:oak_log":6,"minecraft:yellow_bed":2,"minecraft:string":7,"minecraft:dirt":22,"minecraft:cooked_mutton":3,"minecraft:bone":1,"minecraft:bow":4,"minecraft:diamond_leggings":4,"minecraft:wheat_seeds":16,"minecraft:gold_nugget":2,"minecraft:cooked_chicken":3,"minecraft:stone_pickaxe":1,"minecraft:beef":9,"minecraft:cobweb":7,"minecraft:diamond_helmet":1,"minecraft:furnace":2,"minecraft:egg":5,"minecraft:stick":3,"minecraft:cooked_porkchop":4,"minecraft:copper_ingot":3,"minecraft:acacia_log":22,"minecraft:lava_bucket":2,"minecraft:porkchop":4,"minecraft:pointed_dripstone":7,"minecraft:grass_block":1,"minecraft:spectral_arrow":64,"minecraft:dark_oak_planks":20,"minecraft:diamond_chestplate":1,"minecraft:hay_block":16,"minecraft:crossbow":2,"minecraft:armadillo_scute":2,"minecraft:golden_apple":21,"minecraft:bread":4,"minecraft:emerald":1,"minecraft:mutton":11,"minecraft:white_wool":4,"minecraft:cobblestone":29,"minecraft:ender_pearl":1},"minecraft:dropped":{"minecraft:wheat_seeds":2,"minecraft:crossbow":1,"minecraft:feather":8,"minecraft:diamond_sword":1,"minecraft:armadillo_scute":2,"minecraft:wooden_pickaxe":1,"minecraft:string":5},"minecraft:killed":{"minecraft:pig":3,"minecraft:spider":4,"minecraft:creeper":1,"minecraft:sheep":2,"minecraft:skeleton":1,"minecraft:pillager":10,"minecraft:chicken":6,"minecraft:enderman":2,"minecraft:cow":6},"minecraft:custom":{"minecraft:interact_with_furnace":12,"minecraft:mob_kills":35,"minecraft:interact_with_crafting_table":7,"minecraft:open_barrel":17,"minecraft:interact_with_grindstone":1,"minecraft:time_since_death":2326,"minecraft:climb_one_cm":593,"minecraft:time_since_rest":2355,"minecraft:sprint_one_cm":280142,"minecraft:damage_absorbed":582,"minecraft:damage_taken":116457,"minecraft:walk_one_cm":89768,"minecraft:drop":17,"minecraft:damage_dealt":6067,"minecraft:swim_one_cm":11083,"minecraft:talked_to_villager":3,"minecraft:fly_one_cm":420965,"minecraft:player_kills":3,"minecraft:open_chest":14,"minecraft:crouch_one_cm":9877,"minecraft:play_time":65550,"minecraft:deaths":9,"minecraft:sneak_time":3526,"minecraft:walk_under_water_one_cm":3693,"minecraft:jump":2104,"minecraft:walk_on_water_one_cm":10785,"minecraft:total_world_time":65550,"minecraft:fall_one_cm":62291},"minecraft:mined":{"minecraft:acacia_leaves":1,"minecraft:crafting_table":2,"minecraft:short_grass":46,"minecraft:acacia_log":22,"minecraft:grass_block":5,"minecraft:tall_grass":6,"minecraft:hay_block":8,"minecraft:furnace":2,"minecraft:oak_log":1,"minecraft:cobweb":2,"minecraft:stone":30,"minecraft:oak_leaves":5},"minecraft:killed_by":{"minecraft:player":5,"minecraft:zombie":1},"minecraft:crafted":{"minecraft:cooked_beef":9,"minecraft:wooden_sword":1,"minecraft:oak_planks":4,"minecraft:cooked_porkchop":4,"minecraft:crafting_table":3,"minecraft:cooked_chicken":3,"minecraft:wooden_pickaxe":2,"minecraft:furnace":1,"minecraft:stone_axe":1,"minecraft:cooked_mutton":3,"minecraft:air":0,"minecraft:stick":16,"minecraft:stone_pickaxe":2,"minecraft:wooden_axe":1,"minecraft:acacia_planks":88,"minecraft:dark_oak_planks":24}},"DataVersion":3953}