{"stats":{"minecraft:crafted":{"minecraft:oak_planks":68,"minecraft:diamond_sword":1,"minecraft:crafting_table":2,"minecraft:baked_potato":8,"minecraft:air":0,"minecraft:diamond_pickaxe":2,"minecraft:stick":44,"minecraft:iron_ingot":7,"minecraft:iron_pickaxe":4},"minecraft:dropped":{"minecraft:iron_sword":1,"minecraft:wheat_seeds":1,"minecraft:feather":3,"minecraft:granite":7,"minecraft:stick":1,"minecraft:flint":1,"minecraft:diorite":3,"minecraft:string":5,"minecraft:bone":10,"minecraft:waxed_cut_copper_slab":1,"minecraft:tuff_bricks":1,"minecraft:chiseled_tuff_bricks":1,"minecraft:tuff":2,"minecraft:tipped_arrow":3,"minecraft:waxed_oxidized_cut_copper":1,"minecraft:spider_eye":2,"minecraft:calcite":15,"minecraft:brick":38},"minecraft:broken":{"minecraft:iron_pickaxe":1},"minecraft:picked_up":{"minecraft:waxed_oxidized_cut_copper":1,"minecraft:crafting_table":1,"minecraft:chainmail_boots":3,"minecraft:smithing_table":1,"minecraft:oak_stairs":1,"minecraft:brick":38,"minecraft:wind_charge":2,"minecraft:iron_axe":3,"minecraft:raw_copper":2,"minecraft:string":6,"minecraft:waxed_cut_copper_slab":2,"minecraft:cobbled_deepslate":218,"minecraft:spruce_planks":1,"minecraft:trial_key":2,"minecraft:calcite":15,"minecraft:iron_pickaxe":6,"minecraft:spruce_slab":1,"minecraft:tipped_arrow":7,"minecraft:raw_iron":31,"minecraft:diorite":5,"minecraft:carrot":3,"minecraft:redstone":20,"minecraft:arrow":31,"minecraft:rotten_flesh":3,"minecraft:tuff_bricks":10,"minecraft:cobblestone":110,"minecraft:magma_block":1,"minecraft:feather":3,"minecraft:andesite":23,"minecraft:flint":3,"minecraft:tuff":2,"minecraft:chainmail_chestplate":3,"minecraft:oak_log":17,"minecraft:waxed_copper_block":2,"minecraft:gunpowder":2,"minecraft:lapis_lazuli":49,"minecraft:dirt":24,"minecraft:bone":20,"minecraft:wheat_seeds":3,"minecraft:raw_gold":7,"minecraft:iron_ingot":5,"minecraft:bolt_armor_trim_smithing_template":1,"minecraft:glass_bottle":1,"minecraft:oak_planks":67,"minecraft:iron_sword":4,"minecraft:smooth_basalt":2,"minecraft:cooked_porkchop":120,"minecraft:gravel":13,"minecraft:blast_furnace":1,"minecraft:white_bed":1,"minecraft:polished_tuff":2,"minecraft:spider_eye":2,"minecraft:diamond":47,"minecraft:chainmail_leggings":3,"minecraft:granite":8,"minecraft:breeze_rod":1,"minecraft:emerald":12,"minecraft:chainmail_helmet":2,"minecraft:bread":1,"minecraft:baked_potato":16,"minecraft:coal":292,"minecraft:chiseled_tuff_bricks":2},"minecraft:custom":{"minecraft:mob_kills":43,"minecraft:interact_with_crafting_table":11,"minecraft:open_barrel":9,"minecraft:leave_game":3,"minecraft:time_since_death":2412,"minecraft:climb_one_cm":1016,"minecraft:sprint_one_cm":336158,"minecraft:walk_one_cm":177428,"minecraft:drop":19,"minecraft:talked_to_villager":13,"minecraft:play_time":127851,"minecraft:deaths":10,"minecraft:sneak_time":14715,"minecraft:walk_under_water_one_cm":10302,"minecraft:jump":2072,"minecraft:interact_with_blast_furnace":43,"minecraft:walk_on_water_one_cm":7697,"minecraft:total_world_time":127851,"minecraft:interact_with_furnace":84,"minecraft:sleep_in_bed":2,"minecraft:time_since_rest":2447,"minecraft:damage_taken":5527,"minecraft:damage_dealt":8107,"minecraft:player_kills":1,"minecraft:fly_one_cm":344700,"minecraft:swim_one_cm":15422,"minecraft:open_chest":45,"minecraft:crouch_one_cm":31198,"minecraft:fall_one_cm":61775,"minecraft:inspect_dispenser":6},"minecraft:killed_by":{"minecraft:player":2,"minecraft:stray":1,"minecraft:creeper":2,"minecraft:skeleton":2},"minecraft:killed":{"minecraft:cave_spider":3,"minecraft:spider":8,"minecraft:skeleton":2,"minecraft:creeper":1,"minecraft:zombie":9,"minecraft:stray":14,"minecraft:breeze":2},"minecraft:mined":{"minecraft:waxed_cut_copper_slab":2,"minecraft:tuff":2,"minecraft:spruce_planks":1,"minecraft:white_bed":1,"minecraft:deepslate_diamond_ore":47,"minecraft:sculk_vein":1,"minecraft:glow_lichen":1,"minecraft:granite":8,"minecraft:grass_block":10,"minecraft:decorated_pot":16,"minecraft:chiseled_tuff_bricks":5,"minecraft:tuff_bricks":17,"minecraft:magma_block":1,"minecraft:waxed_oxidized_cut_copper":3,"minecraft:iron_ore":15,"minecraft:cobbled_deepslate":7,"minecraft:polished_tuff":4,"minecraft:andesite":24,"minecraft:deepslate_lapis_ore":8,"minecraft:deepslate_iron_ore":8,"minecraft:oak_stairs":2,"minecraft:packed_ice":2,"minecraft:stone":103,"minecraft:spruce_slab":1,"minecraft:smithing_table":1,"minecraft:deepslate_redstone_ore":5,"minecraft:crafting_table":1,"minecraft:blast_furnace":1,"minecraft:calcite":16,"minecraft:copper_ore":1,"minecraft:cobblestone":7,"minecraft:deepslate_gold_ore":7,"minecraft:oak_planks":3,"minecraft:sculk":52,"minecraft:diorite":5,"minecraft:waxed_copper_bulb":1,"minecraft:waxed_copper_block":6,"minecraft:coal_ore":94,"minecraft:oak_log":17,"minecraft:waxed_oxidized_copper":2,"minecraft:gravel":16,"minecraft:dirt":15,"minecraft:cobweb":2,"minecraft:smooth_basalt":2,"minecraft:oak_leaves":11,"minecraft:deepslate":214},"minecraft:used":{"minecraft:tuff_bricks":1,"minecraft:iron_sword":44,"minecraft:trial_key":1,"minecraft:dirt":18,"minecraft:chainmail_chestplate":3,"minecraft:carrot":1,"minecraft:honey_bottle":4,"minecraft:iron_axe":35,"minecraft:waxed_cut_copper_slab":1,"minecraft:cobbled_deepslate":53,"minecraft:baked_potato":10,"minecraft:chainmail_helmet":1,"minecraft:leather_boots":1,"minecraft:waxed_copper_block":1,"minecraft:crafting_table":2,"minecraft:blast_furnace":1,"minecraft:diamond_pickaxe":153,"minecraft:bread":14,"minecraft:iron_pickaxe":545,"minecraft:gravel":10,"minecraft:diamond_sword":98,"minecraft:cobblestone":70,"minecraft:chainmail_boots":1,"minecraft:cooked_porkchop":24,"minecraft:andesite":16,"minecraft:chainmail_leggings":2}},"DataVersion":3953}