{"stats":{"minecraft:killed_by":{"minecraft:skeleton":1,"minecraft:player":2},"minecraft:dropped":{"minecraft:iron_sword":1,"minecraft:stick":1},"minecraft:used":{"minecraft:iron_sword":3,"minecraft:leather_boots":1},"minecraft:custom":{"minecraft:time_since_rest":564,"minecraft:crouch_one_cm":143,"minecraft:deaths":6,"minecraft:play_time":16796,"minecraft:sprint_one_cm":37398,"minecraft:damage_taken":1422,"minecraft:walk_one_cm":28362,"minecraft:sneak_time":66,"minecraft:walk_under_water_one_cm":457,"minecraft:drop":2,"minecraft:jump":294,"minecraft:damage_dealt":37,"minecraft:leave_game":2,"minecraft:walk_on_water_one_cm":530,"minecraft:time_since_death":560,"minecraft:total_world_time":16796,"minecraft:fall_one_cm":15791,"minecraft:fly_one_cm":59962,"minecraft:player_kills":1},"minecraft:mined":{"minecraft:oak_leaves":2},"minecraft:picked_up":{"minecraft:iron_sword":1}},"DataVersion":3953}