{"stats":{"minecraft:used":{"minecraft:iron_axe":27,"minecraft:bread":11,"minecraft:iron_pickaxe":75,"minecraft:iron_sword":18,"minecraft:chainmail_helmet":1,"minecraft:leather_boots":1,"minecraft:cobblestone":20,"minecraft:dirt":4,"minecraft:chainmail_boots":1,"minecraft:cooked_porkchop":7,"minecraft:chainmail_chestplate":1,"minecraft:blast_furnace":1,"minecraft:chainmail_leggings":1},"minecraft:picked_up":{"minecraft:raw_iron":7,"minecraft:chainmail_boots":1,"minecraft:cooked_porkchop":64,"minecraft:smithing_table":1,"minecraft:oak_stairs":1,"minecraft:oak_log":17,"minecraft:chainmail_chestplate":1,"minecraft:blast_furnace":1,"minecraft:white_bed":1,"minecraft:dirt":9,"minecraft:iron_axe":1,"minecraft:rotten_flesh":1,"minecraft:bone":2,"minecraft:chainmail_leggings":1,"minecraft:spruce_planks":1,"minecraft:chainmail_helmet":1,"minecraft:iron_pickaxe":1,"minecraft:spruce_slab":1,"minecraft:iron_sword":2,"minecraft:oak_planks":3,"minecraft:coal":31,"minecraft:cobblestone":27},"minecraft:crafted":{"minecraft:oak_planks":68,"minecraft:baked_potato":8,"minecraft:air":0},"minecraft:killed":{"minecraft:zombie":2},"minecraft:killed_by":{"minecraft:player":2,"minecraft:skeleton":1},"minecraft:mined":{"minecraft:smithing_table":1,"minecraft:spruce_planks":1,"minecraft:white_bed":1,"minecraft:iron_ore":7,"minecraft:glow_lichen":1,"minecraft:blast_furnace":1,"minecraft:coal_ore":31,"minecraft:grass_block":6,"minecraft:oak_log":17,"minecraft:oak_stairs":2,"minecraft:dirt":3,"minecraft:packed_ice":2,"minecraft:cobblestone":1,"minecraft:stone":26,"minecraft:oak_planks":3,"minecraft:oak_leaves":11,"minecraft:spruce_slab":1},"minecraft:custom":{"minecraft:time_since_rest":16396,"minecraft:interact_with_furnace":53,"minecraft:sprint_one_cm":177967,"minecraft:damage_taken":2322,"minecraft:walk_one_cm":62904,"minecraft:mob_kills":3,"minecraft:drop":2,"minecraft:damage_dealt":980,"minecraft:swim_one_cm":14438,"minecraft:talked_to_villager":4,"minecraft:fly_one_cm":245200,"minecraft:player_kills":1,"minecraft:open_chest":26,"minecraft:crouch_one_cm":2072,"minecraft:play_time":52747,"minecraft:deaths":6,"minecraft:sneak_time":1049,"minecraft:walk_under_water_one_cm":8475,"minecraft:jump":1160,"minecraft:interact_with_blast_furnace":13,"minecraft:leave_game":2,"minecraft:walk_on_water_one_cm":7697,"minecraft:time_since_death":36511,"minecraft:sleep_in_bed":1,"minecraft:total_world_time":52747,"minecraft:fall_one_cm":43278},"minecraft:dropped":{"minecraft:iron_sword":1,"minecraft:stick":1}},"DataVersion":3953}