{"stats":{"minecraft:picked_up":{"minecraft:feather":3,"minecraft:chainmail_boots":3,"minecraft:andesite":13,"minecraft:smithing_table":1,"minecraft:oak_stairs":1,"minecraft:flint":1,"minecraft:oak_log":17,"minecraft:chainmail_chestplate":3,"minecraft:lapis_lazuli":26,"minecraft:string":4,"minecraft:dirt":10,"minecraft:iron_axe":3,"minecraft:bone":4,"minecraft:wheat_seeds":3,"minecraft:cobbled_deepslate":110,"minecraft:raw_gold":5,"minecraft:spruce_planks":1,"minecraft:iron_pickaxe":6,"minecraft:spruce_slab":1,"minecraft:oak_planks":67,"minecraft:iron_sword":4,"minecraft:raw_iron":23,"minecraft:cooked_porkchop":120,"minecraft:gravel":10,"minecraft:blast_furnace":1,"minecraft:diorite":4,"minecraft:white_bed":1,"minecraft:carrot":3,"minecraft:spider_eye":2,"minecraft:arrow":1,"minecraft:rotten_flesh":3,"minecraft:diamond":32,"minecraft:chainmail_leggings":3,"minecraft:granite":7,"minecraft:chainmail_helmet":2,"minecraft:baked_potato":14,"minecraft:coal":290,"minecraft:cobblestone":76},"minecraft:custom":{"minecraft:interact_with_furnace":73,"minecraft:mob_kills":13,"minecraft:interact_with_crafting_table":4,"minecraft:leave_game":2,"minecraft:time_since_death":27231,"minecraft:sleep_in_bed":2,"minecraft:time_since_rest":27235,"minecraft:sprint_one_cm":239955,"minecraft:damage_taken":3401,"minecraft:walk_one_cm":111877,"minecraft:drop":2,"minecraft:damage_dealt":2954,"minecraft:talked_to_villager":11,"minecraft:swim_one_cm":14438,"minecraft:fly_one_cm":291545,"minecraft:player_kills":1,"minecraft:open_chest":36,"minecraft:crouch_one_cm":19686,"minecraft:play_time":88654,"minecraft:deaths":8,"minecraft:sneak_time":8576,"minecraft:walk_under_water_one_cm":8475,"minecraft:jump":1610,"minecraft:interact_with_blast_furnace":32,"minecraft:walk_on_water_one_cm":7697,"minecraft:total_world_time":88654,"minecraft:fall_one_cm":50214},"minecraft:killed_by":{"minecraft:player":2,"minecraft:skeleton":1,"minecraft:creeper":2},"minecraft:used":{"minecraft:baked_potato":8,"minecraft:iron_sword":44,"minecraft:chainmail_helmet":1,"minecraft:leather_boots":1,"minecraft:dirt":4,"minecraft:crafting_table":1,"minecraft:chainmail_chestplate":3,"minecraft:carrot":1,"minecraft:blast_furnace":1,"minecraft:iron_axe":34,"minecraft:bread":13,"minecraft:iron_pickaxe":436,"minecraft:gravel":9,"minecraft:cobblestone":68,"minecraft:chainmail_boots":1,"minecraft:cooked_porkchop":9,"minecraft:andesite":2,"minecraft:chainmail_leggings":2},"minecraft:dropped":{"minecraft:iron_sword":1,"minecraft:stick":1},"minecraft:mined":{"minecraft:smithing_table":1,"minecraft:spruce_planks":1,"minecraft:white_bed":1,"minecraft:deepslate_diamond_ore":34,"minecraft:sculk_vein":1,"minecraft:glow_lichen":1,"minecraft:granite":7,"minecraft:blast_furnace":1,"minecraft:grass_block":6,"minecraft:cobblestone":7,"minecraft:deepslate_gold_ore":5,"minecraft:oak_planks":3,"minecraft:sculk":52,"minecraft:diorite":4,"minecraft:iron_ore":15,"minecraft:andesite":14,"minecraft:deepslate_lapis_ore":4,"minecraft:coal_ore":92,"minecraft:oak_log":17,"minecraft:oak_stairs":2,"minecraft:gravel":11,"minecraft:dirt":4,"minecraft:packed_ice":2,"minecraft:stone":69,"minecraft:oak_leaves":11,"minecraft:spruce_slab":1,"minecraft:deepslate":111},"minecraft:killed":{"minecraft:spider":2,"minecraft:skeleton":1,"minecraft:zombie":8},"minecraft:crafted":{"minecraft:oak_planks":68,"minecraft:crafting_table":1,"minecraft:baked_potato":8,"minecraft:air":0,"minecraft:stick":4,"minecraft:iron_ingot":7,"minecraft:iron_pickaxe":2},"minecraft:broken":{"minecraft:iron_pickaxe":1}},"DataVersion":3953}