{"stats":{"minecraft:used":{"minecraft:wooden_axe":40,"minecraft:water_bucket":1,"minecraft:oak_planks":27,"minecraft:wooden_pickaxe":10,"minecraft:diamond_sword":51,"minecraft:dirt":2,"minecraft:golden_carrot":2,"minecraft:bow":7,"minecraft:hay_block":2,"minecraft:crafting_table":2,"minecraft:carrot":2,"minecraft:bucket":1,"minecraft:cooked_beef":2,"minecraft:acacia_planks":4},"minecraft:picked_up":{"minecraft:acacia_log":22,"minecraft:dirt":2,"minecraft:string":5,"minecraft:bone":1,"minecraft:wheat_seeds":2,"minecraft:hay_block":2,"minecraft:crossbow":2,"minecraft:armadillo_scute":1,"minecraft:cobblestone":10},"minecraft:dropped":{"minecraft:armadillo_scute":1,"minecraft:string":5},"minecraft:killed":{"minecraft:skeleton":1,"minecraft:pillager":9,"minecraft:spider":3,"minecraft:creeper":1,"minecraft:enderman":1},"minecraft:custom":{"minecraft:time_since_rest":8460,"minecraft:sprint_one_cm":58233,"minecraft:damage_taken":79796,"minecraft:walk_one_cm":31344,"minecraft:mob_kills":15,"minecraft:drop":3,"minecraft:damage_dealt":3325,"minecraft:player_kills":1,"minecraft:interact_with_crafting_table":3,"minecraft:fly_one_cm":74432,"minecraft:open_barrel":12,"minecraft:open_chest":11,"minecraft:crouch_one_cm":4375,"minecraft:play_time":17550,"minecraft:deaths":5,"minecraft:sneak_time":1501,"minecraft:jump":390,"minecraft:time_since_death":8362,"minecraft:total_world_time":17550,"minecraft:fall_one_cm":14459},"minecraft:mined":{"minecraft:hay_block":2,"minecraft:acacia_leaves":1,"minecraft:short_grass":28,"minecraft:acacia_log":22,"minecraft:grass_block":2,"minecraft:tall_grass":3,"minecraft:stone":10},"minecraft:killed_by":{"minecraft:player":2,"minecraft:zombie":1},"minecraft:crafted":{"minecraft:wooden_sword":1,"minecraft:crafting_table":2,"minecraft:stick":8,"minecraft:wooden_pickaxe":1,"minecraft:stone_pickaxe":1,"minecraft:wooden_axe":1,"minecraft:acacia_planks":88}},"DataVersion":3953}