{"stats":{"minecraft:custom":{"minecraft:mob_kills":42,"minecraft:interact_with_crafting_table":36,"minecraft:time_since_death":11871,"minecraft:climb_one_cm":389,"minecraft:sprint_one_cm":416869,"minecraft:walk_one_cm":555481,"minecraft:drop":58,"minecraft:play_time":169244,"minecraft:deaths":11,"minecraft:sneak_time":3097,"minecraft:walk_under_water_one_cm":38778,"minecraft:boat_one_cm":26705,"minecraft:jump":3366,"minecraft:walk_on_water_one_cm":44552,"minecraft:total_world_time":169244,"minecraft:interact_with_furnace":6,"minecraft:interact_with_stonecutter":1,"minecraft:sleep_in_bed":3,"minecraft:time_since_rest":58,"minecraft:damage_taken":4416,"minecraft:damage_dealt":7892,"minecraft:swim_one_cm":149509,"minecraft:fly_one_cm":714744,"minecraft:open_chest":32,"minecraft:crouch_one_cm":8119,"minecraft:fall_one_cm":75254},"minecraft:crafted":{"minecraft:wooden_sword":1,"minecraft:spruce_button":1,"minecraft:birch_slab":30,"minecraft:cobblestone_stairs":72,"minecraft:stone":5,"minecraft:stone_pickaxe":2,"minecraft:spruce_boat":1,"minecraft:birch_door":3,"minecraft:diamond_sword":2,"minecraft:crafting_table":1,"minecraft:spruce_planks":96,"minecraft:wooden_pickaxe":1,"minecraft:birch_pressure_plate":2,"minecraft:spruce_door":9,"minecraft:golden_shovel":5,"minecraft:birch_planks":300,"minecraft:stone_axe":2,"minecraft:diamond_pickaxe":1,"minecraft:stick":28,"minecraft:birch_trapdoor":8,"minecraft:wooden_axe":1,"minecraft:gold_ingot":6,"minecraft:stonecutter":1,"minecraft:birch_stairs":12},"minecraft:mined":{"minecraft:tuff":8,"minecraft:spruce_planks":13,"minecraft:cobblestone_stairs":2,"minecraft:cave_vines_plant":56,"minecraft:granite":3,"minecraft:grass_block":341,"minecraft:spruce_leaves":2,"minecraft:moss_block":7,"minecraft:furnace":2,"minecraft:cobbled_deepslate":7,"minecraft:andesite":2,"minecraft:deepslate_lapis_ore":4,"minecraft:cobblestone_slab":6,"minecraft:cave_vines":66,"minecraft:deepslate_iron_ore":5,"minecraft:dirt_path":5,"minecraft:stone":949,"minecraft:white_wool":1,"minecraft:birch_stairs":3,"minecraft:red_bed":1,"minecraft:kelp_plant":1,"minecraft:powder_snow":4,"minecraft:crafting_table":8,"minecraft:clay":5,"minecraft:short_grass":17,"minecraft:copper_ore":5,"minecraft:tall_grass":7,"minecraft:cobblestone":42,"minecraft:sugar_cane":7,"minecraft:diorite":9,"minecraft:big_dripleaf":1,"minecraft:birch_planks":21,"minecraft:birch_log":46,"minecraft:sweet_berry_bush":9,"minecraft:ice":4,"minecraft:birch_trapdoor":9,"minecraft:spruce_log":25,"minecraft:birch_leaves":9,"minecraft:birch_door":1,"minecraft:yellow_bed":3,"minecraft:coal_ore":16,"minecraft:gravel":1,"minecraft:sand":327,"minecraft:dirt":903,"minecraft:deepslate":29},"minecraft:picked_up":{"minecraft:wooden_axe":1,"minecraft:birch_door":1,"minecraft:iron_chestplate":5,"minecraft:crafting_table":13,"minecraft:clay_ball":43,"minecraft:diamond_sword":5,"minecraft:wooden_pickaxe":1,"minecraft:oak_stairs":2,"minecraft:raw_copper":89,"minecraft:iron_axe":2,"minecraft:moss_carpet":4,"minecraft:string":27,"minecraft:red_bed":1,"minecraft:wooden_sword":1,"minecraft:iron_leggings":5,"minecraft:iron_shovel":1,"minecraft:cobbled_deepslate":49,"minecraft:spruce_planks":61,"minecraft:cobblestone_slab":6,"minecraft:azalea":1,"minecraft:sugar_cane":27,"minecraft:furnace":7,"minecraft:raw_iron":5,"minecraft:stick":29,"minecraft:stone":10,"minecraft:birch_trapdoor":9,"minecraft:big_dripleaf":1,"minecraft:diorite":9,"minecraft:arrow":36,"minecraft:rotten_flesh":44,"minecraft:tropical_fish":1,"minecraft:gold_ingot":4,"minecraft:glow_berries":63,"minecraft:mutton":4,"minecraft:white_wool":4,"minecraft:cobblestone":2467,"minecraft:birch_log":46,"minecraft:cooked_beef":27,"minecraft:andesite":2,"minecraft:leather":5,"minecraft:potato":8,"minecraft:birch_planks":26,"minecraft:tuff":8,"minecraft:oak_log":2,"minecraft:yellow_bed":3,"minecraft:cobblestone_stairs":5,"minecraft:gunpowder":1,"minecraft:lapis_lazuli":25,"minecraft:dirt":1621,"minecraft:cooked_mutton":10,"minecraft:bone":32,"minecraft:apple":1,"minecraft:bow":11,"minecraft:wheat_seeds":46,"minecraft:stone_pickaxe":1,"minecraft:iron_ingot":1,"minecraft:moss_block":7,"minecraft:sweet_berries":28,"minecraft:axolotl_bucket":5,"minecraft:birch_stairs":3,"minecraft:gravel":1,"minecraft:sand":579,"minecraft:spruce_log":24,"minecraft:spruce_door":2,"minecraft:diamond_shovel":6,"minecraft:stone_axe":1,"minecraft:diamond":5,"minecraft:spruce_boat":6,"minecraft:granite":3,"minecraft:black_wool":1,"minecraft:coal":52,"minecraft:diamond_pickaxe":5},"minecraft:broken":{"minecraft:iron_shovel":1,"minecraft:golden_shovel":2,"minecraft:iron_axe":1},"minecraft:killed_by":{"minecraft:player":2,"minecraft:pillager":1,"minecraft:drowned":1,"minecraft:zombie":4},"minecraft:dropped":{"minecraft:birch_planks":164,"minecraft:wheat_seeds":28,"minecraft:lapis_lazuli":55,"minecraft:cobblestone":104,"minecraft:iron_helmet":1,"minecraft:glow_berries":20,"minecraft:leather":5,"minecraft:spruce_button":1,"minecraft:coal":15,"minecraft:cobblestone_stairs":74,"minecraft:dirt":173,"minecraft:diorite":9,"minecraft:wooden_axe":2,"minecraft:iron_leggings":1,"minecraft:wooden_sword":2,"minecraft:axolotl_bucket":3,"minecraft:sand":256,"minecraft:string":5,"minecraft:birch_log":1,"minecraft:bone":9,"minecraft:redstone":26,"minecraft:gravel":1,"minecraft:sugar_cane":4,"minecraft:raw_copper":4,"minecraft:raw_iron":5,"minecraft:clay_ball":45,"minecraft:name_tag":1,"minecraft:golden_shovel":3,"minecraft:gunpowder":5,"minecraft:spruce_planks":40,"minecraft:wooden_pickaxe":2,"minecraft:bow":1,"minecraft:stone_pickaxe":1},"minecraft:killed":{"minecraft:spider":5,"minecraft:skeleton":8,"minecraft:sheep":3,"minecraft:zombie":26},"minecraft:used":{"minecraft:iron_shovel":255,"minecraft:tropical_fish":1,"minecraft:spruce_planks":64,"minecraft:rotten_flesh":19,"minecraft:iron_chestplate":1,"minecraft:dirt":166,"minecraft:birch_pressure_plate":2,"minecraft:mutton":4,"minecraft:golden_shovel":64,"minecraft:tuff":8,"minecraft:axolotl_bucket":2,"minecraft:birch_door":2,"minecraft:spruce_boat":6,"minecraft:wooden_axe":24,"minecraft:iron_axe":74,"minecraft:iron_helmet":1,"minecraft:birch_trapdoor":9,"minecraft:sweet_berries":6,"minecraft:furnace":1,"minecraft:cooked_beef":10,"minecraft:cobbled_deepslate":48,"minecraft:iron_leggings":1,"minecraft:cooked_mutton":5,"minecraft:water_bucket":3,"minecraft:spruce_door":6,"minecraft:birch_planks":37,"minecraft:stone_pickaxe":117,"minecraft:wooden_pickaxe":3,"minecraft:stonecutter":1,"minecraft:white_wool":4,"minecraft:glow_berries":43,"minecraft:sand":2,"minecraft:crafting_table":7,"minecraft:diamond_pickaxe":1026,"minecraft:diamond_shovel":1255,"minecraft:birch_slab":5,"minecraft:golden_helmet":1,"minecraft:stone_axe":97,"minecraft:diamond_sword":105,"minecraft:wooden_sword":16,"minecraft:cobblestone":143,"minecraft:bucket":5,"minecraft:yellow_bed":3,"minecraft:birch_stairs":12}},"DataVersion":3953}