{"stats":{"minecraft:custom":{"minecraft:mob_kills":8,"minecraft:interact_with_crafting_table":7,"minecraft:time_since_death":32878,"minecraft:sleep_in_bed":1,"minecraft:climb_one_cm":389,"minecraft:time_since_rest":32916,"minecraft:sprint_one_cm":126641,"minecraft:damage_taken":1343,"minecraft:walk_one_cm":76565,"minecraft:drop":14,"minecraft:damage_dealt":1379,"minecraft:swim_one_cm":70609,"minecraft:fly_one_cm":240480,"minecraft:open_chest":9,"minecraft:crouch_one_cm":2134,"minecraft:play_time":43544,"minecraft:deaths":4,"minecraft:sneak_time":1251,"minecraft:walk_under_water_one_cm":21694,"minecraft:boat_one_cm":24200,"minecraft:jump":1065,"minecraft:walk_on_water_one_cm":20833,"minecraft:total_world_time":43544,"minecraft:fall_one_cm":32325},"minecraft:crafted":{"minecraft:wooden_sword":1,"minecraft:crafting_table":1,"minecraft:spruce_planks":96,"minecraft:spruce_button":1,"minecraft:wooden_pickaxe":1,"minecraft:spruce_door":9,"minecraft:stone_axe":1,"minecraft:stick":16,"minecraft:stone_pickaxe":1,"minecraft:wooden_axe":1,"minecraft:spruce_boat":1},"minecraft:mined":{"minecraft:tuff":7,"minecraft:spruce_planks":6,"minecraft:red_bed":1,"minecraft:kelp_plant":1,"minecraft:clay":5,"minecraft:crafting_table":6,"minecraft:cave_vines_plant":45,"minecraft:short_grass":2,"minecraft:tall_grass":4,"minecraft:spruce_leaves":1,"minecraft:moss_block":4,"minecraft:diorite":9,"minecraft:big_dripleaf":1,"minecraft:cobbled_deepslate":6,"minecraft:ice":3,"minecraft:sweet_berry_bush":1,"minecraft:spruce_log":25,"minecraft:cave_vines":61,"minecraft:deepslate_iron_ore":5,"minecraft:gravel":1,"minecraft:stone":20,"minecraft:white_wool":1,"minecraft:deepslate":29},"minecraft:picked_up":{"minecraft:wooden_axe":1,"minecraft:crafting_table":6,"minecraft:clay_ball":43,"minecraft:wooden_pickaxe":1,"minecraft:tuff":7,"minecraft:gunpowder":1,"minecraft:red_bed":1,"minecraft:moss_carpet":4,"minecraft:wooden_sword":1,"minecraft:bone":2,"minecraft:wheat_seeds":1,"minecraft:cobbled_deepslate":40,"minecraft:spruce_planks":46,"minecraft:azalea":1,"minecraft:moss_block":4,"minecraft:raw_iron":5,"minecraft:sweet_berries":2,"minecraft:big_dripleaf":1,"minecraft:axolotl_bucket":4,"minecraft:gravel":1,"minecraft:diorite":9,"minecraft:spruce_log":24,"minecraft:spruce_door":1,"minecraft:rotten_flesh":7,"minecraft:diamond":5,"minecraft:spruce_boat":5,"minecraft:glow_berries":55,"minecraft:mutton":4,"minecraft:white_wool":4,"minecraft:cobblestone":20},"minecraft:killed_by":{"minecraft:zombie":2,"minecraft:pillager":1,"minecraft:drowned":1},"minecraft:dropped":{"minecraft:wheat_seeds":1,"minecraft:glow_berries":20,"minecraft:spruce_button":1,"minecraft:spruce_planks":40,"minecraft:wooden_axe":2,"minecraft:wooden_sword":2,"minecraft:axolotl_bucket":3,"minecraft:wooden_pickaxe":2},"minecraft:killed":{"minecraft:sheep":3,"minecraft:skeleton":1,"minecraft:zombie":4},"minecraft:used":{"minecraft:spruce_door":4,"minecraft:stone_pickaxe":117,"minecraft:spruce_planks":31,"minecraft:wooden_pickaxe":3,"minecraft:rotten_flesh":3,"minecraft:iron_chestplate":1,"minecraft:white_wool":4,"minecraft:glow_berries":35,"minecraft:mutton":4,"minecraft:crafting_table":5,"minecraft:axolotl_bucket":1,"minecraft:spruce_boat":5,"minecraft:wooden_axe":24,"minecraft:iron_helmet":1,"minecraft:golden_helmet":1,"minecraft:stone_axe":71,"minecraft:wooden_sword":16,"minecraft:sweet_berries":2,"minecraft:bucket":1,"minecraft:cobbled_deepslate":25,"minecraft:iron_leggings":1}},"DataVersion":3953}