{"stats":{"minecraft:crafted":{"minecraft:wooden_sword":1,"minecraft:crafting_table":1,"minecraft:spruce_planks":80,"minecraft:stick":16,"minecraft:spruce_button":1,"minecraft:wooden_pickaxe":1,"minecraft:stone_pickaxe":1,"minecraft:wooden_axe":1,"minecraft:spruce_door":9,"minecraft:spruce_boat":1,"minecraft:stone_axe":1},"minecraft:custom":{"minecraft:time_since_rest":14916,"minecraft:sprint_one_cm":67063,"minecraft:damage_taken":986,"minecraft:walk_one_cm":41014,"minecraft:mob_kills":3,"minecraft:drop":1,"minecraft:damage_dealt":378,"minecraft:swim_one_cm":63089,"minecraft:interact_with_crafting_table":5,"minecraft:fly_one_cm":157291,"minecraft:open_chest":3,"minecraft:crouch_one_cm":105,"minecraft:play_time":25544,"minecraft:deaths":4,"minecraft:sneak_time":533,"minecraft:walk_under_water_one_cm":14748,"minecraft:boat_one_cm":24200,"minecraft:jump":560,"minecraft:walk_on_water_one_cm":9615,"minecraft:time_since_death":14878,"minecraft:sleep_in_bed":1,"minecraft:total_world_time":25544,"minecraft:fall_one_cm":13287},"minecraft:mined":{"minecraft:tuff":6,"minecraft:red_bed":1,"minecraft:kelp_plant":1,"minecraft:sweet_berry_bush":1,"minecraft:ice":3,"minecraft:spruce_log":25,"minecraft:clay":4,"minecraft:crafting_table":6,"minecraft:deepslate_iron_ore":5,"minecraft:gravel":1,"minecraft:spruce_leaves":1,"minecraft:stone":20,"minecraft:white_wool":1,"minecraft:diorite":9,"minecraft:deepslate":1},"minecraft:picked_up":{"minecraft:raw_iron":5,"minecraft:crafting_table":6,"minecraft:clay_ball":16,"minecraft:sweet_berries":2,"minecraft:gravel":1,"minecraft:tuff":5,"minecraft:diorite":9,"minecraft:spruce_log":24,"minecraft:spruce_door":1,"minecraft:red_bed":1,"minecraft:spruce_boat":5,"minecraft:cobbled_deepslate":1,"minecraft:mutton":4,"minecraft:white_wool":4,"minecraft:cobblestone":20},"minecraft:dropped":{"minecraft:spruce_button":1},"minecraft:killed_by":{"minecraft:drowned":1,"minecraft:zombie":2,"minecraft:pillager":1},"minecraft:killed":{"minecraft:sheep":3},"minecraft:used":{"minecraft:spruce_boat":5,"minecraft:wooden_axe":24,"minecraft:spruce_door":3,"minecraft:stone_pickaxe":42,"minecraft:wooden_pickaxe":3,"minecraft:golden_helmet":1,"minecraft:stone_axe":1,"minecraft:white_wool":3,"minecraft:wooden_sword":1,"minecraft:mutton":4,"minecraft:sweet_berries":2,"minecraft:crafting_table":5}},"DataVersion":3953}