{"stats":{"minecraft:crafted":{"minecraft:wooden_sword":1,"minecraft:diamond_sword":2,"minecraft:crafting_table":1,"minecraft:spruce_planks":96,"minecraft:spruce_button":1,"minecraft:wooden_pickaxe":1,"minecraft:spruce_door":9,"minecraft:golden_shovel":5,"minecraft:birch_planks":8,"minecraft:stone_axe":1,"minecraft:diamond_pickaxe":1,"minecraft:stick":28,"minecraft:gold_ingot":6,"minecraft:stone_pickaxe":1,"minecraft:wooden_axe":1,"minecraft:spruce_boat":1},"minecraft:custom":{"minecraft:interact_with_furnace":1,"minecraft:mob_kills":14,"minecraft:interact_with_crafting_table":13,"minecraft:time_since_death":32690,"minecraft:sleep_in_bed":1,"minecraft:climb_one_cm":389,"minecraft:time_since_rest":32737,"minecraft:sprint_one_cm":260886,"minecraft:damage_taken":2259,"minecraft:walk_one_cm":277760,"minecraft:drop":42,"minecraft:damage_dealt":2799,"minecraft:swim_one_cm":131915,"minecraft:fly_one_cm":484050,"minecraft:open_chest":18,"minecraft:crouch_one_cm":4136,"minecraft:play_time":103544,"minecraft:deaths":6,"minecraft:sneak_time":2110,"minecraft:walk_under_water_one_cm":38080,"minecraft:boat_one_cm":26705,"minecraft:jump":2365,"minecraft:walk_on_water_one_cm":39185,"minecraft:total_world_time":103544,"minecraft:fall_one_cm":53776},"minecraft:mined":{"minecraft:tuff":8,"minecraft:spruce_planks":6,"minecraft:red_bed":1,"minecraft:kelp_plant":1,"minecraft:powder_snow":4,"minecraft:clay":5,"minecraft:crafting_table":6,"minecraft:cave_vines_plant":56,"minecraft:granite":3,"minecraft:short_grass":13,"minecraft:grass_block":202,"minecraft:tall_grass":5,"minecraft:spruce_leaves":2,"minecraft:moss_block":7,"minecraft:diorite":9,"minecraft:big_dripleaf":1,"minecraft:birch_log":2,"minecraft:cobbled_deepslate":7,"minecraft:ice":4,"minecraft:sweet_berry_bush":9,"minecraft:andesite":2,"minecraft:spruce_log":25,"minecraft:coal_ore":8,"minecraft:deepslate_lapis_ore":4,"minecraft:dirt":435,"minecraft:dirt_path":4,"minecraft:sand":1,"minecraft:cave_vines":66,"minecraft:deepslate_iron_ore":5,"minecraft:gravel":1,"minecraft:stone":591,"minecraft:white_wool":1,"minecraft:deepslate":29},"minecraft:picked_up":{"minecraft:wooden_axe":1,"minecraft:birch_log":2,"minecraft:crafting_table":6,"minecraft:cooked_beef":10,"minecraft:clay_ball":43,"minecraft:andesite":2,"minecraft:wooden_pickaxe":1,"minecraft:tuff":8,"minecraft:string":1,"minecraft:dirt":659,"minecraft:gunpowder":1,"minecraft:lapis_lazuli":25,"minecraft:red_bed":1,"minecraft:moss_carpet":4,"minecraft:wooden_sword":1,"minecraft:cooked_mutton":5,"minecraft:iron_shovel":1,"minecraft:bone":2,"minecraft:wheat_seeds":14,"minecraft:cobbled_deepslate":49,"minecraft:spruce_planks":46,"minecraft:azalea":1,"minecraft:moss_block":7,"minecraft:raw_iron":5,"minecraft:sweet_berries":8,"minecraft:big_dripleaf":1,"minecraft:axolotl_bucket":4,"minecraft:gravel":1,"minecraft:sand":1,"minecraft:diorite":9,"minecraft:spruce_log":24,"minecraft:diamond_shovel":1,"minecraft:spruce_door":1,"minecraft:rotten_flesh":16,"minecraft:diamond":5,"minecraft:tropical_fish":1,"minecraft:spruce_boat":6,"minecraft:granite":3,"minecraft:coal":8,"minecraft:black_wool":1,"minecraft:glow_berries":63,"minecraft:mutton":4,"minecraft:white_wool":4,"minecraft:cobblestone":591},"minecraft:killed_by":{"minecraft:zombie":2,"minecraft:pillager":1,"minecraft:drowned":1},"minecraft:broken":{"minecraft:iron_shovel":1,"minecraft:golden_shovel":2},"minecraft:dropped":{"minecraft:gravel":1,"minecraft:sugar_cane":4,"minecraft:wheat_seeds":6,"minecraft:lapis_lazuli":55,"minecraft:raw_copper":4,"minecraft:raw_iron":5,"minecraft:iron_helmet":1,"minecraft:glow_berries":20,"minecraft:clay_ball":45,"minecraft:leather":5,"minecraft:spruce_button":1,"minecraft:name_tag":1,"minecraft:golden_shovel":3,"minecraft:dirt":173,"minecraft:gunpowder":5,"minecraft:diorite":9,"minecraft:spruce_planks":40,"minecraft:wooden_axe":2,"minecraft:iron_leggings":1,"minecraft:bow":1,"minecraft:wooden_sword":2,"minecraft:axolotl_bucket":3,"minecraft:stone_pickaxe":1,"minecraft:wooden_pickaxe":2,"minecraft:bone":9,"minecraft:redstone":26},"minecraft:killed":{"minecraft:spider":1,"minecraft:sheep":3,"minecraft:skeleton":2,"minecraft:zombie":8},"minecraft:used":{"minecraft:cooked_mutton":3,"minecraft:water_bucket":3,"minecraft:iron_shovel":255,"minecraft:spruce_door":6,"minecraft:tropical_fish":1,"minecraft:stone_pickaxe":117,"minecraft:spruce_planks":58,"minecraft:wooden_pickaxe":3,"minecraft:rotten_flesh":19,"minecraft:iron_chestplate":1,"minecraft:white_wool":4,"minecraft:glow_berries":43,"minecraft:dirt":38,"minecraft:mutton":4,"minecraft:crafting_table":6,"minecraft:golden_shovel":64,"minecraft:tuff":8,"minecraft:axolotl_bucket":2,"minecraft:spruce_boat":6,"minecraft:wooden_axe":24,"minecraft:diamond_pickaxe":600,"minecraft:diamond_shovel":321,"minecraft:iron_axe":6,"minecraft:iron_helmet":1,"minecraft:cobblestone":17,"minecraft:golden_helmet":1,"minecraft:stone_axe":71,"minecraft:diamond_sword":41,"minecraft:wooden_sword":16,"minecraft:sweet_berries":6,"minecraft:bucket":5,"minecraft:cobbled_deepslate":48,"minecraft:iron_leggings":1}},"DataVersion":3953}