{"stats":{"minecraft:custom":{"minecraft:mob_kills":41,"minecraft:interact_with_crafting_table":25,"minecraft:time_since_death":7372,"minecraft:climb_one_cm":389,"minecraft:sprint_one_cm":383059,"minecraft:walk_one_cm":523990,"minecraft:drop":58,"minecraft:play_time":157244,"minecraft:deaths":10,"minecraft:sneak_time":2939,"minecraft:walk_under_water_one_cm":38454,"minecraft:boat_one_cm":26705,"minecraft:jump":3132,"minecraft:walk_on_water_one_cm":42882,"minecraft:total_world_time":157244,"minecraft:interact_with_furnace":6,"minecraft:interact_with_stonecutter":1,"minecraft:sleep_in_bed":2,"minecraft:time_since_rest":7405,"minecraft:damage_taken":4361,"minecraft:damage_dealt":7692,"minecraft:swim_one_cm":131915,"minecraft:fly_one_cm":644145,"minecraft:open_chest":24,"minecraft:crouch_one_cm":8028,"minecraft:fall_one_cm":68781},"minecraft:crafted":{"minecraft:wooden_sword":1,"minecraft:spruce_button":1,"minecraft:cobblestone_stairs":72,"minecraft:stone":5,"minecraft:stone_pickaxe":2,"minecraft:spruce_boat":1,"minecraft:diamond_sword":2,"minecraft:crafting_table":1,"minecraft:spruce_planks":96,"minecraft:wooden_pickaxe":1,"minecraft:spruce_door":9,"minecraft:golden_shovel":5,"minecraft:birch_planks":292,"minecraft:stone_axe":2,"minecraft:diamond_pickaxe":1,"minecraft:stick":28,"minecraft:wooden_axe":1,"minecraft:gold_ingot":6,"minecraft:stonecutter":1},"minecraft:mined":{"minecraft:tuff":8,"minecraft:spruce_planks":13,"minecraft:cave_vines_plant":56,"minecraft:granite":3,"minecraft:grass_block":335,"minecraft:spruce_leaves":2,"minecraft:moss_block":7,"minecraft:furnace":2,"minecraft:cobbled_deepslate":7,"minecraft:andesite":2,"minecraft:deepslate_lapis_ore":4,"minecraft:cave_vines":66,"minecraft:deepslate_iron_ore":5,"minecraft:dirt_path":5,"minecraft:stone":949,"minecraft:white_wool":1,"minecraft:red_bed":1,"minecraft:kelp_plant":1,"minecraft:powder_snow":4,"minecraft:crafting_table":8,"minecraft:clay":5,"minecraft:short_grass":17,"minecraft:copper_ore":5,"minecraft:tall_grass":7,"minecraft:cobblestone":41,"minecraft:sugar_cane":7,"minecraft:diorite":9,"minecraft:big_dripleaf":1,"minecraft:birch_planks":20,"minecraft:birch_log":46,"minecraft:sweet_berry_bush":9,"minecraft:ice":4,"minecraft:spruce_log":25,"minecraft:birch_leaves":9,"minecraft:yellow_bed":3,"minecraft:coal_ore":16,"minecraft:gravel":1,"minecraft:sand":327,"minecraft:dirt":900,"minecraft:deepslate":29},"minecraft:picked_up":{"minecraft:wooden_axe":1,"minecraft:iron_chestplate":4,"minecraft:crafting_table":12,"minecraft:clay_ball":43,"minecraft:diamond_sword":4,"minecraft:wooden_pickaxe":1,"minecraft:oak_stairs":2,"minecraft:raw_copper":63,"minecraft:iron_axe":2,"minecraft:moss_carpet":4,"minecraft:string":22,"minecraft:red_bed":1,"minecraft:wooden_sword":1,"minecraft:iron_leggings":4,"minecraft:iron_shovel":1,"minecraft:cobbled_deepslate":49,"minecraft:spruce_planks":61,"minecraft:azalea":1,"minecraft:sugar_cane":27,"minecraft:furnace":6,"minecraft:raw_iron":5,"minecraft:stick":29,"minecraft:stone":8,"minecraft:big_dripleaf":1,"minecraft:diorite":9,"minecraft:arrow":36,"minecraft:rotten_flesh":44,"minecraft:tropical_fish":1,"minecraft:gold_ingot":4,"minecraft:glow_berries":63,"minecraft:mutton":4,"minecraft:white_wool":4,"minecraft:cobblestone":2387,"minecraft:birch_log":46,"minecraft:cooked_beef":27,"minecraft:andesite":2,"minecraft:leather":5,"minecraft:potato":6,"minecraft:birch_planks":25,"minecraft:tuff":8,"minecraft:yellow_bed":3,"minecraft:cobblestone_stairs":3,"minecraft:gunpowder":1,"minecraft:lapis_lazuli":25,"minecraft:dirt":1444,"minecraft:cooked_mutton":7,"minecraft:bone":20,"minecraft:bow":7,"minecraft:wheat_seeds":46,"minecraft:iron_ingot":1,"minecraft:moss_block":7,"minecraft:sweet_berries":8,"minecraft:axolotl_bucket":4,"minecraft:gravel":1,"minecraft:sand":579,"minecraft:spruce_log":24,"minecraft:spruce_door":1,"minecraft:diamond_shovel":5,"minecraft:diamond":5,"minecraft:spruce_boat":6,"minecraft:granite":3,"minecraft:black_wool":1,"minecraft:coal":52,"minecraft:diamond_pickaxe":4},"minecraft:broken":{"minecraft:iron_shovel":1,"minecraft:golden_shovel":2,"minecraft:iron_axe":1},"minecraft:killed_by":{"minecraft:player":2,"minecraft:pillager":1,"minecraft:drowned":1,"minecraft:zombie":4},"minecraft:dropped":{"minecraft:birch_planks":164,"minecraft:wheat_seeds":28,"minecraft:lapis_lazuli":55,"minecraft:cobblestone":104,"minecraft:iron_helmet":1,"minecraft:glow_berries":20,"minecraft:leather":5,"minecraft:spruce_button":1,"minecraft:coal":15,"minecraft:cobblestone_stairs":74,"minecraft:dirt":173,"minecraft:diorite":9,"minecraft:wooden_axe":2,"minecraft:iron_leggings":1,"minecraft:wooden_sword":2,"minecraft:axolotl_bucket":3,"minecraft:sand":256,"minecraft:string":5,"minecraft:birch_log":1,"minecraft:bone":9,"minecraft:redstone":26,"minecraft:gravel":1,"minecraft:sugar_cane":4,"minecraft:raw_copper":4,"minecraft:raw_iron":5,"minecraft:clay_ball":45,"minecraft:name_tag":1,"minecraft:golden_shovel":3,"minecraft:gunpowder":5,"minecraft:spruce_planks":40,"minecraft:wooden_pickaxe":2,"minecraft:bow":1,"minecraft:stone_pickaxe":1},"minecraft:killed":{"minecraft:spider":5,"minecraft:skeleton":8,"minecraft:sheep":3,"minecraft:zombie":25},"minecraft:used":{"minecraft:iron_shovel":255,"minecraft:tropical_fish":1,"minecraft:spruce_planks":64,"minecraft:rotten_flesh":19,"minecraft:iron_chestplate":1,"minecraft:dirt":150,"minecraft:mutton":4,"minecraft:golden_shovel":64,"minecraft:tuff":8,"minecraft:axolotl_bucket":2,"minecraft:spruce_boat":6,"minecraft:wooden_axe":24,"minecraft:iron_axe":74,"minecraft:iron_helmet":1,"minecraft:sweet_berries":6,"minecraft:furnace":1,"minecraft:cooked_beef":10,"minecraft:cobbled_deepslate":48,"minecraft:iron_leggings":1,"minecraft:cooked_mutton":5,"minecraft:water_bucket":3,"minecraft:spruce_door":6,"minecraft:birch_planks":31,"minecraft:stone_pickaxe":117,"minecraft:wooden_pickaxe":3,"minecraft:stonecutter":1,"minecraft:white_wool":4,"minecraft:glow_berries":43,"minecraft:sand":2,"minecraft:crafting_table":7,"minecraft:diamond_pickaxe":1017,"minecraft:diamond_shovel":1246,"minecraft:golden_helmet":1,"minecraft:stone_axe":83,"minecraft:diamond_sword":103,"minecraft:wooden_sword":16,"minecraft:cobblestone":141,"minecraft:bucket":5,"minecraft:yellow_bed":3}},"DataVersion":3953}