{"stats":{"minecraft:custom":{"minecraft:mob_kills":8,"minecraft:interact_with_crafting_table":8,"minecraft:time_since_death":44878,"minecraft:sleep_in_bed":1,"minecraft:climb_one_cm":389,"minecraft:time_since_rest":44916,"minecraft:sprint_one_cm":149399,"minecraft:damage_taken":1632,"minecraft:walk_one_cm":100157,"minecraft:drop":33,"minecraft:damage_dealt":1630,"minecraft:swim_one_cm":103288,"minecraft:fly_one_cm":283269,"minecraft:open_chest":9,"minecraft:crouch_one_cm":2288,"minecraft:play_time":55544,"minecraft:deaths":4,"minecraft:sneak_time":1486,"minecraft:walk_under_water_one_cm":35736,"minecraft:boat_one_cm":24200,"minecraft:jump":1345,"minecraft:walk_on_water_one_cm":26955,"minecraft:total_world_time":55544,"minecraft:fall_one_cm":36056},"minecraft:crafted":{"minecraft:wooden_sword":1,"minecraft:diamond_sword":1,"minecraft:crafting_table":1,"minecraft:spruce_planks":96,"minecraft:spruce_button":1,"minecraft:wooden_pickaxe":1,"minecraft:spruce_door":9,"minecraft:stone_axe":1,"minecraft:diamond_pickaxe":1,"minecraft:stick":16,"minecraft:stone_pickaxe":1,"minecraft:wooden_axe":1,"minecraft:spruce_boat":1},"minecraft:mined":{"minecraft:tuff":7,"minecraft:spruce_planks":6,"minecraft:red_bed":1,"minecraft:kelp_plant":1,"minecraft:clay":5,"minecraft:crafting_table":6,"minecraft:cave_vines_plant":56,"minecraft:granite":3,"minecraft:short_grass":2,"minecraft:tall_grass":4,"minecraft:spruce_leaves":1,"minecraft:moss_block":7,"minecraft:diorite":9,"minecraft:big_dripleaf":1,"minecraft:cobbled_deepslate":6,"minecraft:ice":3,"minecraft:sweet_berry_bush":1,"minecraft:andesite":2,"minecraft:spruce_log":25,"minecraft:deepslate_lapis_ore":4,"minecraft:cave_vines":66,"minecraft:deepslate_iron_ore":5,"minecraft:gravel":1,"minecraft:stone":40,"minecraft:white_wool":1,"minecraft:deepslate":29},"minecraft:picked_up":{"minecraft:wooden_axe":1,"minecraft:crafting_table":6,"minecraft:clay_ball":43,"minecraft:andesite":2,"minecraft:wooden_pickaxe":1,"minecraft:tuff":7,"minecraft:gunpowder":1,"minecraft:lapis_lazuli":25,"minecraft:red_bed":1,"minecraft:moss_carpet":4,"minecraft:wooden_sword":1,"minecraft:bone":2,"minecraft:wheat_seeds":5,"minecraft:cobbled_deepslate":48,"minecraft:spruce_planks":46,"minecraft:azalea":1,"minecraft:moss_block":7,"minecraft:raw_iron":5,"minecraft:sweet_berries":2,"minecraft:big_dripleaf":1,"minecraft:axolotl_bucket":4,"minecraft:gravel":1,"minecraft:diorite":9,"minecraft:spruce_log":24,"minecraft:spruce_door":1,"minecraft:rotten_flesh":8,"minecraft:diamond":5,"minecraft:tropical_fish":1,"minecraft:spruce_boat":5,"minecraft:granite":3,"minecraft:glow_berries":63,"minecraft:mutton":4,"minecraft:white_wool":4,"minecraft:cobblestone":40},"minecraft:killed_by":{"minecraft:zombie":2,"minecraft:pillager":1,"minecraft:drowned":1},"minecraft:dropped":{"minecraft:gravel":1,"minecraft:sugar_cane":4,"minecraft:wheat_seeds":4,"minecraft:lapis_lazuli":55,"minecraft:raw_copper":4,"minecraft:raw_iron":5,"minecraft:iron_helmet":1,"minecraft:glow_berries":20,"minecraft:clay_ball":45,"minecraft:leather":5,"minecraft:spruce_button":1,"minecraft:name_tag":1,"minecraft:gunpowder":5,"minecraft:diorite":9,"minecraft:spruce_planks":40,"minecraft:wooden_axe":2,"minecraft:iron_leggings":1,"minecraft:bow":1,"minecraft:wooden_sword":2,"minecraft:axolotl_bucket":3,"minecraft:stone_pickaxe":1,"minecraft:wooden_pickaxe":2,"minecraft:bone":9,"minecraft:redstone":26},"minecraft:killed":{"minecraft:sheep":3,"minecraft:skeleton":1,"minecraft:zombie":4},"minecraft:used":{"minecraft:water_bucket":3,"minecraft:spruce_door":6,"minecraft:tropical_fish":1,"minecraft:stone_pickaxe":117,"minecraft:spruce_planks":58,"minecraft:wooden_pickaxe":3,"minecraft:rotten_flesh":8,"minecraft:iron_chestplate":1,"minecraft:white_wool":4,"minecraft:glow_berries":43,"minecraft:mutton":4,"minecraft:crafting_table":6,"minecraft:axolotl_bucket":2,"minecraft:spruce_boat":5,"minecraft:wooden_axe":24,"minecraft:diamond_pickaxe":29,"minecraft:iron_helmet":1,"minecraft:golden_helmet":1,"minecraft:stone_axe":71,"minecraft:diamond_sword":13,"minecraft:wooden_sword":16,"minecraft:sweet_berries":2,"minecraft:bucket":5,"minecraft:cobbled_deepslate":47,"minecraft:iron_leggings":1}},"DataVersion":3953}