{"stats":{"minecraft:used":{"minecraft:stone_sword":79,"minecraft:iron_shovel":327,"minecraft:chest":25,"minecraft:spruce_planks":47,"minecraft:shield":49,"minecraft:rotten_flesh":4,"minecraft:oak_door":3,"minecraft:torch":16,"minecraft:dirt":918,"minecraft:mutton":4,"minecraft:golden_shovel":96,"minecraft:axolotl_bucket":4,"minecraft:snowball":8,"minecraft:milk_bucket":2,"minecraft:glass":356,"minecraft:spruce_boat":3,"minecraft:wooden_axe":33,"minecraft:lava_bucket":104,"minecraft:iron_axe":124,"minecraft:oak_stairs":85,"minecraft:bow":13,"minecraft:beef":4,"minecraft:sweet_berries":84,"minecraft:oak_sapling":4,"minecraft:furnace":55,"minecraft:cooked_cod":1,"minecraft:cooked_beef":13,"minecraft:cobbled_deepslate":98,"minecraft:golden_axe":11,"minecraft:cooked_mutton":6,"minecraft:water_bucket":111,"minecraft:end_rod":6,"minecraft:cobblestone_stairs":198,"minecraft:spruce_door":6,"minecraft:birch_planks":448,"minecraft:oak_planks":7,"minecraft:stone_pickaxe":145,"minecraft:wooden_pickaxe":11,"minecraft:diamond_axe":530,"minecraft:cobblestone_slab":82,"minecraft:stonecutter":1,"minecraft:white_wool":1,"minecraft:glow_berries":20,"minecraft:crafting_table":47,"minecraft:crossbow":1,"minecraft:spruce_log":2,"minecraft:oak_log":157,"minecraft:diamond_pickaxe":640,"minecraft:apple":1,"minecraft:diamond_shovel":194,"minecraft:birch_slab":8,"minecraft:iron_pickaxe":33,"minecraft:stone_axe":30,"minecraft:diamond_sword":487,"minecraft:cobblestone":279,"minecraft:cooked_porkchop":27,"minecraft:bucket":227,"minecraft:yellow_bed":1,"minecraft:birch_stairs":4},"minecraft:picked_up":{"minecraft:crafting_table":22,"minecraft:wheat":1,"minecraft:clay_ball":42,"minecraft:diamond_sword":1,"minecraft:oak_stairs":36,"minecraft:golden_shovel":5,"minecraft:shield":1,"minecraft:string":23,"minecraft:moss_carpet":1,"minecraft:raw_copper":30,"minecraft:cobbled_deepslate":113,"minecraft:spruce_planks":16,"minecraft:beef":14,"minecraft:cobblestone_slab":5,"minecraft:azalea":6,"minecraft:sugar_cane":62,"minecraft:chest":6,"minecraft:phantom_membrane":1,"minecraft:furnace":30,"minecraft:egg":3,"minecraft:stick":20,"minecraft:raw_iron":159,"minecraft:oak_door":3,"minecraft:acacia_log":12,"minecraft:torch":12,"minecraft:porkchop":3,"minecraft:golden_axe":1,"minecraft:diorite":1,"minecraft:carrot":1,"minecraft:redstone":26,"minecraft:stone_sword":2,"minecraft:arrow":53,"minecraft:rotten_flesh":65,"minecraft:cooked_cod":1,"minecraft:end_rod":6,"minecraft:gold_ingot":2,"minecraft:glow_berries":20,"minecraft:mutton":20,"minecraft:snowball":13,"minecraft:white_wool":21,"minecraft:cobblestone":534,"minecraft:birch_log":120,"minecraft:feather":2,"minecraft:cooked_beef":26,"minecraft:water_bucket":1,"minecraft:birch_slab":7,"minecraft:andesite":1,"minecraft:leather":17,"minecraft:birch_planks":249,"minecraft:flint":9,"minecraft:oak_log":257,"minecraft:gunpowder":15,"minecraft:cobblestone_stairs":123,"minecraft:lapis_lazuli":101,"minecraft:dirt":922,"minecraft:birch_pressure_plate":1,"minecraft:cooked_mutton":11,"minecraft:glass":128,"minecraft:bone":39,"minecraft:apple":2,"minecraft:bow":7,"minecraft:kelp":2,"minecraft:stonecutter":1,"minecraft:wheat_seeds":43,"minecraft:raw_gold":6,"minecraft:iron_ingot":39,"minecraft:stone_pickaxe":2,"minecraft:moss_block":7,"minecraft:oak_planks":101,"minecraft:cooked_porkchop":34,"minecraft:sweet_berries":104,"minecraft:axolotl_bucket":5,"minecraft:dandelion":3,"minecraft:birch_stairs":2,"minecraft:gravel":4,"minecraft:sand":440,"minecraft:spruce_sapling":2,"minecraft:spruce_log":107,"minecraft:spruce_door":7,"minecraft:spider_eye":8,"minecraft:diamond_shovel":1,"minecraft:clay":1,"minecraft:diamond":45,"minecraft:spruce_boat":2,"minecraft:stone_axe":2,"minecraft:iron_helmet":1,"minecraft:granite":2,"minecraft:birch_sign":1,"minecraft:gray_wool":2,"minecraft:oak_sapling":4,"minecraft:black_wool":2,"minecraft:coal":156,"minecraft:diamond_pickaxe":1},"minecraft:dropped":{"minecraft:water_bucket":1,"minecraft:iron_ingot":40,"minecraft:clay":1,"minecraft:moss_block":7,"minecraft:wheat_seeds":23,"minecraft:golden_helmet":1,"minecraft:cooked_beef":10,"minecraft:golden_pickaxe":1,"minecraft:diamond":9,"minecraft:cooked_porkchop":3,"minecraft:feather":2,"minecraft:cobblestone":78,"minecraft:glow_berries":8,"minecraft:leather":1,"minecraft:apple":1,"minecraft:spruce_door":6,"minecraft:flint":8,"minecraft:stick":3,"minecraft:dirt":97,"minecraft:diorite":1,"minecraft:mutton":13,"minecraft:wooden_axe":1,"minecraft:snowball":5,"minecraft:axolotl_bucket":6,"minecraft:phantom_membrane":1,"minecraft:sand":4,"minecraft:iron_shovel":1,"minecraft:string":16,"minecraft:white_wool":8,"minecraft:spruce_sapling":2,"minecraft:gold_ingot":2,"minecraft:bone":17,"minecraft:gravel":4,"minecraft:stone_axe":4,"minecraft:moss_carpet":1,"minecraft:sugar_cane":14,"minecraft:kelp":2,"minecraft:golden_chestplate":1,"minecraft:iron_nugget":8,"minecraft:stone_sword":3,"minecraft:cobbled_deepslate":2,"minecraft:raw_copper":26,"minecraft:wheat":1,"minecraft:raw_iron":18,"minecraft:birch_pressure_plate":1,"minecraft:rotten_flesh":53,"minecraft:clay_ball":40,"minecraft:diamond_shovel":2,"minecraft:golden_shovel":4,"minecraft:cooked_mutton":8,"minecraft:carrot":1,"minecraft:diamond_sword":1,"minecraft:spruce_boat":1,"minecraft:gunpowder":8,"minecraft:spruce_planks":4,"minecraft:diamond_pickaxe":1,"minecraft:andesite":1,"minecraft:azalea":4,"minecraft:birch_sign":1,"minecraft:spider_eye":6,"minecraft:bow":4,"minecraft:arrow":4,"minecraft:stone_pickaxe":3,"minecraft:wooden_pickaxe":1,"minecraft:black_wool":2,"minecraft:egg":1},"minecraft:killed":{"minecraft:spider":25,"minecraft:phantom":3,"minecraft:skeleton":38,"minecraft:horse":2,"minecraft:pig":15,"minecraft:iron_golem":1,"minecraft:creeper":13,"minecraft:polar_bear":2,"minecraft:sheep":17,"minecraft:zombie":79,"minecraft:enderman":1,"minecraft:cow":10},"minecraft:custom":{"minecraft:mob_kills":211,"minecraft:interact_with_crafting_table":89,"minecraft:open_barrel":19,"minecraft:leave_game":7,"minecraft:time_since_death":323154,"minecraft:damage_resisted":5,"minecraft:climb_one_cm":1382,"minecraft:sprint_one_cm":666606,"minecraft:walk_one_cm":717157,"minecraft:damage_blocked_by_shield":1870,"minecraft:drop":171,"minecraft:play_time":323154,"minecraft:sneak_time":21535,"minecraft:walk_under_water_one_cm":59414,"minecraft:boat_one_cm":90664,"minecraft:jump":6279,"minecraft:walk_on_water_one_cm":69067,"minecraft:total_world_time":323154,"minecraft:interact_with_furnace":135,"minecraft:interact_with_stonecutter":3,"minecraft:sleep_in_bed":3,"minecraft:time_since_rest":48492,"minecraft:damage_taken":3733,"minecraft:damage_dealt":36986,"minecraft:player_kills":6,"minecraft:swim_one_cm":138915,"minecraft:fly_one_cm":1076164,"minecraft:open_chest":86,"minecraft:crouch_one_cm":73127,"minecraft:fall_one_cm":138322},"minecraft:mined":{"minecraft:spruce_planks":11,"minecraft:deepslate_diamond_ore":45,"minecraft:oak_door":3,"minecraft:cobblestone_stairs":51,"minecraft:granite":3,"minecraft:cave_vines_plant":1,"minecraft:acacia_log":12,"minecraft:grass_block":479,"minecraft:birch_slab":6,"minecraft:spruce_leaves":34,"minecraft:moss_block":5,"minecraft:large_fern":2,"minecraft:furnace":29,"minecraft:iron_ore":71,"minecraft:fire":1,"minecraft:cobbled_deepslate":10,"minecraft:deepslate_lapis_ore":16,"minecraft:cobblestone_slab":3,"minecraft:cave_vines":1,"minecraft:deepslate_iron_ore":22,"minecraft:oak_stairs":35,"minecraft:azalea":1,"minecraft:stone":279,"minecraft:white_wool":1,"minecraft:birch_stairs":2,"minecraft:deepslate_redstone_ore":6,"minecraft:kelp_plant":1,"minecraft:dandelion":3,"minecraft:spruce_door":7,"minecraft:clay":10,"minecraft:crafting_table":20,"minecraft:torch":1,"minecraft:short_grass":114,"minecraft:chest":1,"minecraft:glass":6,"minecraft:copper_ore":1,"minecraft:tall_grass":14,"minecraft:cobblestone":56,"minecraft:deepslate_gold_ore":6,"minecraft:sugar_cane":14,"minecraft:deepslate_copper_ore":2,"minecraft:birch_planks":39,"minecraft:birch_log":121,"minecraft:sweet_berry_bush":31,"minecraft:spruce_log":107,"minecraft:birch_leaves":10,"minecraft:oak_log":250,"minecraft:coal_ore":55,"minecraft:end_rod":5,"minecraft:gravel":1,"minecraft:dirt":229,"minecraft:sand":58,"minecraft:stonecutter":1,"minecraft:deepslate":113,"minecraft:oak_leaves":36,"minecraft:fern":1},"minecraft:crafted":{"minecraft:oak_door":3,"minecraft:oak_planks":392,"minecraft:yellow_wool":3,"minecraft:cobblestone_slab":150,"minecraft:birch_slab":6,"minecraft:furnace":37,"minecraft:cobblestone_stairs":88,"minecraft:yellow_bed":1,"minecraft:diamond_shovel":1,"minecraft:flint_and_steel":1,"minecraft:cooked_mutton":3,"minecraft:glass":236,"minecraft:diamond_leggings":1,"minecraft:iron_boots":1,"minecraft:iron_axe":1,"minecraft:stone_pickaxe":2,"minecraft:chest":19,"minecraft:spruce_boat":2,"minecraft:cooked_beef":8,"minecraft:golden_axe":1,"minecraft:diamond_sword":1,"minecraft:cooked_porkchop":1,"minecraft:diamond_axe":1,"minecraft:crafting_table":34,"minecraft:spruce_planks":200,"minecraft:wooden_pickaxe":1,"minecraft:iron_helmet":1,"minecraft:spruce_door":6,"minecraft:golden_pickaxe":1,"minecraft:golden_shovel":2,"minecraft:bucket":8,"minecraft:birch_planks":256,"minecraft:stone_axe":2,"minecraft:air":0,"minecraft:iron_chestplate":2,"minecraft:diamond_pickaxe":2,"minecraft:yellow_dye":3,"minecraft:shield":1,"minecraft:stick":60,"minecraft:iron_ingot":79,"minecraft:iron_pickaxe":1,"minecraft:oak_stairs":64,"minecraft:wooden_axe":1,"minecraft:stone_sword":1,"minecraft:gold_ingot":9,"minecraft:iron_shovel":3,"minecraft:iron_leggings":2,"minecraft:acacia_planks":48,"minecraft:torch":4,"minecraft:birch_stairs":8,"minecraft:shears":2,"minecraft:diamond_chestplate":1},"minecraft:broken":{"minecraft:iron_shovel":1,"minecraft:iron_boots":1,"minecraft:golden_shovel":3,"minecraft:stone_pickaxe":1,"minecraft:iron_helmet":1}},"DataVersion":3953}