{"stats":{"minecraft:custom":{"minecraft:mob_kills":65,"minecraft:interact_with_crafting_table":39,"minecraft:leave_game":3,"minecraft:time_since_death":92652,"minecraft:climb_one_cm":818,"minecraft:sprint_one_cm":177897,"minecraft:walk_one_cm":175102,"minecraft:damage_blocked_by_shield":721,"minecraft:drop":65,"minecraft:play_time":92652,"minecraft:sneak_time":6612,"minecraft:walk_under_water_one_cm":33499,"minecraft:boat_one_cm":6963,"minecraft:jump":1738,"minecraft:walk_on_water_one_cm":37981,"minecraft:total_world_time":92652,"minecraft:interact_with_furnace":40,"minecraft:sleep_in_bed":1,"minecraft:time_since_rest":65172,"minecraft:damage_taken":1923,"minecraft:damage_dealt":12191,"minecraft:swim_one_cm":47532,"minecraft:fly_one_cm":224310,"minecraft:player_kills":1,"minecraft:open_chest":8,"minecraft:crouch_one_cm":15470,"minecraft:fall_one_cm":43474},"minecraft:crafted":{"minecraft:oak_planks":28,"minecraft:furnace":1,"minecraft:cooked_mutton":3,"minecraft:diamond_leggings":1,"minecraft:iron_boots":1,"minecraft:iron_axe":1,"minecraft:stone_pickaxe":2,"minecraft:chest":3,"minecraft:spruce_boat":1,"minecraft:cooked_beef":8,"minecraft:diamond_sword":1,"minecraft:cooked_porkchop":1,"minecraft:diamond_axe":1,"minecraft:crafting_table":2,"minecraft:spruce_planks":108,"minecraft:wooden_pickaxe":1,"minecraft:iron_helmet":1,"minecraft:spruce_door":6,"minecraft:bucket":8,"minecraft:stone_axe":2,"minecraft:air":0,"minecraft:iron_chestplate":2,"minecraft:diamond_pickaxe":2,"minecraft:shield":1,"minecraft:stick":36,"minecraft:iron_pickaxe":1,"minecraft:iron_ingot":78,"minecraft:wooden_axe":1,"minecraft:stone_sword":1,"minecraft:iron_leggings":2,"minecraft:torch":4,"minecraft:diamond_chestplate":1},"minecraft:mined":{"minecraft:spruce_planks":4,"minecraft:deepslate_diamond_ore":41,"minecraft:cave_vines_plant":1,"minecraft:spruce_leaves":23,"minecraft:moss_block":5,"minecraft:large_fern":2,"minecraft:furnace":2,"minecraft:iron_ore":36,"minecraft:fire":1,"minecraft:cobbled_deepslate":8,"minecraft:deepslate_lapis_ore":15,"minecraft:cave_vines":1,"minecraft:deepslate_iron_ore":20,"minecraft:azalea":1,"minecraft:stone":77,"minecraft:white_wool":1,"minecraft:deepslate_redstone_ore":6,"minecraft:spruce_door":4,"minecraft:clay":8,"minecraft:crafting_table":13,"minecraft:torch":1,"minecraft:short_grass":5,"minecraft:tall_grass":6,"minecraft:cobblestone":11,"minecraft:deepslate_gold_ore":6,"minecraft:sugar_cane":1,"minecraft:deepslate_copper_ore":2,"minecraft:sweet_berry_bush":13,"minecraft:spruce_log":30,"minecraft:oak_log":7,"minecraft:coal_ore":37,"minecraft:gravel":1,"minecraft:sand":2,"minecraft:deepslate":76},"minecraft:picked_up":{"minecraft:crafting_table":14,"minecraft:clay_ball":34,"minecraft:string":4,"minecraft:moss_carpet":1,"minecraft:raw_copper":4,"minecraft:cobbled_deepslate":83,"minecraft:spruce_planks":4,"minecraft:beef":14,"minecraft:azalea":6,"minecraft:sugar_cane":4,"minecraft:furnace":2,"minecraft:stick":2,"minecraft:raw_iron":122,"minecraft:torch":12,"minecraft:carrot":1,"minecraft:redstone":26,"minecraft:stone_sword":2,"minecraft:arrow":17,"minecraft:rotten_flesh":21,"minecraft:glow_berries":20,"minecraft:mutton":5,"minecraft:snowball":13,"minecraft:white_wool":3,"minecraft:cobblestone":95,"minecraft:feather":2,"minecraft:andesite":1,"minecraft:leather":10,"minecraft:flint":1,"minecraft:oak_log":7,"minecraft:gunpowder":8,"minecraft:lapis_lazuli":94,"minecraft:dirt":9,"minecraft:bone":19,"minecraft:bow":3,"minecraft:wheat_seeds":4,"minecraft:raw_gold":6,"minecraft:stone_pickaxe":1,"minecraft:iron_ingot":35,"minecraft:moss_block":7,"minecraft:cooked_porkchop":3,"minecraft:sweet_berries":56,"minecraft:axolotl_bucket":5,"minecraft:gravel":4,"minecraft:sand":4,"minecraft:spruce_sapling":1,"minecraft:spruce_log":29,"minecraft:spruce_door":4,"minecraft:spider_eye":4,"minecraft:clay":1,"minecraft:spruce_boat":1,"minecraft:diamond":41,"minecraft:stone_axe":1,"minecraft:iron_helmet":1,"minecraft:coal":92},"minecraft:broken":{"minecraft:stone_pickaxe":1},"minecraft:dropped":{"minecraft:iron_ingot":32,"minecraft:clay":1,"minecraft:moss_block":7,"minecraft:wheat_seeds":4,"minecraft:diamond":5,"minecraft:feather":2,"minecraft:cobblestone":2,"minecraft:glow_berries":8,"minecraft:spruce_door":6,"minecraft:flint":1,"minecraft:dirt":9,"minecraft:wooden_axe":1,"minecraft:snowball":5,"minecraft:axolotl_bucket":6,"minecraft:sand":4,"minecraft:string":2,"minecraft:white_wool":2,"minecraft:spruce_sapling":1,"minecraft:gravel":4,"minecraft:moss_carpet":1,"minecraft:stone_axe":3,"minecraft:stone_sword":3,"minecraft:cobbled_deepslate":2,"minecraft:rotten_flesh":21,"minecraft:clay_ball":32,"minecraft:carrot":1,"minecraft:spruce_boat":1,"minecraft:gunpowder":4,"minecraft:andesite":1,"minecraft:azalea":4,"minecraft:spider_eye":4,"minecraft:arrow":1,"minecraft:stone_pickaxe":2,"minecraft:wooden_pickaxe":1},"minecraft:killed":{"minecraft:spider":4,"minecraft:skeleton":19,"minecraft:creeper":5,"minecraft:sheep":2,"minecraft:zombie":27,"minecraft:enderman":1,"minecraft:cow":4},"minecraft:used":{"minecraft:stone_sword":79,"minecraft:chest":3,"minecraft:spruce_planks":23,"minecraft:shield":23,"minecraft:torch":16,"minecraft:mutton":2,"minecraft:axolotl_bucket":4,"minecraft:snowball":8,"minecraft:spruce_boat":1,"minecraft:wooden_axe":33,"minecraft:lava_bucket":15,"minecraft:iron_axe":70,"minecraft:sweet_berries":56,"minecraft:furnace":3,"minecraft:cooked_beef":8,"minecraft:cobbled_deepslate":45,"minecraft:cooked_mutton":3,"minecraft:water_bucket":33,"minecraft:spruce_door":3,"minecraft:stone_pickaxe":145,"minecraft:wooden_pickaxe":11,"minecraft:glow_berries":20,"minecraft:crafting_table":15,"minecraft:spruce_log":2,"minecraft:diamond_pickaxe":166,"minecraft:iron_pickaxe":33,"minecraft:stone_axe":30,"minecraft:diamond_sword":53,"minecraft:cobblestone":71,"minecraft:cooked_porkchop":4,"minecraft:bucket":60}},"DataVersion":3953}