{"stats":{"minecraft:custom":{"minecraft:mob_kills":101,"minecraft:interact_with_crafting_table":46,"minecraft:leave_game":3,"minecraft:time_since_death":128652,"minecraft:climb_one_cm":1382,"minecraft:sprint_one_cm":299309,"minecraft:walk_one_cm":270728,"minecraft:damage_blocked_by_shield":1054,"minecraft:drop":84,"minecraft:play_time":128652,"minecraft:sneak_time":7455,"minecraft:walk_under_water_one_cm":43730,"minecraft:boat_one_cm":33270,"minecraft:jump":2794,"minecraft:walk_on_water_one_cm":46678,"minecraft:total_world_time":128652,"minecraft:interact_with_furnace":41,"minecraft:sleep_in_bed":1,"minecraft:time_since_rest":101172,"minecraft:damage_taken":2477,"minecraft:damage_dealt":19189,"minecraft:swim_one_cm":81143,"minecraft:fly_one_cm":450683,"minecraft:player_kills":1,"minecraft:open_chest":13,"minecraft:crouch_one_cm":17798,"minecraft:fall_one_cm":61582},"minecraft:crafted":{"minecraft:oak_planks":88,"minecraft:furnace":1,"minecraft:cooked_mutton":3,"minecraft:diamond_leggings":1,"minecraft:iron_boots":1,"minecraft:iron_axe":1,"minecraft:stone_pickaxe":2,"minecraft:chest":5,"minecraft:spruce_boat":2,"minecraft:cooked_beef":8,"minecraft:diamond_sword":1,"minecraft:cooked_porkchop":1,"minecraft:diamond_axe":1,"minecraft:crafting_table":2,"minecraft:spruce_planks":200,"minecraft:wooden_pickaxe":1,"minecraft:iron_helmet":1,"minecraft:spruce_door":6,"minecraft:bucket":8,"minecraft:stone_axe":2,"minecraft:air":0,"minecraft:iron_chestplate":2,"minecraft:diamond_pickaxe":2,"minecraft:shield":1,"minecraft:stick":36,"minecraft:iron_pickaxe":1,"minecraft:iron_ingot":78,"minecraft:wooden_axe":1,"minecraft:stone_sword":1,"minecraft:iron_shovel":2,"minecraft:iron_leggings":2,"minecraft:torch":4,"minecraft:diamond_chestplate":1},"minecraft:mined":{"minecraft:spruce_planks":4,"minecraft:deepslate_diamond_ore":45,"minecraft:cave_vines_plant":1,"minecraft:grass_block":95,"minecraft:spruce_leaves":30,"minecraft:moss_block":5,"minecraft:large_fern":2,"minecraft:furnace":2,"minecraft:iron_ore":36,"minecraft:fire":1,"minecraft:cobbled_deepslate":10,"minecraft:deepslate_lapis_ore":16,"minecraft:cave_vines":1,"minecraft:deepslate_iron_ore":22,"minecraft:azalea":1,"minecraft:stone":86,"minecraft:white_wool":1,"minecraft:deepslate_redstone_ore":6,"minecraft:spruce_door":7,"minecraft:clay":10,"minecraft:crafting_table":16,"minecraft:torch":1,"minecraft:short_grass":33,"minecraft:chest":1,"minecraft:tall_grass":6,"minecraft:cobblestone":11,"minecraft:deepslate_gold_ore":6,"minecraft:sugar_cane":8,"minecraft:deepslate_copper_ore":2,"minecraft:sweet_berry_bush":31,"minecraft:spruce_log":51,"minecraft:birch_leaves":2,"minecraft:oak_log":83,"minecraft:coal_ore":37,"minecraft:dirt":10,"minecraft:gravel":1,"minecraft:sand":2,"minecraft:oak_leaves":11,"minecraft:fern":1,"minecraft:deepslate":113},"minecraft:picked_up":{"minecraft:crafting_table":17,"minecraft:clay_ball":42,"minecraft:string":6,"minecraft:moss_carpet":1,"minecraft:raw_copper":4,"minecraft:cobbled_deepslate":113,"minecraft:spruce_planks":4,"minecraft:beef":14,"minecraft:azalea":6,"minecraft:chest":1,"minecraft:sugar_cane":25,"minecraft:furnace":2,"minecraft:stick":9,"minecraft:raw_iron":124,"minecraft:torch":12,"minecraft:porkchop":3,"minecraft:carrot":1,"minecraft:redstone":26,"minecraft:cooked_cod":1,"minecraft:stone_sword":2,"minecraft:arrow":22,"minecraft:rotten_flesh":39,"minecraft:glow_berries":20,"minecraft:mutton":5,"minecraft:snowball":13,"minecraft:white_wool":5,"minecraft:cobblestone":104,"minecraft:feather":2,"minecraft:andesite":1,"minecraft:leather":10,"minecraft:flint":1,"minecraft:oak_log":86,"minecraft:gunpowder":8,"minecraft:lapis_lazuli":101,"minecraft:dirt":49,"minecraft:cooked_mutton":4,"minecraft:bone":20,"minecraft:apple":1,"minecraft:bow":3,"minecraft:wheat_seeds":11,"minecraft:raw_gold":6,"minecraft:stone_pickaxe":1,"minecraft:iron_ingot":35,"minecraft:moss_block":7,"minecraft:cooked_porkchop":3,"minecraft:sweet_berries":104,"minecraft:axolotl_bucket":5,"minecraft:gravel":4,"minecraft:sand":4,"minecraft:spruce_sapling":2,"minecraft:spruce_log":52,"minecraft:spruce_door":7,"minecraft:spider_eye":5,"minecraft:clay":1,"minecraft:spruce_boat":2,"minecraft:diamond":45,"minecraft:stone_axe":1,"minecraft:iron_helmet":1,"minecraft:black_wool":1,"minecraft:coal":92},"minecraft:broken":{"minecraft:stone_pickaxe":1},"minecraft:dropped":{"minecraft:iron_ingot":32,"minecraft:clay":1,"minecraft:moss_block":7,"minecraft:wheat_seeds":6,"minecraft:diamond":9,"minecraft:feather":2,"minecraft:cobblestone":11,"minecraft:glow_berries":8,"minecraft:spruce_door":6,"minecraft:flint":1,"minecraft:dirt":9,"minecraft:wooden_axe":1,"minecraft:snowball":5,"minecraft:axolotl_bucket":6,"minecraft:sand":4,"minecraft:iron_shovel":1,"minecraft:string":6,"minecraft:white_wool":4,"minecraft:spruce_sapling":2,"minecraft:bone":3,"minecraft:gravel":4,"minecraft:moss_carpet":1,"minecraft:stone_axe":3,"minecraft:stone_sword":3,"minecraft:cobbled_deepslate":2,"minecraft:raw_iron":18,"minecraft:rotten_flesh":25,"minecraft:clay_ball":40,"minecraft:cooked_mutton":1,"minecraft:carrot":1,"minecraft:spruce_boat":1,"minecraft:gunpowder":4,"minecraft:andesite":1,"minecraft:azalea":4,"minecraft:spider_eye":5,"minecraft:arrow":1,"minecraft:stone_pickaxe":2,"minecraft:wooden_pickaxe":1,"minecraft:black_wool":1},"minecraft:killed":{"minecraft:spider":7,"minecraft:phantom":1,"minecraft:skeleton":24,"minecraft:pig":1,"minecraft:creeper":5,"minecraft:polar_bear":2,"minecraft:sheep":3,"minecraft:zombie":50,"minecraft:enderman":1,"minecraft:cow":4},"minecraft:used":{"minecraft:stone_sword":79,"minecraft:iron_shovel":121,"minecraft:chest":6,"minecraft:spruce_planks":23,"minecraft:shield":31,"minecraft:rotten_flesh":4,"minecraft:torch":16,"minecraft:dirt":4,"minecraft:mutton":2,"minecraft:axolotl_bucket":4,"minecraft:snowball":8,"minecraft:spruce_boat":2,"minecraft:wooden_axe":33,"minecraft:lava_bucket":43,"minecraft:iron_axe":124,"minecraft:beef":4,"minecraft:sweet_berries":84,"minecraft:furnace":3,"minecraft:cooked_cod":1,"minecraft:cooked_beef":8,"minecraft:cobbled_deepslate":98,"minecraft:cooked_mutton":6,"minecraft:water_bucket":43,"minecraft:spruce_door":6,"minecraft:stone_pickaxe":145,"minecraft:wooden_pickaxe":11,"minecraft:diamond_axe":68,"minecraft:white_wool":1,"minecraft:glow_berries":20,"minecraft:crafting_table":18,"minecraft:spruce_log":2,"minecraft:diamond_pickaxe":223,"minecraft:apple":1,"minecraft:iron_pickaxe":33,"minecraft:stone_axe":30,"minecraft:diamond_sword":195,"minecraft:cobblestone":71,"minecraft:cooked_porkchop":4,"minecraft:bucket":98}},"DataVersion":3953}