{"stats":{"minecraft:crafted":{"minecraft:crafting_table":1,"minecraft:spruce_planks":108,"minecraft:stick":12,"minecraft:wooden_pickaxe":1,"minecraft:stone_pickaxe":1,"minecraft:wooden_axe":1,"minecraft:stone_sword":1,"minecraft:furnace":1,"minecraft:stone_axe":2},"minecraft:custom":{"minecraft:time_since_rest":8890,"minecraft:interact_with_furnace":1,"minecraft:sprint_one_cm":28014,"minecraft:damage_taken":180,"minecraft:walk_one_cm":13917,"minecraft:mob_kills":10,"minecraft:drop":4,"minecraft:damage_dealt":1320,"minecraft:interact_with_crafting_table":4,"minecraft:fly_one_cm":44509,"minecraft:crouch_one_cm":1402,"minecraft:play_time":8890,"minecraft:sneak_time":605,"minecraft:jump":192,"minecraft:walk_on_water_one_cm":297,"minecraft:leave_game":1,"minecraft:time_since_death":8890,"minecraft:total_world_time":8890,"minecraft:fall_one_cm":6030},"minecraft:picked_up":{"minecraft:crafting_table":2,"minecraft:leather":8,"minecraft:sand":2,"minecraft:spruce_log":29,"minecraft:spider_eye":1,"minecraft:bone":2,"minecraft:arrow":1,"minecraft:rotten_flesh":2,"minecraft:bow":1,"minecraft:wheat_seeds":1,"minecraft:beef":8,"minecraft:sugar_cane":4,"minecraft:mutton":3,"minecraft:coal":1,"minecraft:white_wool":2,"minecraft:cobblestone":27},"minecraft:mined":{"minecraft:large_fern":2,"minecraft:spruce_log":30,"minecraft:crafting_table":2,"minecraft:coal_ore":1,"minecraft:sand":2,"minecraft:spruce_leaves":6,"minecraft:stone":27,"minecraft:sugar_cane":1},"minecraft:dropped":{"minecraft:wheat_seeds":1,"minecraft:wooden_axe":1,"minecraft:arrow":1,"minecraft:wooden_pickaxe":1},"minecraft:killed":{"minecraft:sheep":2,"minecraft:skeleton":2,"minecraft:zombie":1,"minecraft:spider":1,"minecraft:cow":4},"minecraft:used":{"minecraft:wooden_axe":33,"minecraft:stone_sword":9,"minecraft:stone_pickaxe":18,"minecraft:spruce_planks":4,"minecraft:wooden_pickaxe":11,"minecraft:stone_axe":11,"minecraft:crafting_table":3,"minecraft:furnace":1,"minecraft:spruce_log":2}},"DataVersion":3953}