{"stats":{"minecraft:picked_up":{"minecraft:birch_log":5,"minecraft:crafting_table":3,"minecraft:leather":2,"minecraft:oak_log":5,"minecraft:beef":5,"minecraft:cobblestone":8},"minecraft:custom":{"minecraft:time_since_rest":5926,"minecraft:sprint_one_cm":15655,"minecraft:damage_taken":230,"minecraft:walk_one_cm":5990,"minecraft:mob_kills":2,"minecraft:drop":3,"minecraft:damage_dealt":215,"minecraft:swim_one_cm":1415,"minecraft:interact_with_crafting_table":6,"minecraft:fly_one_cm":31565,"minecraft:crouch_one_cm":1247,"minecraft:play_time":5926,"minecraft:sneak_time":460,"minecraft:walk_under_water_one_cm":216,"minecraft:jump":174,"minecraft:walk_on_water_one_cm":87,"minecraft:time_since_death":5926,"minecraft:total_world_time":5926,"minecraft:fall_one_cm":7238},"minecraft:used":{"minecraft:wooden_axe":6,"minecraft:wooden_hoe":2,"minecraft:stone_sword":2,"minecraft:oak_planks":1,"minecraft:wooden_pickaxe":8,"minecraft:stone_axe":1,"minecraft:beef":3,"minecraft:crafting_table":3},"minecraft:dropped":{"minecraft:wooden_hoe":1,"minecraft:wooden_axe":1,"minecraft:wooden_pickaxe":1},"minecraft:mined":{"minecraft:birch_log":5,"minecraft:crafting_table":3,"minecraft:oak_log":5,"minecraft:stone":8},"minecraft:killed":{"minecraft:cow":2},"minecraft:crafted":{"minecraft:oak_planks":20,"minecraft:wooden_hoe":1,"minecraft:crafting_table":1,"minecraft:stick":16,"minecraft:wooden_pickaxe":1,"minecraft:stone_pickaxe":1,"minecraft:wooden_axe":1,"minecraft:stone_sword":1,"minecraft:birch_planks":20,"minecraft:stone_axe":1}},"DataVersion":3953}