{"stats":{"minecraft:custom":{"minecraft:mob_kills":130,"minecraft:interact_with_crafting_table":50,"minecraft:leave_game":3,"minecraft:time_since_death":164446,"minecraft:climb_one_cm":1382,"minecraft:sprint_one_cm":366635,"minecraft:walk_one_cm":373468,"minecraft:damage_blocked_by_shield":1134,"minecraft:drop":91,"minecraft:play_time":164446,"minecraft:sneak_time":11735,"minecraft:walk_under_water_one_cm":45898,"minecraft:boat_one_cm":33270,"minecraft:jump":3471,"minecraft:walk_on_water_one_cm":54149,"minecraft:total_world_time":164446,"minecraft:interact_with_furnace":44,"minecraft:sleep_in_bed":1,"minecraft:time_since_rest":136966,"minecraft:damage_taken":2613,"minecraft:damage_dealt":21759,"minecraft:player_kills":1,"minecraft:swim_one_cm":87266,"minecraft:fly_one_cm":582702,"minecraft:open_chest":23,"minecraft:crouch_one_cm":35142,"minecraft:fall_one_cm":78867},"minecraft:crafted":{"minecraft:oak_planks":88,"minecraft:furnace":2,"minecraft:diamond_shovel":1,"minecraft:cooked_mutton":3,"minecraft:diamond_leggings":1,"minecraft:iron_boots":1,"minecraft:iron_axe":1,"minecraft:stone_pickaxe":2,"minecraft:chest":5,"minecraft:spruce_boat":2,"minecraft:cooked_beef":8,"minecraft:diamond_sword":1,"minecraft:cooked_porkchop":1,"minecraft:diamond_axe":1,"minecraft:crafting_table":2,"minecraft:spruce_planks":200,"minecraft:wooden_pickaxe":1,"minecraft:iron_helmet":1,"minecraft:spruce_door":6,"minecraft:bucket":8,"minecraft:stone_axe":2,"minecraft:air":0,"minecraft:iron_chestplate":2,"minecraft:diamond_pickaxe":2,"minecraft:shield":1,"minecraft:stick":52,"minecraft:iron_ingot":78,"minecraft:iron_pickaxe":1,"minecraft:wooden_axe":1,"minecraft:stone_sword":1,"minecraft:iron_shovel":2,"minecraft:iron_leggings":2,"minecraft:torch":4,"minecraft:diamond_chestplate":1},"minecraft:mined":{"minecraft:spruce_planks":4,"minecraft:deepslate_diamond_ore":45,"minecraft:cave_vines_plant":1,"minecraft:grass_block":400,"minecraft:spruce_leaves":30,"minecraft:moss_block":5,"minecraft:large_fern":2,"minecraft:furnace":2,"minecraft:iron_ore":36,"minecraft:cobbled_deepslate":10,"minecraft:fire":1,"minecraft:deepslate_lapis_ore":16,"minecraft:cave_vines":1,"minecraft:deepslate_iron_ore":22,"minecraft:azalea":1,"minecraft:stone":221,"minecraft:white_wool":1,"minecraft:deepslate_redstone_ore":6,"minecraft:spruce_door":7,"minecraft:clay":10,"minecraft:crafting_table":16,"minecraft:torch":1,"minecraft:short_grass":91,"minecraft:chest":1,"minecraft:tall_grass":11,"minecraft:copper_ore":1,"minecraft:cobblestone":11,"minecraft:deepslate_gold_ore":6,"minecraft:sugar_cane":8,"minecraft:deepslate_copper_ore":2,"minecraft:sweet_berry_bush":31,"minecraft:spruce_log":51,"minecraft:birch_leaves":2,"minecraft:oak_log":159,"minecraft:coal_ore":52,"minecraft:gravel":1,"minecraft:sand":2,"minecraft:dirt":157,"minecraft:oak_leaves":17,"minecraft:deepslate":113,"minecraft:fern":1},"minecraft:picked_up":{"minecraft:crafting_table":17,"minecraft:clay_ball":42,"minecraft:golden_shovel":3,"minecraft:string":6,"minecraft:moss_carpet":1,"minecraft:raw_copper":9,"minecraft:cobbled_deepslate":113,"minecraft:spruce_planks":4,"minecraft:beef":14,"minecraft:azalea":6,"minecraft:sugar_cane":25,"minecraft:chest":1,"minecraft:phantom_membrane":1,"minecraft:furnace":2,"minecraft:egg":2,"minecraft:stick":9,"minecraft:raw_iron":124,"minecraft:torch":12,"minecraft:porkchop":3,"minecraft:carrot":1,"minecraft:redstone":26,"minecraft:stone_sword":2,"minecraft:arrow":24,"minecraft:rotten_flesh":39,"minecraft:cooked_cod":1,"minecraft:glow_berries":20,"minecraft:mutton":5,"minecraft:snowball":13,"minecraft:white_wool":7,"minecraft:cobblestone":226,"minecraft:feather":2,"minecraft:cooked_beef":10,"minecraft:andesite":1,"minecraft:leather":15,"minecraft:flint":1,"minecraft:oak_log":162,"minecraft:gunpowder":9,"minecraft:lapis_lazuli":101,"minecraft:dirt":743,"minecraft:cooked_mutton":8,"minecraft:bone":20,"minecraft:apple":2,"minecraft:bow":3,"minecraft:wheat_seeds":36,"minecraft:raw_gold":6,"minecraft:stone_pickaxe":1,"minecraft:iron_ingot":35,"minecraft:moss_block":7,"minecraft:cooked_porkchop":34,"minecraft:sweet_berries":104,"minecraft:axolotl_bucket":5,"minecraft:gravel":4,"minecraft:sand":4,"minecraft:spruce_sapling":2,"minecraft:spruce_log":52,"minecraft:spruce_door":7,"minecraft:spider_eye":5,"minecraft:clay":1,"minecraft:spruce_boat":2,"minecraft:diamond":45,"minecraft:stone_axe":1,"minecraft:iron_helmet":1,"minecraft:gray_wool":1,"minecraft:black_wool":1,"minecraft:coal":107},"minecraft:broken":{"minecraft:iron_shovel":1,"minecraft:golden_shovel":3,"minecraft:stone_pickaxe":1},"minecraft:dropped":{"minecraft:iron_ingot":32,"minecraft:clay":1,"minecraft:moss_block":7,"minecraft:wheat_seeds":6,"minecraft:cooked_beef":10,"minecraft:diamond":9,"minecraft:feather":2,"minecraft:cobblestone":11,"minecraft:glow_berries":8,"minecraft:spruce_door":6,"minecraft:flint":1,"minecraft:dirt":73,"minecraft:wooden_axe":1,"minecraft:snowball":5,"minecraft:axolotl_bucket":6,"minecraft:phantom_membrane":1,"minecraft:sand":4,"minecraft:iron_shovel":1,"minecraft:string":6,"minecraft:white_wool":4,"minecraft:spruce_sapling":2,"minecraft:bone":3,"minecraft:gravel":4,"minecraft:stone_axe":3,"minecraft:moss_carpet":1,"minecraft:stone_sword":3,"minecraft:cobbled_deepslate":2,"minecraft:raw_iron":18,"minecraft:rotten_flesh":27,"minecraft:clay_ball":40,"minecraft:diamond_shovel":1,"minecraft:cooked_mutton":5,"minecraft:carrot":1,"minecraft:spruce_boat":1,"minecraft:gunpowder":4,"minecraft:andesite":1,"minecraft:azalea":4,"minecraft:spider_eye":5,"minecraft:wooden_pickaxe":1,"minecraft:arrow":1,"minecraft:stone_pickaxe":2,"minecraft:black_wool":1,"minecraft:egg":1},"minecraft:killed":{"minecraft:spider":7,"minecraft:phantom":3,"minecraft:skeleton":26,"minecraft:horse":1,"minecraft:pig":15,"minecraft:creeper":6,"minecraft:polar_bear":2,"minecraft:sheep":6,"minecraft:zombie":52,"minecraft:cow":8,"minecraft:enderman":1},"minecraft:used":{"minecraft:stone_sword":79,"minecraft:iron_shovel":267,"minecraft:chest":6,"minecraft:spruce_planks":23,"minecraft:shield":34,"minecraft:rotten_flesh":4,"minecraft:torch":16,"minecraft:dirt":666,"minecraft:mutton":2,"minecraft:golden_shovel":96,"minecraft:snowball":8,"minecraft:axolotl_bucket":4,"minecraft:milk_bucket":1,"minecraft:spruce_boat":2,"minecraft:wooden_axe":33,"minecraft:lava_bucket":73,"minecraft:iron_axe":124,"minecraft:beef":4,"minecraft:sweet_berries":84,"minecraft:furnace":4,"minecraft:cooked_cod":1,"minecraft:cooked_beef":8,"minecraft:cobbled_deepslate":98,"minecraft:cooked_mutton":6,"minecraft:water_bucket":69,"minecraft:spruce_door":6,"minecraft:stone_pickaxe":145,"minecraft:wooden_pickaxe":11,"minecraft:diamond_axe":151,"minecraft:white_wool":1,"minecraft:glow_berries":20,"minecraft:crafting_table":18,"minecraft:spruce_log":2,"minecraft:oak_log":138,"minecraft:diamond_pickaxe":388,"minecraft:apple":1,"minecraft:diamond_shovel":194,"minecraft:iron_pickaxe":33,"minecraft:stone_axe":30,"minecraft:diamond_sword":252,"minecraft:cobblestone":81,"minecraft:cooked_porkchop":9,"minecraft:bucket":154}},"DataVersion":3953}