{"stats":{"minecraft:picked_up":{"minecraft:birch_log":5,"minecraft:feather":1,"minecraft:crafting_table":4,"minecraft:chicken":1,"minecraft:leather":2,"minecraft:porkchop":2,"minecraft:oak_log":28,"minecraft:dirt":2,"minecraft:beef":5,"minecraft:oak_sapling":4,"minecraft:coal":4,"minecraft:cobblestone":18},"minecraft:custom":{"minecraft:time_since_rest":8981,"minecraft:sprint_one_cm":53482,"minecraft:damage_taken":580,"minecraft:walk_one_cm":17841,"minecraft:mob_kills":4,"minecraft:drop":7,"minecraft:damage_dealt":485,"minecraft:swim_one_cm":10023,"minecraft:interact_with_crafting_table":8,"minecraft:fly_one_cm":73686,"minecraft:crouch_one_cm":2702,"minecraft:play_time":17926,"minecraft:deaths":2,"minecraft:sneak_time":1656,"minecraft:walk_under_water_one_cm":838,"minecraft:jump":518,"minecraft:walk_on_water_one_cm":490,"minecraft:time_since_death":8953,"minecraft:total_world_time":17926,"minecraft:fall_one_cm":18965},"minecraft:killed_by":{"minecraft:zombie":2},"minecraft:used":{"minecraft:wooden_axe":6,"minecraft:wooden_hoe":2,"minecraft:stone_sword":2,"minecraft:stone_pickaxe":8,"minecraft:oak_planks":18,"minecraft:wooden_pickaxe":14,"minecraft:stone_axe":22,"minecraft:cobblestone":1,"minecraft:beef":3,"minecraft:crafting_table":4,"minecraft:porkchop":2},"minecraft:dropped":{"minecraft:dirt":2,"minecraft:wooden_hoe":1,"minecraft:wooden_axe":1,"minecraft:oak_sapling":4,"minecraft:wooden_pickaxe":2},"minecraft:mined":{"minecraft:birch_log":5,"minecraft:birch_leaves":1,"minecraft:crafting_table":4,"minecraft:coal_ore":4,"minecraft:oak_log":26,"minecraft:dirt":1,"minecraft:stone":18,"minecraft:oak_leaves":8},"minecraft:killed":{"minecraft:pig":1,"minecraft:chicken":1,"minecraft:cow":2},"minecraft:crafted":{"minecraft:oak_planks":76,"minecraft:wooden_hoe":1,"minecraft:crafting_table":2,"minecraft:stick":24,"minecraft:wooden_pickaxe":2,"minecraft:stone_pickaxe":2,"minecraft:wooden_axe":1,"minecraft:stone_sword":1,"minecraft:birch_planks":20,"minecraft:stone_axe":2}},"DataVersion":3953}