{"stats":{"minecraft:used":{"minecraft:stone_sword":79,"minecraft:iron_shovel":324,"minecraft:chest":8,"minecraft:spruce_planks":43,"minecraft:shield":42,"minecraft:rotten_flesh":4,"minecraft:torch":16,"minecraft:dirt":666,"minecraft:mutton":2,"minecraft:golden_shovel":96,"minecraft:axolotl_bucket":4,"minecraft:snowball":8,"minecraft:milk_bucket":1,"minecraft:spruce_boat":3,"minecraft:wooden_axe":33,"minecraft:lava_bucket":75,"minecraft:iron_axe":124,"minecraft:oak_stairs":73,"minecraft:bow":13,"minecraft:beef":4,"minecraft:sweet_berries":84,"minecraft:furnace":46,"minecraft:cooked_cod":1,"minecraft:cooked_beef":8,"minecraft:cobbled_deepslate":98,"minecraft:cooked_mutton":6,"minecraft:water_bucket":74,"minecraft:cobblestone_stairs":81,"minecraft:spruce_door":6,"minecraft:birch_planks":432,"minecraft:stone_pickaxe":145,"minecraft:wooden_pickaxe":11,"minecraft:diamond_axe":455,"minecraft:cobblestone_slab":12,"minecraft:stonecutter":1,"minecraft:white_wool":1,"minecraft:glow_berries":20,"minecraft:crafting_table":36,"minecraft:spruce_log":2,"minecraft:oak_log":143,"minecraft:diamond_pickaxe":543,"minecraft:apple":1,"minecraft:diamond_shovel":194,"minecraft:birch_slab":7,"minecraft:iron_pickaxe":33,"minecraft:stone_axe":30,"minecraft:diamond_sword":331,"minecraft:cobblestone":261,"minecraft:cooked_porkchop":17,"minecraft:bucket":161,"minecraft:yellow_bed":1,"minecraft:birch_stairs":4},"minecraft:picked_up":{"minecraft:crafting_table":20,"minecraft:clay_ball":42,"minecraft:diamond_sword":1,"minecraft:oak_stairs":36,"minecraft:golden_shovel":3,"minecraft:string":11,"minecraft:moss_carpet":1,"minecraft:raw_copper":30,"minecraft:cobbled_deepslate":113,"minecraft:spruce_planks":11,"minecraft:beef":14,"minecraft:azalea":6,"minecraft:sugar_cane":34,"minecraft:chest":1,"minecraft:phantom_membrane":1,"minecraft:furnace":29,"minecraft:egg":2,"minecraft:stick":12,"minecraft:raw_iron":124,"minecraft:torch":12,"minecraft:porkchop":3,"minecraft:carrot":1,"minecraft:redstone":26,"minecraft:stone_sword":2,"minecraft:arrow":40,"minecraft:rotten_flesh":61,"minecraft:cooked_cod":1,"minecraft:gold_ingot":1,"minecraft:glow_berries":20,"minecraft:mutton":11,"minecraft:snowball":13,"minecraft:white_wool":17,"minecraft:cobblestone":510,"minecraft:birch_log":120,"minecraft:feather":2,"minecraft:cooked_beef":10,"minecraft:birch_slab":7,"minecraft:andesite":1,"minecraft:leather":16,"minecraft:birch_planks":241,"minecraft:flint":1,"minecraft:oak_log":195,"minecraft:gunpowder":12,"minecraft:cobblestone_stairs":102,"minecraft:lapis_lazuli":101,"minecraft:dirt":818,"minecraft:birch_pressure_plate":1,"minecraft:cooked_mutton":11,"minecraft:bone":31,"minecraft:apple":2,"minecraft:bow":4,"minecraft:kelp":2,"minecraft:stonecutter":1,"minecraft:wheat_seeds":37,"minecraft:raw_gold":6,"minecraft:iron_ingot":35,"minecraft:stone_pickaxe":2,"minecraft:moss_block":7,"minecraft:cooked_porkchop":34,"minecraft:sweet_berries":104,"minecraft:axolotl_bucket":5,"minecraft:dandelion":3,"minecraft:birch_stairs":2,"minecraft:gravel":4,"minecraft:sand":376,"minecraft:spruce_sapling":2,"minecraft:spruce_log":107,"minecraft:spruce_door":7,"minecraft:spider_eye":5,"minecraft:diamond_shovel":1,"minecraft:clay":1,"minecraft:diamond":45,"minecraft:spruce_boat":2,"minecraft:stone_axe":2,"minecraft:iron_helmet":1,"minecraft:birch_sign":1,"minecraft:gray_wool":2,"minecraft:black_wool":1,"minecraft:coal":142,"minecraft:diamond_pickaxe":1},"minecraft:dropped":{"minecraft:iron_ingot":33,"minecraft:clay":1,"minecraft:moss_block":7,"minecraft:wheat_seeds":17,"minecraft:cooked_beef":10,"minecraft:diamond":9,"minecraft:feather":2,"minecraft:cobblestone":78,"minecraft:glow_berries":8,"minecraft:apple":1,"minecraft:spruce_door":6,"minecraft:flint":1,"minecraft:stick":3,"minecraft:dirt":73,"minecraft:wooden_axe":1,"minecraft:snowball":5,"minecraft:axolotl_bucket":6,"minecraft:phantom_membrane":1,"minecraft:sand":4,"minecraft:iron_shovel":1,"minecraft:string":11,"minecraft:white_wool":4,"minecraft:spruce_sapling":2,"minecraft:bone":14,"minecraft:gravel":4,"minecraft:stone_axe":4,"minecraft:moss_carpet":1,"minecraft:kelp":2,"minecraft:stone_sword":3,"minecraft:cobbled_deepslate":2,"minecraft:raw_copper":26,"minecraft:raw_iron":18,"minecraft:rotten_flesh":31,"minecraft:clay_ball":40,"minecraft:diamond_shovel":2,"minecraft:cooked_mutton":8,"minecraft:carrot":1,"minecraft:diamond_sword":1,"minecraft:spruce_boat":1,"minecraft:gunpowder":5,"minecraft:spruce_planks":4,"minecraft:diamond_pickaxe":1,"minecraft:andesite":1,"minecraft:azalea":4,"minecraft:spider_eye":5,"minecraft:bow":2,"minecraft:arrow":1,"minecraft:stone_pickaxe":3,"minecraft:wooden_pickaxe":1,"minecraft:black_wool":1,"minecraft:egg":1},"minecraft:killed":{"minecraft:spider":11,"minecraft:phantom":3,"minecraft:skeleton":30,"minecraft:horse":2,"minecraft:pig":15,"minecraft:creeper":9,"minecraft:polar_bear":2,"minecraft:sheep":12,"minecraft:zombie":66,"minecraft:enderman":1,"minecraft:cow":8},"minecraft:custom":{"minecraft:mob_kills":163,"minecraft:interact_with_crafting_table":69,"minecraft:leave_game":7,"minecraft:time_since_death":227154,"minecraft:climb_one_cm":1382,"minecraft:sprint_one_cm":483077,"minecraft:walk_one_cm":541935,"minecraft:damage_blocked_by_shield":1378,"minecraft:drop":119,"minecraft:play_time":227154,"minecraft:sneak_time":12953,"minecraft:walk_under_water_one_cm":47962,"minecraft:boat_one_cm":90664,"minecraft:jump":4382,"minecraft:walk_on_water_one_cm":59111,"minecraft:total_world_time":227154,"minecraft:interact_with_furnace":58,"minecraft:interact_with_stonecutter":3,"minecraft:sleep_in_bed":2,"minecraft:time_since_rest":58646,"minecraft:damage_taken":3126,"minecraft:damage_dealt":27269,"minecraft:player_kills":3,"minecraft:swim_one_cm":108543,"minecraft:fly_one_cm":725615,"minecraft:open_chest":56,"minecraft:crouch_one_cm":37956,"minecraft:fall_one_cm":97145},"minecraft:mined":{"minecraft:spruce_planks":6,"minecraft:deepslate_diamond_ore":45,"minecraft:cobblestone_stairs":30,"minecraft:cave_vines_plant":1,"minecraft:grass_block":412,"minecraft:birch_slab":6,"minecraft:spruce_leaves":34,"minecraft:moss_block":5,"minecraft:large_fern":2,"minecraft:furnace":29,"minecraft:iron_ore":36,"minecraft:fire":1,"minecraft:cobbled_deepslate":10,"minecraft:deepslate_lapis_ore":16,"minecraft:cave_vines":1,"minecraft:deepslate_iron_ore":22,"minecraft:oak_stairs":35,"minecraft:azalea":1,"minecraft:stone":257,"minecraft:white_wool":1,"minecraft:birch_stairs":2,"minecraft:deepslate_redstone_ore":6,"minecraft:kelp_plant":1,"minecraft:dandelion":3,"minecraft:spruce_door":7,"minecraft:clay":10,"minecraft:crafting_table":18,"minecraft:torch":1,"minecraft:short_grass":97,"minecraft:chest":1,"minecraft:copper_ore":1,"minecraft:tall_grass":11,"minecraft:cobblestone":55,"minecraft:deepslate_gold_ore":6,"minecraft:sugar_cane":8,"minecraft:deepslate_copper_ore":2,"minecraft:birch_planks":33,"minecraft:birch_log":121,"minecraft:sweet_berry_bush":31,"minecraft:spruce_log":107,"minecraft:birch_leaves":10,"minecraft:oak_log":189,"minecraft:coal_ore":55,"minecraft:gravel":1,"minecraft:dirt":191,"minecraft:sand":58,"minecraft:stonecutter":1,"minecraft:deepslate":113,"minecraft:oak_leaves":17,"minecraft:fern":1},"minecraft:crafted":{"minecraft:oak_planks":200,"minecraft:yellow_wool":3,"minecraft:cobblestone_slab":12,"minecraft:birch_slab":6,"minecraft:furnace":29,"minecraft:yellow_bed":1,"minecraft:diamond_shovel":1,"minecraft:cooked_mutton":3,"minecraft:diamond_leggings":1,"minecraft:iron_boots":1,"minecraft:iron_axe":1,"minecraft:stone_pickaxe":2,"minecraft:chest":7,"minecraft:spruce_boat":2,"minecraft:cooked_beef":8,"minecraft:diamond_sword":1,"minecraft:cooked_porkchop":1,"minecraft:diamond_axe":1,"minecraft:crafting_table":25,"minecraft:spruce_planks":200,"minecraft:wooden_pickaxe":1,"minecraft:iron_helmet":1,"minecraft:spruce_door":6,"minecraft:bucket":8,"minecraft:birch_planks":256,"minecraft:stone_axe":2,"minecraft:air":0,"minecraft:iron_chestplate":2,"minecraft:diamond_pickaxe":2,"minecraft:yellow_dye":3,"minecraft:shield":1,"minecraft:stick":52,"minecraft:iron_ingot":78,"minecraft:iron_pickaxe":1,"minecraft:oak_stairs":40,"minecraft:wooden_axe":1,"minecraft:stone_sword":1,"minecraft:iron_shovel":3,"minecraft:iron_leggings":2,"minecraft:torch":4,"minecraft:birch_stairs":8,"minecraft:diamond_chestplate":1},"minecraft:broken":{"minecraft:iron_shovel":1,"minecraft:golden_shovel":3,"minecraft:stone_pickaxe":1,"minecraft:iron_helmet":1}},"DataVersion":3953}