{"stats":{"minecraft:custom":{"minecraft:interact_with_furnace":3,"minecraft:mob_kills":33,"minecraft:interact_with_crafting_table":14,"minecraft:leave_game":1,"minecraft:time_since_death":60092,"minecraft:time_since_rest":60120,"minecraft:sprint_one_cm":176254,"minecraft:damage_taken":933,"minecraft:walk_one_cm":64461,"minecraft:drop":17,"minecraft:damage_dealt":4395,"minecraft:talked_to_villager":1,"minecraft:swim_one_cm":21465,"minecraft:fly_one_cm":423687,"minecraft:open_chest":1,"minecraft:crouch_one_cm":7736,"minecraft:play_time":69065,"minecraft:deaths":2,"minecraft:sneak_time":4780,"minecraft:walk_under_water_one_cm":4623,"minecraft:jump":1361,"minecraft:walk_on_water_one_cm":7926,"minecraft:total_world_time":69065,"minecraft:fall_one_cm":47130},"minecraft:picked_up":{"minecraft:birch_log":5,"minecraft:crafting_table":4,"minecraft:feather":5,"minecraft:chicken":4,"minecraft:leather":6,"minecraft:flint":1,"minecraft:oak_log":65,"minecraft:lapis_lazuli":8,"minecraft:dirt":6,"minecraft:string":2,"minecraft:raw_copper":3,"minecraft:wheat_seeds":2,"minecraft:iron_ingot":4,"minecraft:beef":12,"minecraft:oak_planks":4,"minecraft:raw_iron":6,"minecraft:torch":2,"minecraft:dripstone_block":1,"minecraft:gravel":3,"minecraft:porkchop":16,"minecraft:pointed_dripstone":1,"minecraft:diorite":4,"minecraft:rotten_flesh":2,"minecraft:hay_block":30,"minecraft:gray_wool":1,"minecraft:oak_sapling":6,"minecraft:mutton":15,"minecraft:coal":13,"minecraft:white_wool":9,"minecraft:cobblestone":34},"minecraft:killed_by":{"minecraft:zombie":2},"minecraft:used":{"minecraft:stone_sword":2,"minecraft:stone_pickaxe":40,"minecraft:oak_planks":61,"minecraft:wooden_pickaxe":14,"minecraft:torch":15,"minecraft:dirt":2,"minecraft:crafting_table":8,"minecraft:wooden_axe":17,"minecraft:wooden_hoe":24,"minecraft:bread":3,"minecraft:chicken":1,"minecraft:iron_pickaxe":19,"minecraft:stone_axe":97,"minecraft:cobblestone":1,"minecraft:beef":10,"minecraft:furnace":2,"minecraft:porkchop":16},"minecraft:dropped":{"minecraft:wheat_seeds":2,"minecraft:raw_copper":3,"minecraft:dripstone_block":1,"minecraft:chicken":3,"minecraft:feather":1,"minecraft:rotten_flesh":2,"minecraft:dirt":2,"minecraft:wooden_hoe":1,"minecraft:wooden_axe":1,"minecraft:oak_sapling":6,"minecraft:stone_pickaxe":1,"minecraft:wooden_pickaxe":2},"minecraft:mined":{"minecraft:crafting_table":4,"minecraft:short_grass":20,"minecraft:grass_block":1,"minecraft:tall_grass":4,"minecraft:copper_ore":1,"minecraft:lapis_ore":1,"minecraft:oak_planks":4,"minecraft:diorite":4,"minecraft:wall_torch":2,"minecraft:hay_block":30,"minecraft:birch_log":5,"minecraft:iron_ore":6,"minecraft:birch_leaves":1,"minecraft:oak_log":63,"minecraft:pointed_dripstone":1,"minecraft:coal_ore":13,"minecraft:gravel":4,"minecraft:dripstone_block":1,"minecraft:dirt":4,"minecraft:stone":34,"minecraft:oak_leaves":11},"minecraft:killed":{"minecraft:pig":9,"minecraft:zombie_villager":1,"minecraft:spider":1,"minecraft:iron_golem":1,"minecraft:creeper":1,"minecraft:sheep":10,"minecraft:zombie":1,"minecraft:chicken":4,"minecraft:cow":5},"minecraft:crafted":{"minecraft:oak_door":3,"minecraft:oak_planks":248,"minecraft:crafting_table":6,"minecraft:wooden_pickaxe":2,"minecraft:furnace":2,"minecraft:birch_planks":20,"minecraft:stone_axe":2,"minecraft:bread":64,"minecraft:air":0,"minecraft:wooden_hoe":2,"minecraft:stick":28,"minecraft:iron_ingot":2,"minecraft:iron_pickaxe":1,"minecraft:stone_pickaxe":2,"minecraft:wooden_axe":2,"minecraft:stone_sword":1,"minecraft:wheat":243},"minecraft:broken":{"minecraft:stone_axe":1}},"DataVersion":3953}