{"stats":{"minecraft:custom":{"minecraft:interact_with_furnace":40,"minecraft:mob_kills":34,"minecraft:interact_with_crafting_table":22,"minecraft:leave_game":2,"minecraft:time_since_death":52917,"minecraft:sleep_in_bed":1,"minecraft:climb_one_cm":73,"minecraft:time_since_rest":25437,"minecraft:sprint_one_cm":100328,"minecraft:damage_taken":1194,"minecraft:walk_one_cm":96225,"minecraft:damage_blocked_by_shield":63,"minecraft:drop":30,"minecraft:damage_dealt":5501,"minecraft:player_kills":1,"minecraft:swim_one_cm":30268,"minecraft:fly_one_cm":125083,"minecraft:play_time":52917,"minecraft:crouch_one_cm":8849,"minecraft:sneak_time":3583,"minecraft:walk_under_water_one_cm":18903,"minecraft:boat_one_cm":6963,"minecraft:jump":874,"minecraft:walk_on_water_one_cm":15584,"minecraft:total_world_time":52917,"minecraft:fall_one_cm":22771},"minecraft:crafted":{"minecraft:cooked_beef":8,"minecraft:oak_planks":28,"minecraft:cooked_porkchop":1,"minecraft:crafting_table":1,"minecraft:spruce_planks":108,"minecraft:wooden_pickaxe":1,"minecraft:iron_helmet":1,"minecraft:spruce_door":6,"minecraft:furnace":1,"minecraft:bucket":1,"minecraft:stone_axe":2,"minecraft:cooked_mutton":3,"minecraft:air":0,"minecraft:iron_boots":1,"minecraft:iron_chestplate":2,"minecraft:diamond_pickaxe":2,"minecraft:shield":1,"minecraft:iron_axe":1,"minecraft:stick":36,"minecraft:iron_ingot":78,"minecraft:iron_pickaxe":1,"minecraft:stone_pickaxe":2,"minecraft:wooden_axe":1,"minecraft:stone_sword":1,"minecraft:iron_leggings":2,"minecraft:spruce_boat":1,"minecraft:torch":4},"minecraft:picked_up":{"minecraft:crafting_table":8,"minecraft:feather":2,"minecraft:andesite":1,"minecraft:leather":10,"minecraft:flint":1,"minecraft:oak_log":7,"minecraft:gunpowder":4,"minecraft:string":2,"minecraft:lapis_lazuli":69,"minecraft:dirt":9,"minecraft:raw_copper":4,"minecraft:bone":10,"minecraft:bow":2,"minecraft:wheat_seeds":1,"minecraft:cobbled_deepslate":2,"minecraft:spruce_planks":4,"minecraft:iron_ingot":3,"minecraft:beef":14,"minecraft:stone_pickaxe":1,"minecraft:moss_block":1,"minecraft:sugar_cane":4,"minecraft:furnace":2,"minecraft:stick":2,"minecraft:raw_iron":108,"minecraft:cooked_porkchop":3,"minecraft:sweet_berries":56,"minecraft:torch":11,"minecraft:gravel":4,"minecraft:sand":4,"minecraft:spruce_sapling":1,"minecraft:carrot":1,"minecraft:spruce_log":29,"minecraft:redstone":14,"minecraft:spruce_door":2,"minecraft:spider_eye":1,"minecraft:stone_sword":2,"minecraft:arrow":11,"minecraft:rotten_flesh":9,"minecraft:spruce_boat":1,"minecraft:diamond":6,"minecraft:stone_axe":1,"minecraft:iron_helmet":1,"minecraft:mutton":5,"minecraft:coal":92,"minecraft:snowball":13,"minecraft:white_wool":2,"minecraft:cobblestone":91},"minecraft:mined":{"minecraft:deepslate_redstone_ore":3,"minecraft:spruce_planks":4,"minecraft:deepslate_diamond_ore":6,"minecraft:spruce_door":2,"minecraft:crafting_table":7,"minecraft:short_grass":1,"minecraft:cobblestone":7,"minecraft:spruce_leaves":23,"minecraft:moss_block":1,"minecraft:sugar_cane":1,"minecraft:deepslate_copper_ore":2,"minecraft:large_fern":2,"minecraft:furnace":2,"minecraft:iron_ore":34,"minecraft:sweet_berry_bush":13,"minecraft:spruce_log":30,"minecraft:deepslate_lapis_ore":11,"minecraft:coal_ore":37,"minecraft:oak_log":7,"minecraft:deepslate_iron_ore":9,"minecraft:sand":2,"minecraft:gravel":1,"minecraft:stone":77,"minecraft:deepslate":4},"minecraft:dropped":{"minecraft:gravel":4,"minecraft:stone_axe":3,"minecraft:moss_block":1,"minecraft:wheat_seeds":1,"minecraft:stone_sword":3,"minecraft:cobbled_deepslate":2,"minecraft:feather":2,"minecraft:glow_berries":8,"minecraft:rotten_flesh":7,"minecraft:spruce_door":6,"minecraft:dirt":9,"minecraft:spruce_boat":1,"minecraft:wooden_axe":1,"minecraft:andesite":1,"minecraft:snowball":5,"minecraft:spider_eye":1,"minecraft:sand":4,"minecraft:arrow":1,"minecraft:stone_pickaxe":2,"minecraft:wooden_pickaxe":1,"minecraft:string":2,"minecraft:white_wool":2,"minecraft:spruce_sapling":1},"minecraft:broken":{"minecraft:stone_pickaxe":1},"minecraft:killed":{"minecraft:spider":2,"minecraft:creeper":2,"minecraft:skeleton":10,"minecraft:sheep":2,"minecraft:zombie":12,"minecraft:cow":4},"minecraft:used":{"minecraft:cooked_mutton":3,"minecraft:water_bucket":3,"minecraft:stone_sword":79,"minecraft:spruce_door":2,"minecraft:stone_pickaxe":145,"minecraft:wooden_pickaxe":11,"minecraft:spruce_planks":23,"minecraft:shield":2,"minecraft:torch":2,"minecraft:crafting_table":8,"minecraft:snowball":8,"minecraft:spruce_log":2,"minecraft:spruce_boat":1,"minecraft:wooden_axe":33,"minecraft:diamond_pickaxe":22,"minecraft:iron_axe":17,"minecraft:iron_pickaxe":17,"minecraft:cobblestone":41,"minecraft:sweet_berries":25,"minecraft:stone_axe":30,"minecraft:furnace":3,"minecraft:cooked_porkchop":1,"minecraft:bucket":4,"minecraft:cooked_beef":8}},"DataVersion":3953}