{"stats":{"minecraft:custom":{"minecraft:time_since_rest":20890,"minecraft:interact_with_furnace":5,"minecraft:sprint_one_cm":59490,"minecraft:damage_taken":691,"minecraft:walk_one_cm":39129,"minecraft:mob_kills":22,"minecraft:drop":5,"minecraft:damage_dealt":3551,"minecraft:swim_one_cm":3364,"minecraft:interact_with_crafting_table":5,"minecraft:fly_one_cm":89631,"minecraft:crouch_one_cm":2596,"minecraft:play_time":20890,"minecraft:sneak_time":1038,"minecraft:walk_under_water_one_cm":443,"minecraft:boat_one_cm":6963,"minecraft:jump":428,"minecraft:walk_on_water_one_cm":3115,"minecraft:leave_game":1,"minecraft:time_since_death":20890,"minecraft:total_world_time":20890,"minecraft:fall_one_cm":12567},"minecraft:crafted":{"minecraft:cooked_beef":6,"minecraft:crafting_table":1,"minecraft:spruce_planks":108,"minecraft:stick":24,"minecraft:wooden_pickaxe":1,"minecraft:stone_pickaxe":1,"minecraft:wooden_axe":1,"minecraft:stone_sword":1,"minecraft:furnace":1,"minecraft:spruce_boat":1,"minecraft:stone_axe":2,"minecraft:air":0},"minecraft:picked_up":{"minecraft:crafting_table":4,"minecraft:sweet_berries":25,"minecraft:leather":8,"minecraft:sand":2,"minecraft:spruce_sapling":1,"minecraft:gunpowder":4,"minecraft:spruce_log":29,"minecraft:spider_eye":1,"minecraft:string":2,"minecraft:bone":6,"minecraft:arrow":1,"minecraft:rotten_flesh":3,"minecraft:bow":1,"minecraft:wheat_seeds":1,"minecraft:spruce_planks":2,"minecraft:beef":10,"minecraft:sugar_cane":4,"minecraft:mutton":3,"minecraft:coal":37,"minecraft:snowball":13,"minecraft:white_wool":2,"minecraft:cobblestone":43,"minecraft:furnace":1},"minecraft:mined":{"minecraft:large_fern":2,"minecraft:spruce_planks":2,"minecraft:furnace":1,"minecraft:sweet_berry_bush":13,"minecraft:spruce_log":30,"minecraft:crafting_table":4,"minecraft:coal_ore":37,"minecraft:sand":2,"minecraft:spruce_leaves":23,"minecraft:stone":42,"minecraft:sugar_cane":1},"minecraft:dropped":{"minecraft:stone_axe":1,"minecraft:wheat_seeds":1,"minecraft:wooden_axe":1,"minecraft:arrow":1,"minecraft:wooden_pickaxe":1},"minecraft:killed":{"minecraft:sheep":2,"minecraft:skeleton":4,"minecraft:zombie":6,"minecraft:spider":2,"minecraft:creeper":2,"minecraft:cow":4},"minecraft:used":{"minecraft:spruce_boat":1,"minecraft:wooden_axe":33,"minecraft:stone_sword":47,"minecraft:stone_pickaxe":70,"minecraft:spruce_planks":10,"minecraft:wooden_pickaxe":11,"minecraft:stone_axe":21,"minecraft:sweet_berries":9,"minecraft:crafting_table":4,"minecraft:furnace":1,"minecraft:cooked_beef":6,"minecraft:snowball":8,"minecraft:spruce_log":2}},"DataVersion":3953}