{"stats":{"minecraft:custom":{"minecraft:interact_with_furnace":12,"minecraft:mob_kills":31,"minecraft:interact_with_crafting_table":7,"minecraft:leave_game":1,"minecraft:time_since_death":32890,"minecraft:sleep_in_bed":1,"minecraft:time_since_rest":5410,"minecraft:sprint_one_cm":86368,"minecraft:damage_taken":1126,"minecraft:walk_one_cm":63226,"minecraft:drop":9,"minecraft:damage_dealt":4884,"minecraft:swim_one_cm":25220,"minecraft:fly_one_cm":100430,"minecraft:crouch_one_cm":6945,"minecraft:play_time":32890,"minecraft:sneak_time":2960,"minecraft:walk_under_water_one_cm":6192,"minecraft:boat_one_cm":6963,"minecraft:jump":552,"minecraft:walk_on_water_one_cm":10434,"minecraft:total_world_time":32890,"minecraft:fall_one_cm":13941},"minecraft:crafted":{"minecraft:cooked_beef":8,"minecraft:cooked_porkchop":1,"minecraft:crafting_table":1,"minecraft:spruce_planks":108,"minecraft:wooden_pickaxe":1,"minecraft:spruce_door":6,"minecraft:furnace":1,"minecraft:stone_axe":2,"minecraft:cooked_mutton":3,"minecraft:air":0,"minecraft:stick":28,"minecraft:stone_pickaxe":2,"minecraft:wooden_axe":1,"minecraft:stone_sword":1,"minecraft:spruce_boat":1,"minecraft:torch":4},"minecraft:mined":{"minecraft:spruce_planks":4,"minecraft:spruce_door":2,"minecraft:crafting_table":6,"minecraft:cobblestone":4,"minecraft:spruce_leaves":23,"minecraft:sugar_cane":1,"minecraft:large_fern":2,"minecraft:furnace":2,"minecraft:iron_ore":34,"minecraft:sweet_berry_bush":13,"minecraft:spruce_log":30,"minecraft:coal_ore":37,"minecraft:gravel":1,"minecraft:sand":2,"minecraft:stone":77},"minecraft:picked_up":{"minecraft:crafting_table":6,"minecraft:leather":8,"minecraft:flint":1,"minecraft:gunpowder":4,"minecraft:string":2,"minecraft:bone":8,"minecraft:bow":1,"minecraft:wheat_seeds":1,"minecraft:spruce_planks":4,"minecraft:beef":10,"minecraft:sugar_cane":4,"minecraft:furnace":2,"minecraft:raw_iron":32,"minecraft:sweet_berries":25,"minecraft:gravel":2,"minecraft:sand":2,"minecraft:spruce_sapling":1,"minecraft:spruce_log":29,"minecraft:spruce_door":2,"minecraft:spider_eye":1,"minecraft:arrow":7,"minecraft:rotten_flesh":7,"minecraft:mutton":3,"minecraft:coal":73,"minecraft:snowball":13,"minecraft:white_wool":2,"minecraft:cobblestone":79},"minecraft:dropped":{"minecraft:stone_axe":1,"minecraft:wheat_seeds":1,"minecraft:wooden_axe":1,"minecraft:spider_eye":1,"minecraft:sand":2,"minecraft:arrow":1,"minecraft:wooden_pickaxe":1,"minecraft:white_wool":2,"minecraft:spruce_sapling":1},"minecraft:broken":{"minecraft:stone_pickaxe":1},"minecraft:killed":{"minecraft:spider":2,"minecraft:creeper":2,"minecraft:sheep":2,"minecraft:skeleton":9,"minecraft:zombie":10,"minecraft:cow":4},"minecraft:used":{"minecraft:cooked_mutton":3,"minecraft:stone_sword":79,"minecraft:spruce_door":2,"minecraft:stone_pickaxe":145,"minecraft:spruce_planks":23,"minecraft:wooden_pickaxe":11,"minecraft:crafting_table":6,"minecraft:snowball":8,"minecraft:spruce_log":2,"minecraft:spruce_boat":1,"minecraft:wooden_axe":33,"minecraft:stone_axe":30,"minecraft:cobblestone":28,"minecraft:sweet_berries":25,"minecraft:furnace":2,"minecraft:cooked_beef":8}},"DataVersion":3953}