{"stats":{"minecraft:custom":{"minecraft:mob_kills":150,"minecraft:interact_with_crafting_table":66,"minecraft:leave_game":4,"minecraft:time_since_death":210207,"minecraft:climb_one_cm":1382,"minecraft:sprint_one_cm":447645,"minecraft:walk_one_cm":515587,"minecraft:damage_blocked_by_shield":1303,"minecraft:drop":116,"minecraft:play_time":210207,"minecraft:sneak_time":12269,"minecraft:walk_under_water_one_cm":46434,"minecraft:boat_one_cm":90664,"minecraft:jump":4148,"minecraft:walk_on_water_one_cm":54970,"minecraft:total_world_time":210207,"minecraft:interact_with_furnace":58,"minecraft:interact_with_stonecutter":3,"minecraft:sleep_in_bed":2,"minecraft:time_since_rest":41699,"minecraft:damage_taken":2938,"minecraft:damage_dealt":24492,"minecraft:player_kills":3,"minecraft:swim_one_cm":104335,"minecraft:fly_one_cm":681140,"minecraft:open_chest":36,"minecraft:crouch_one_cm":36883,"minecraft:fall_one_cm":90182},"minecraft:crafted":{"minecraft:yellow_wool":3,"minecraft:oak_planks":152,"minecraft:cobblestone_slab":12,"minecraft:furnace":29,"minecraft:yellow_bed":1,"minecraft:diamond_shovel":1,"minecraft:cooked_mutton":3,"minecraft:diamond_leggings":1,"minecraft:iron_boots":1,"minecraft:iron_axe":1,"minecraft:stone_pickaxe":2,"minecraft:chest":7,"minecraft:spruce_boat":2,"minecraft:cooked_beef":8,"minecraft:diamond_sword":1,"minecraft:cooked_porkchop":1,"minecraft:diamond_axe":1,"minecraft:crafting_table":24,"minecraft:spruce_planks":200,"minecraft:wooden_pickaxe":1,"minecraft:iron_helmet":1,"minecraft:spruce_door":6,"minecraft:birch_planks":256,"minecraft:bucket":8,"minecraft:stone_axe":2,"minecraft:air":0,"minecraft:iron_chestplate":2,"minecraft:yellow_dye":3,"minecraft:diamond_pickaxe":2,"minecraft:shield":1,"minecraft:stick":52,"minecraft:iron_ingot":78,"minecraft:iron_pickaxe":1,"minecraft:oak_stairs":40,"minecraft:wooden_axe":1,"minecraft:stone_sword":1,"minecraft:iron_shovel":2,"minecraft:iron_leggings":2,"minecraft:torch":4,"minecraft:diamond_chestplate":1},"minecraft:mined":{"minecraft:spruce_planks":6,"minecraft:deepslate_diamond_ore":45,"minecraft:cobblestone_stairs":30,"minecraft:cave_vines_plant":1,"minecraft:grass_block":405,"minecraft:spruce_leaves":34,"minecraft:moss_block":5,"minecraft:large_fern":2,"minecraft:furnace":29,"minecraft:iron_ore":36,"minecraft:cobbled_deepslate":10,"minecraft:fire":1,"minecraft:deepslate_lapis_ore":16,"minecraft:oak_stairs":35,"minecraft:cave_vines":1,"minecraft:deepslate_iron_ore":22,"minecraft:azalea":1,"minecraft:stone":245,"minecraft:white_wool":1,"minecraft:deepslate_redstone_ore":6,"minecraft:kelp_plant":1,"minecraft:dandelion":3,"minecraft:spruce_door":7,"minecraft:clay":10,"minecraft:crafting_table":17,"minecraft:torch":1,"minecraft:short_grass":93,"minecraft:chest":1,"minecraft:tall_grass":11,"minecraft:copper_ore":1,"minecraft:cobblestone":49,"minecraft:deepslate_gold_ore":6,"minecraft:sugar_cane":8,"minecraft:deepslate_copper_ore":2,"minecraft:birch_planks":33,"minecraft:birch_log":121,"minecraft:sweet_berry_bush":31,"minecraft:spruce_log":107,"minecraft:birch_leaves":10,"minecraft:oak_log":189,"minecraft:coal_ore":52,"minecraft:gravel":1,"minecraft:sand":2,"minecraft:dirt":184,"minecraft:stonecutter":1,"minecraft:oak_leaves":17,"minecraft:deepslate":113,"minecraft:fern":1},"minecraft:picked_up":{"minecraft:crafting_table":18,"minecraft:clay_ball":42,"minecraft:diamond_sword":1,"minecraft:oak_stairs":36,"minecraft:golden_shovel":3,"minecraft:string":10,"minecraft:moss_carpet":1,"minecraft:raw_copper":30,"minecraft:cobbled_deepslate":113,"minecraft:spruce_planks":11,"minecraft:beef":14,"minecraft:azalea":6,"minecraft:sugar_cane":34,"minecraft:chest":1,"minecraft:phantom_membrane":1,"minecraft:furnace":29,"minecraft:egg":2,"minecraft:stick":12,"minecraft:raw_iron":124,"minecraft:torch":12,"minecraft:porkchop":3,"minecraft:carrot":1,"minecraft:redstone":26,"minecraft:stone_sword":2,"minecraft:arrow":39,"minecraft:rotten_flesh":61,"minecraft:cooked_cod":1,"minecraft:gold_ingot":1,"minecraft:glow_berries":20,"minecraft:mutton":11,"minecraft:snowball":13,"minecraft:white_wool":12,"minecraft:cobblestone":492,"minecraft:birch_log":120,"minecraft:feather":2,"minecraft:cooked_beef":10,"minecraft:andesite":1,"minecraft:leather":16,"minecraft:birch_planks":240,"minecraft:flint":1,"minecraft:oak_log":195,"minecraft:gunpowder":9,"minecraft:cobblestone_stairs":102,"minecraft:lapis_lazuli":101,"minecraft:dirt":784,"minecraft:cooked_mutton":11,"minecraft:bone":31,"minecraft:apple":2,"minecraft:stonecutter":1,"minecraft:kelp":2,"minecraft:bow":4,"minecraft:wheat_seeds":37,"minecraft:raw_gold":6,"minecraft:stone_pickaxe":2,"minecraft:iron_ingot":35,"minecraft:moss_block":7,"minecraft:cooked_porkchop":34,"minecraft:sweet_berries":104,"minecraft:dandelion":3,"minecraft:axolotl_bucket":5,"minecraft:gravel":4,"minecraft:sand":324,"minecraft:spruce_sapling":2,"minecraft:spruce_log":107,"minecraft:spruce_door":7,"minecraft:spider_eye":5,"minecraft:diamond_shovel":1,"minecraft:clay":1,"minecraft:spruce_boat":2,"minecraft:diamond":45,"minecraft:stone_axe":2,"minecraft:iron_helmet":1,"minecraft:gray_wool":2,"minecraft:black_wool":1,"minecraft:coal":122,"minecraft:diamond_pickaxe":1},"minecraft:broken":{"minecraft:iron_shovel":1,"minecraft:golden_shovel":3,"minecraft:stone_pickaxe":1},"minecraft:dropped":{"minecraft:iron_ingot":33,"minecraft:clay":1,"minecraft:moss_block":7,"minecraft:wheat_seeds":17,"minecraft:cooked_beef":10,"minecraft:diamond":9,"minecraft:feather":2,"minecraft:cobblestone":78,"minecraft:glow_berries":8,"minecraft:apple":1,"minecraft:spruce_door":6,"minecraft:stick":2,"minecraft:flint":1,"minecraft:dirt":73,"minecraft:wooden_axe":1,"minecraft:snowball":5,"minecraft:axolotl_bucket":6,"minecraft:phantom_membrane":1,"minecraft:sand":4,"minecraft:iron_shovel":1,"minecraft:string":10,"minecraft:white_wool":4,"minecraft:spruce_sapling":2,"minecraft:bone":14,"minecraft:gravel":4,"minecraft:stone_axe":4,"minecraft:moss_carpet":1,"minecraft:kelp":2,"minecraft:stone_sword":3,"minecraft:cobbled_deepslate":2,"minecraft:raw_copper":26,"minecraft:raw_iron":18,"minecraft:rotten_flesh":31,"minecraft:clay_ball":40,"minecraft:diamond_shovel":2,"minecraft:cooked_mutton":8,"minecraft:carrot":1,"minecraft:diamond_sword":1,"minecraft:spruce_boat":1,"minecraft:gunpowder":4,"minecraft:spruce_planks":4,"minecraft:diamond_pickaxe":1,"minecraft:andesite":1,"minecraft:azalea":4,"minecraft:spider_eye":5,"minecraft:bow":2,"minecraft:wooden_pickaxe":1,"minecraft:arrow":1,"minecraft:stone_pickaxe":3,"minecraft:black_wool":1,"minecraft:egg":1},"minecraft:killed":{"minecraft:spider":10,"minecraft:phantom":3,"minecraft:skeleton":29,"minecraft:horse":1,"minecraft:pig":15,"minecraft:creeper":8,"minecraft:polar_bear":2,"minecraft:sheep":12,"minecraft:zombie":57,"minecraft:cow":8,"minecraft:enderman":1},"minecraft:used":{"minecraft:stone_sword":79,"minecraft:iron_shovel":267,"minecraft:chest":8,"minecraft:spruce_planks":43,"minecraft:shield":39,"minecraft:rotten_flesh":4,"minecraft:torch":16,"minecraft:dirt":666,"minecraft:mutton":2,"minecraft:golden_shovel":96,"minecraft:snowball":8,"minecraft:axolotl_bucket":4,"minecraft:milk_bucket":1,"minecraft:spruce_boat":3,"minecraft:wooden_axe":33,"minecraft:lava_bucket":75,"minecraft:iron_axe":124,"minecraft:oak_stairs":73,"minecraft:bow":13,"minecraft:beef":4,"minecraft:sweet_berries":84,"minecraft:furnace":46,"minecraft:cooked_cod":1,"minecraft:cooked_beef":8,"minecraft:cobbled_deepslate":98,"minecraft:cooked_mutton":6,"minecraft:water_bucket":72,"minecraft:cobblestone_stairs":79,"minecraft:spruce_door":6,"minecraft:birch_planks":422,"minecraft:stone_pickaxe":145,"minecraft:wooden_pickaxe":11,"minecraft:cobblestone_slab":6,"minecraft:stonecutter":1,"minecraft:diamond_axe":442,"minecraft:white_wool":1,"minecraft:glow_berries":20,"minecraft:crafting_table":35,"minecraft:spruce_log":2,"minecraft:oak_log":143,"minecraft:diamond_pickaxe":522,"minecraft:apple":1,"minecraft:diamond_shovel":194,"minecraft:iron_pickaxe":33,"minecraft:stone_axe":30,"minecraft:diamond_sword":291,"minecraft:cobblestone":241,"minecraft:cooked_porkchop":15,"minecraft:bucket":159,"minecraft:yellow_bed":1}},"DataVersion":3953}