{"stats":{"minecraft:mined":{"minecraft:short_grass":1},"minecraft:picked_up":{"minecraft:netherite_boots":4,"minecraft:feather":7,"minecraft:barrier":1,"minecraft:water_bucket":1,"minecraft:diamond_sword":1,"minecraft:netherite_shovel":1,"minecraft:mace":3,"minecraft:shield":1,"minecraft:netherite_leggings":4,"minecraft:elytra":2,"minecraft:spawner":1,"minecraft:snow":1,"minecraft:oak_wood":1,"minecraft:firework_rocket":181,"minecraft:rotten_flesh":2,"minecraft:clay":1,"minecraft:campfire":1,"minecraft:netherite_helmet":3,"minecraft:netherite_sword":2,"minecraft:golden_apple":117,"minecraft:netherite_axe":1,"minecraft:totem_of_undying":21,"minecraft:parrot_spawn_egg":64,"minecraft:netherite_chestplate":4,"minecraft:iron_sword":1,"minecraft:cobblestone":2,"minecraft:wooden_axe":1},"minecraft:used":{"minecraft:warden_spawn_egg":3,"minecraft:netherite_sword":106,"minecraft:firework_rocket":12,"minecraft:mace":5,"minecraft:quartz_slab":92,"minecraft:netherite_chestplate":6,"minecraft:netherite_axe":90,"minecraft:elytra":6,"minecraft:shield":4,"minecraft:iron_sword":5,"minecraft:netherite_boots":3,"minecraft:golden_apple":18,"minecraft:end_crystal":1,"minecraft:netherite_leggings":2,"minecraft:netherite_helmet":4,"minecraft:obsidian":2},"minecraft:killed":{"minecraft:parrot":1,"minecraft:zombie":1},"minecraft:dropped":{"minecraft:diamond_sword":1,"minecraft:netherite_sword":3,"minecraft:netherite_boots":3,"minecraft:netherite_chestplate":2,"minecraft:netherite_helmet":3,"minecraft:totem_of_undying":11,"minecraft:elytra":1,"minecraft:netherite_leggings":2},"minecraft:custom":{"minecraft:time_since_rest":13410,"minecraft:walk_one_cm":50324,"minecraft:sprint_one_cm":49391,"minecraft:damage_taken":5933,"minecraft:damage_absorbed":665,"minecraft:damage_blocked_by_shield":520,"minecraft:mob_kills":2,"minecraft:drop":26,"minecraft:damage_dealt":7877,"minecraft:damage_dealt_absorbed":440,"minecraft:fly_one_cm":716109,"minecraft:player_kills":2,"minecraft:crouch_one_cm":289,"minecraft:play_time":53862,"minecraft:deaths":2,"minecraft:sneak_time":3179,"minecraft:aviate_one_cm":280085,"minecraft:jump":624,"minecraft:time_since_death":13387,"minecraft:total_world_time":53862,"minecraft:fall_one_cm":9428}},"DataVersion":3953}