{"stats":{"minecraft:picked_up":{"minecraft:netherite_boots":1,"minecraft:rotten_flesh":2,"minecraft:diamond_sword":1,"minecraft:golden_apple":62,"minecraft:mace":2,"minecraft:totem_of_undying":21,"minecraft:netherite_chestplate":1,"minecraft:netherite_leggings":1,"minecraft:iron_sword":1,"minecraft:elytra":1,"minecraft:firework_rocket":127},"minecraft:used":{"minecraft:warden_spawn_egg":3,"minecraft:netherite_boots":1,"minecraft:golden_apple":6,"minecraft:netherite_sword":7,"minecraft:firework_rocket":7,"minecraft:mace":4,"minecraft:quartz_slab":92,"minecraft:elytra":2,"minecraft:netherite_helmet":2,"minecraft:iron_sword":5},"minecraft:killed":{"minecraft:zombie":1},"minecraft:dropped":{"minecraft:diamond_sword":1,"minecraft:totem_of_undying":11,"minecraft:elytra":1,"minecraft:netherite_sword":3,"minecraft:netherite_helmet":3,"minecraft:netherite_leggings":2,"minecraft:netherite_chestplate":2,"minecraft:netherite_boots":3},"minecraft:custom":{"minecraft:time_since_rest":1410,"minecraft:damage_taken":836,"minecraft:damage_absorbed":199,"minecraft:crouch_one_cm":289,"minecraft:sprint_one_cm":7301,"minecraft:play_time":41862,"minecraft:deaths":2,"minecraft:walk_one_cm":9714,"minecraft:sneak_time":3179,"minecraft:mob_kills":1,"minecraft:drop":26,"minecraft:aviate_one_cm":114161,"minecraft:jump":115,"minecraft:damage_dealt":1867,"minecraft:time_since_death":1387,"minecraft:total_world_time":41862,"minecraft:fall_one_cm":2234,"minecraft:fly_one_cm":665902}},"DataVersion":3953}