{"stats":{"minecraft:used":{"minecraft:water_bucket":4,"minecraft:end_rod":1,"minecraft:oak_planks":13,"minecraft:chest":3,"minecraft:shield":3,"minecraft:white_wool":1,"minecraft:golden_apple":2,"minecraft:mutton":2,"minecraft:crafting_table":1,"minecraft:lava_bucket":8,"minecraft:chicken":1,"minecraft:bread":3,"minecraft:string":2,"minecraft:spruce_sapling":1,"minecraft:diamond_sword":71,"minecraft:golden_carrot":5,"minecraft:bow":43,"minecraft:beef":2,"minecraft:bucket":11,"minecraft:egg":1},"minecraft:picked_up":{"minecraft:birch_log":4,"minecraft:crafting_table":1,"minecraft:feather":1,"minecraft:ominous_bottle":1,"minecraft:chicken":1,"minecraft:leather":1,"minecraft:oak_log":6,"minecraft:dirt":1,"minecraft:string":2,"minecraft:white_banner":1,"minecraft:bone":3,"minecraft:wheat_seeds":1,"minecraft:beef":3,"minecraft:chest":3,"minecraft:oak_planks":1,"minecraft:egg":2,"minecraft:stick":2,"minecraft:gravel":1,"minecraft:spruce_sapling":1,"minecraft:spruce_log":1,"minecraft:arrow":4,"minecraft:crossbow":2,"minecraft:end_rod":1,"minecraft:mutton":3,"minecraft:white_wool":1},"minecraft:dropped":{"minecraft:leather":1,"minecraft:stick":2,"minecraft:mutton":1,"minecraft:beef":1},"minecraft:killed":{"minecraft:spider":1,"minecraft:frog":1,"minecraft:sheep":1,"minecraft:skeleton":3,"minecraft:pillager":4,"minecraft:zombie":4,"minecraft:chicken":1,"minecraft:cow":2},"minecraft:custom":{"minecraft:interact_with_furnace":3,"minecraft:mob_kills":17,"minecraft:interact_with_crafting_table":4,"minecraft:open_barrel":3,"minecraft:leave_game":4,"minecraft:time_since_death":75200,"minecraft:climb_one_cm":7347,"minecraft:time_since_rest":75275,"minecraft:sprint_one_cm":181936,"minecraft:damage_absorbed":12,"minecraft:damage_taken":1073,"minecraft:walk_one_cm":235019,"minecraft:damage_blocked_by_shield":55,"minecraft:drop":5,"minecraft:damage_dealt":3719,"minecraft:swim_one_cm":11571,"minecraft:fly_one_cm":171918,"minecraft:player_kills":1,"minecraft:open_chest":16,"minecraft:crouch_one_cm":5383,"minecraft:play_time":82151,"minecraft:deaths":3,"minecraft:sneak_time":3542,"minecraft:walk_under_water_one_cm":3311,"minecraft:jump":1242,"minecraft:walk_on_water_one_cm":7151,"minecraft:total_world_time":82151,"minecraft:fall_one_cm":21753},"minecraft:mined":{"minecraft:acacia_leaves":2,"minecraft:crafting_table":1,"minecraft:short_grass":3,"minecraft:chest":3,"minecraft:dead_bush":1,"minecraft:spruce_leaves":4,"minecraft:oak_planks":1,"minecraft:birch_log":4,"minecraft:spruce_log":1,"minecraft:birch_leaves":2,"minecraft:oak_log":6,"minecraft:vine":2,"minecraft:end_rod":1,"minecraft:gravel":1,"minecraft:dirt":1,"minecraft:oak_leaves":9},"minecraft:killed_by":{"minecraft:zombie":2,"minecraft:pillager":1},"minecraft:crafted":{"minecraft:oak_planks":24,"minecraft:crafting_table":1,"minecraft:spruce_planks":4,"minecraft:birch_planks":16,"minecraft:shield":1,"minecraft:iron_ingot":1,"minecraft:chest":1}},"DataVersion":3953}