{"stats":{"minecraft:custom":{"minecraft:time_since_rest":16311,"minecraft:crouch_one_cm":3031,"minecraft:play_time":43360,"minecraft:sprint_one_cm":1001,"minecraft:walk_one_cm":128122,"minecraft:damage_taken":10,"minecraft:deaths":4,"minecraft:sneak_time":630,"minecraft:drop":2,"minecraft:jump":237,"minecraft:leave_game":1,"minecraft:time_since_death":16284,"minecraft:total_world_time":43360,"minecraft:climb_one_cm":256,"minecraft:interact_with_crafting_table":1,"minecraft:fall_one_cm":750,"minecraft:fly_one_cm":17323},"minecraft:dropped":{"minecraft:dirt":1,"minecraft:grass_block":1},"minecraft:used":{"minecraft:dark_oak_planks":17,"minecraft:dirt":338,"minecraft:crafting_table":1,"minecraft:flint_and_steel":26,"minecraft:tnt":3,"minecraft:grass_block":202,"minecraft:spruce_slab":16,"minecraft:spruce_stairs":15,"minecraft:oak_planks":67,"minecraft:spruce_planks":251,"minecraft:oak_wood":13,"minecraft:spruce_log":51},"minecraft:picked_up":{"minecraft:flint_and_steel":1,"minecraft:tnt":64,"minecraft:jungle_log":10,"minecraft:wheat_seeds":16,"minecraft:jungle_sapling":2,"minecraft:grass_block":2,"minecraft:dirt":99}},"DataVersion":3953}