{"stats":{"minecraft:custom":{"minecraft:time_since_rest":8349,"minecraft:crouch_one_cm":1651,"minecraft:play_time":19360,"minecraft:sprint_one_cm":346,"minecraft:walk_one_cm":20590,"minecraft:damage_taken":10,"minecraft:deaths":3,"minecraft:sneak_time":391,"minecraft:jump":52,"minecraft:leave_game":1,"minecraft:time_since_death":8316,"minecraft:total_world_time":19360,"minecraft:climb_one_cm":256,"minecraft:fall_one_cm":750,"minecraft:fly_one_cm":5795},"minecraft:used":{"minecraft:dirt":40,"minecraft:flint_and_steel":13,"minecraft:tnt":2,"minecraft:grass_block":198},"minecraft:picked_up":{"minecraft:flint_and_steel":1,"minecraft:tnt":64,"minecraft:jungle_log":10,"minecraft:wheat_seeds":7,"minecraft:jungle_sapling":2,"minecraft:grass_block":1,"minecraft:dirt":17}},"DataVersion":3953}