{"stats":{"minecraft:custom":{"minecraft:time_since_rest":22513,"minecraft:sprint_one_cm":9170,"minecraft:damage_taken":10,"minecraft:walk_one_cm":201502,"minecraft:drop":2,"minecraft:interact_with_crafting_table":1,"minecraft:fly_one_cm":242443,"minecraft:open_chest":2,"minecraft:crouch_one_cm":3559,"minecraft:play_time":79360,"minecraft:deaths":5,"minecraft:sneak_time":973,"minecraft:jump":364,"minecraft:leave_game":1,"minecraft:time_since_death":22484,"minecraft:walk_on_water_one_cm":1430,"minecraft:climb_one_cm":688,"minecraft:total_world_time":79360,"minecraft:fall_one_cm":750},"minecraft:dropped":{"minecraft:dirt":1,"minecraft:grass_block":1},"minecraft:used":{"minecraft:oak_fence":7,"minecraft:dark_oak_planks":37,"minecraft:water_bucket":8,"minecraft:villager_spawn_egg":27,"minecraft:flint_and_steel":26,"minecraft:iron_block":12,"minecraft:carved_pumpkin":7,"minecraft:lantern":5,"minecraft:grass_block":202,"minecraft:oak_stairs":27,"minecraft:spruce_slab":37,"minecraft:oak_planks":125,"minecraft:spruce_planks":351,"minecraft:soul_lantern":2,"minecraft:dirt":338,"minecraft:tnt":3,"minecraft:oak_slab":3,"minecraft:crafting_table":1,"minecraft:spruce_stairs":97,"minecraft:bucket":8,"minecraft:oak_wood":13,"minecraft:spruce_log":60},"minecraft:picked_up":{"minecraft:jungle_log":10,"minecraft:grass_block":2,"minecraft:dirt":99,"minecraft:flint_and_steel":1,"minecraft:tnt":64,"minecraft:wheat_seeds":17,"minecraft:jungle_sapling":2}},"DataVersion":3953}