{"stats":{"minecraft:used":{"minecraft:water_bucket":2,"minecraft:end_rod":1,"minecraft:lava_bucket":1,"minecraft:bread":3,"minecraft:chicken":1,"minecraft:string":2,"minecraft:oak_planks":7,"minecraft:chest":3,"minecraft:spruce_sapling":1,"minecraft:golden_carrot":2,"minecraft:bow":2,"minecraft:white_wool":1,"minecraft:diamond_sword":31,"minecraft:mutton":1,"minecraft:beef":2,"minecraft:crafting_table":1,"minecraft:bucket":3,"minecraft:egg":1},"minecraft:picked_up":{"minecraft:birch_log":4,"minecraft:stick":2,"minecraft:crafting_table":1,"minecraft:feather":1,"minecraft:chicken":1,"minecraft:leather":1,"minecraft:gravel":1,"minecraft:oak_log":6,"minecraft:spruce_sapling":1,"minecraft:spruce_log":1,"minecraft:string":2,"minecraft:arrow":3,"minecraft:bone":3,"minecraft:beef":3,"minecraft:end_rod":1,"minecraft:chest":3,"minecraft:mutton":3,"minecraft:white_wool":1,"minecraft:egg":1},"minecraft:dropped":{"minecraft:mutton":1,"minecraft:leather":1,"minecraft:beef":1,"minecraft:stick":2},"minecraft:killed":{"minecraft:skeleton":1,"minecraft:sheep":1,"minecraft:zombie":3,"minecraft:chicken":1,"minecraft:spider":1,"minecraft:frog":1,"minecraft:cow":2},"minecraft:custom":{"minecraft:time_since_rest":51275,"minecraft:interact_with_furnace":3,"minecraft:sprint_one_cm":102652,"minecraft:damage_taken":935,"minecraft:walk_one_cm":134299,"minecraft:mob_kills":10,"minecraft:drop":5,"minecraft:damage_dealt":1580,"minecraft:swim_one_cm":11571,"minecraft:interact_with_crafting_table":4,"minecraft:fly_one_cm":93374,"minecraft:player_kills":1,"minecraft:open_barrel":3,"minecraft:open_chest":12,"minecraft:crouch_one_cm":1256,"minecraft:play_time":58151,"minecraft:deaths":3,"minecraft:sneak_time":743,"minecraft:walk_under_water_one_cm":1742,"minecraft:jump":698,"minecraft:walk_on_water_one_cm":2069,"minecraft:leave_game":4,"minecraft:time_since_death":51200,"minecraft:total_world_time":58151,"minecraft:climb_one_cm":6443,"minecraft:fall_one_cm":7915},"minecraft:mined":{"minecraft:birch_log":4,"minecraft:spruce_log":1,"minecraft:birch_leaves":2,"minecraft:crafting_table":1,"minecraft:oak_log":6,"minecraft:short_grass":1,"minecraft:vine":2,"minecraft:chest":3,"minecraft:dead_bush":1,"minecraft:end_rod":1,"minecraft:gravel":1,"minecraft:spruce_leaves":4,"minecraft:oak_leaves":5},"minecraft:killed_by":{"minecraft:zombie":2,"minecraft:pillager":1},"minecraft:crafted":{"minecraft:oak_planks":24,"minecraft:shield":1,"minecraft:crafting_table":1,"minecraft:spruce_planks":4,"minecraft:iron_ingot":1,"minecraft:chest":1,"minecraft:birch_planks":16}},"DataVersion":3953}