{"stats":{"minecraft:custom":{"minecraft:open_chest":2,"minecraft:time_since_rest":28311,"minecraft:crouch_one_cm":3031,"minecraft:play_time":55360,"minecraft:sprint_one_cm":5349,"minecraft:walk_one_cm":172473,"minecraft:damage_taken":10,"minecraft:deaths":4,"minecraft:sneak_time":750,"minecraft:drop":2,"minecraft:jump":295,"minecraft:leave_game":1,"minecraft:time_since_death":28284,"minecraft:total_world_time":55360,"minecraft:climb_one_cm":688,"minecraft:interact_with_crafting_table":1,"minecraft:fall_one_cm":750,"minecraft:fly_one_cm":192240},"minecraft:dropped":{"minecraft:dirt":1,"minecraft:grass_block":1},"minecraft:used":{"minecraft:dark_oak_planks":37,"minecraft:dirt":338,"minecraft:oak_slab":3,"minecraft:crafting_table":1,"minecraft:flint_and_steel":26,"minecraft:tnt":3,"minecraft:oak_stairs":21,"minecraft:grass_block":202,"minecraft:spruce_slab":17,"minecraft:spruce_stairs":21,"minecraft:oak_planks":125,"minecraft:spruce_planks":282,"minecraft:oak_wood":13,"minecraft:spruce_log":53},"minecraft:picked_up":{"minecraft:flint_and_steel":1,"minecraft:tnt":64,"minecraft:jungle_log":10,"minecraft:wheat_seeds":16,"minecraft:jungle_sapling":2,"minecraft:grass_block":2,"minecraft:dirt":99}},"DataVersion":3953}