{"stats":{"minecraft:custom":{"minecraft:jump":56,"minecraft:time_since_rest":3610,"minecraft:damage_taken":520,"minecraft:leave_game":3,"minecraft:time_since_death":3386,"minecraft:play_time":4782,"minecraft:sprint_one_cm":9289,"minecraft:walk_one_cm":9797,"minecraft:deaths":2,"minecraft:total_world_time":4782,"minecraft:climb_one_cm":2549,"minecraft:fall_one_cm":1988,"minecraft:fly_one_cm":12370},"minecraft:used":{"minecraft:spruce_sapling":1},"minecraft:picked_up":{"minecraft:spruce_sapling":1,"minecraft:bone":2},"minecraft:mined":{"minecraft:spruce_leaves":2},"minecraft:killed_by":{"minecraft:zombie":2}},"DataVersion":3953}