{"stats":{"minecraft:custom":{"minecraft:interact_with_anvil":1,"minecraft:mob_kills":8,"minecraft:leave_game":9,"minecraft:time_since_death":48925,"minecraft:climb_one_cm":642,"minecraft:sprint_one_cm":191278,"minecraft:walk_one_cm":453509,"minecraft:drop":92,"minecraft:damage_dealt_absorbed":305,"minecraft:talked_to_villager":2,"minecraft:play_time":354259,"minecraft:deaths":9,"minecraft:sneak_time":7828,"minecraft:walk_under_water_one_cm":32627,"minecraft:boat_one_cm":17220,"minecraft:jump":1832,"minecraft:walk_on_water_one_cm":10624,"minecraft:total_world_time":354259,"minecraft:interact_with_furnace":1,"minecraft:time_since_rest":49013,"minecraft:open_enderchest":1,"minecraft:damage_taken":5330,"minecraft:damage_absorbed":80,"minecraft:damage_dealt":5732,"minecraft:interact_with_beacon":11,"minecraft:fly_one_cm":2851687,"minecraft:swim_one_cm":7374,"minecraft:player_kills":2,"minecraft:open_chest":3,"minecraft:crouch_one_cm":14496,"minecraft:aviate_one_cm":223753,"minecraft:interact_with_smoker":1,"minecraft:fall_one_cm":26913},"minecraft:picked_up":{"minecraft:wooden_axe":1,"minecraft:coarse_dirt":10,"minecraft:chainmail_boots":1,"minecraft:structure_block":1,"minecraft:potion":1,"minecraft:acacia_button":86,"minecraft:elytra":1,"minecraft:moss_carpet":1,"minecraft:wooden_sword":1,"minecraft:item_frame":7,"minecraft:netherite_ingot":1,"minecraft:oak_sign":2,"minecraft:blue_orchid":4,"minecraft:gold_nugget":1,"minecraft:netherite_sword":8,"minecraft:spruce_slab":2,"minecraft:cherry_button":1,"minecraft:stick":1,"minecraft:bamboo_hanging_sign":1,"minecraft:netherite_shovel":2,"minecraft:snow_block":2,"minecraft:redstone":5,"minecraft:bamboo_sign":2,"minecraft:rotten_flesh":3,"minecraft:carved_pumpkin":2,"minecraft:warped_sign":2,"minecraft:totem_of_undying":1,"minecraft:netherite_chestplate":2,"minecraft:mutton":6,"minecraft:cobblestone":54,"minecraft:white_wool":4,"minecraft:netherite_boots":2,"minecraft:barrier":4,"minecraft:feather":7,"minecraft:water_bucket":2,"minecraft:andesite":3,"minecraft:oak_log":2,"minecraft:netherite_leggings":2,"minecraft:dirt":120,"minecraft:spawner":2,"minecraft:wheat_seeds":2,"minecraft:polished_tuff_slab":1,"minecraft:dark_oak_sign":1,"minecraft:structure_void":1,"minecraft:grass_block":4,"minecraft:sea_lantern":2,"minecraft:dragon_egg":1,"minecraft:oak_wood":2,"minecraft:firework_rocket":64,"minecraft:clay":1,"minecraft:diamond":2,"minecraft:campfire":2,"minecraft:netherite_helmet":2,"minecraft:soul_lantern":1,"minecraft:melon_seeds":3},"minecraft:killed_by":{"minecraft:player":2},"minecraft:used":{"minecraft:moss_block":23,"minecraft:orange_dye":7,"minecraft:moss_carpet":15,"minecraft:netherite_sword":88,"minecraft:orange_concrete":20,"minecraft:flint_and_steel":48,"minecraft:carved_pumpkin":1,"minecraft:stone_shovel":1,"minecraft:spruce_slab":2,"minecraft:redstone":21,"minecraft:bamboo_sign":1,"minecraft:oak_sign":7,"minecraft:chest":1,"minecraft:stone":5,"minecraft:quartz_stairs":43,"minecraft:structure_block":4,"minecraft:netherrack":12,"minecraft:dirt":71,"minecraft:anvil":1,"minecraft:blue_stained_glass":3,"minecraft:cod_bucket":9,"minecraft:salmon_bucket":10,"minecraft:glow_lichen":8,"minecraft:snowball":68,"minecraft:axolotl_bucket":1,"minecraft:light_blue_stained_glass":1,"minecraft:shroomlight":5,"minecraft:frog_spawn_egg":17,"minecraft:lava_bucket":77,"minecraft:netherite_shovel":17,"minecraft:villager_spawn_egg":11,"minecraft:quartz_slab":40,"minecraft:iron_block":4,"minecraft:grass_block":172,"minecraft:bamboo_hanging_sign":3,"minecraft:quartz_block":14,"minecraft:spawner":5,"minecraft:polished_blackstone_brick_wall":3,"minecraft:totem_of_undying":2,"minecraft:item_frame":2,"minecraft:yellow_concrete_powder":3,"minecraft:tadpole_bucket":22,"minecraft:glowstone":1,"minecraft:repeater":5,"minecraft:bow":19,"minecraft:snow":230,"minecraft:black_dye":1,"minecraft:podzol":1,"minecraft:stripped_spruce_wood":2,"minecraft:pointed_dripstone":70,"minecraft:calcite":19,"minecraft:short_grass":2,"minecraft:water_bucket":118,"minecraft:end_rod":5,"minecraft:snow_block":4,"minecraft:dark_oak_sign":2,"minecraft:netherite_chestplate":1,"minecraft:birch_boat":4,"minecraft:redstone_block":10,"minecraft:structure_void":9,"minecraft:white_dye":1,"minecraft:parrot_spawn_egg":4,"minecraft:beacon":5,"minecraft:sheep_spawn_egg":2,"minecraft:glow_ink_sac":7,"minecraft:leather_boots":3,"minecraft:glow_item_frame":9,"minecraft:diamond_block":189,"minecraft:comparator":1,"minecraft:light_blue_concrete":25,"minecraft:tnt":29,"minecraft:light_gray_terracotta":4,"minecraft:yellow_concrete":6,"minecraft:lingering_potion":37,"minecraft:painting":13,"minecraft:deepslate_brick_stairs":3,"minecraft:redstone_torch":6,"minecraft:sticky_piston":17,"minecraft:polished_tuff_slab":5,"minecraft:netherite_block":185,"minecraft:black_wool":1,"minecraft:firework_rocket":10,"minecraft:mace":9,"minecraft:command_block":1,"minecraft:light_gray_concrete":8,"minecraft:wind_charge":10,"minecraft:mangrove_propagule":5,"minecraft:barrier":736,"minecraft:tuff_brick_stairs":1,"minecraft:spruce_sapling":15,"minecraft:soul_lantern":9,"minecraft:cobblestone":10,"minecraft:potion":3,"minecraft:cobbled_deepslate_slab":28,"minecraft:chainmail_boots":1,"minecraft:piglin_spawn_egg":1,"minecraft:chain":24,"minecraft:tropical_fish_bucket":14,"minecraft:coarse_dirt":14,"minecraft:bone_meal":129,"minecraft:splash_potion":123},"minecraft:dropped":{"minecraft:wheat_seeds":1,"minecraft:glow_item_frame":1,"minecraft:grass_block":1,"minecraft:item_frame":71,"minecraft:acacia_hanging_sign":1,"minecraft:bamboo_hanging_sign":2,"minecraft:glow_lichen":1,"minecraft:oak_sign":2,"minecraft:acacia_leaves":1,"minecraft:acacia_button":86,"minecraft:flint_and_steel":1,"minecraft:copper_ore":1,"minecraft:allium":1,"minecraft:melon_seeds":3,"minecraft:quartz_slab":1},"minecraft:mined":{"minecraft:grass_block":4,"minecraft:spruce_slab":1,"minecraft:short_grass":4},"minecraft:killed":{"minecraft:zombified_piglin":1,"minecraft:axolotl":1,"minecraft:snow_golem":1,"minecraft:frog":2,"minecraft:sheep":2}},"DataVersion":3953}