{"stats":{"minecraft:custom":{"minecraft:mob_kills":3,"minecraft:interact_with_anvil":1,"minecraft:leave_game":2,"minecraft:time_since_death":7306,"minecraft:time_since_rest":7340,"minecraft:sprint_one_cm":46724,"minecraft:damage_taken":1480,"minecraft:walk_one_cm":216939,"minecraft:drop":13,"minecraft:damage_dealt":215,"minecraft:interact_with_beacon":11,"minecraft:swim_one_cm":6619,"minecraft:fly_one_cm":1811047,"minecraft:crouch_one_cm":8852,"minecraft:play_time":178085,"minecraft:deaths":4,"minecraft:sneak_time":4518,"minecraft:walk_under_water_one_cm":14841,"minecraft:boat_one_cm":17220,"minecraft:jump":637,"minecraft:walk_on_water_one_cm":2211,"minecraft:total_world_time":178085,"minecraft:fall_one_cm":15030},"minecraft:used":{"minecraft:orange_dye":7,"minecraft:netherite_sword":2,"minecraft:end_rod":5,"minecraft:snow_block":2,"minecraft:orange_concrete":20,"minecraft:flint_and_steel":24,"minecraft:carved_pumpkin":1,"minecraft:redstone":21,"minecraft:dark_oak_sign":2,"minecraft:netherite_chestplate":1,"minecraft:oak_sign":7,"minecraft:birch_boat":4,"minecraft:stone":1,"minecraft:structure_void":9,"minecraft:white_dye":1,"minecraft:beacon":5,"minecraft:sheep_spawn_egg":2,"minecraft:glow_ink_sac":7,"minecraft:structure_block":4,"minecraft:diamond_block":189,"minecraft:dirt":13,"minecraft:anvil":1,"minecraft:comparator":1,"minecraft:light_blue_concrete":25,"minecraft:blue_stained_glass":3,"minecraft:lingering_potion":37,"minecraft:light_blue_stained_glass":1,"minecraft:shroomlight":5,"minecraft:redstone_torch":3,"minecraft:sticky_piston":17,"minecraft:netherite_block":183,"minecraft:black_wool":1,"minecraft:netherite_shovel":17,"minecraft:villager_spawn_egg":4,"minecraft:wind_charge":10,"minecraft:grass_block":157,"minecraft:barrier":616,"minecraft:glowstone":1,"minecraft:repeater":5,"minecraft:cobblestone":2,"minecraft:potion":1,"minecraft:black_dye":1,"minecraft:splash_potion":59,"minecraft:stripped_spruce_wood":2},"minecraft:dropped":{"minecraft:wheat_seeds":1,"minecraft:acacia_hanging_sign":1,"minecraft:oak_sign":2,"minecraft:acacia_leaves":1,"minecraft:acacia_button":86,"minecraft:allium":1,"minecraft:melon_seeds":3},"minecraft:picked_up":{"minecraft:wooden_axe":1,"minecraft:barrier":3,"minecraft:water_bucket":2,"minecraft:structure_block":1,"minecraft:oak_log":2,"minecraft:acacia_button":86,"minecraft:dirt":1,"minecraft:spawner":2,"minecraft:netherite_ingot":1,"minecraft:oak_sign":2,"minecraft:wheat_seeds":1,"minecraft:netherite_sword":2,"minecraft:dark_oak_sign":1,"minecraft:snow_block":2,"minecraft:structure_void":1,"minecraft:netherite_shovel":2,"minecraft:grass_block":4,"minecraft:redstone":5,"minecraft:sea_lantern":2,"minecraft:oak_wood":2,"minecraft:diamond":2,"minecraft:rotten_flesh":1,"minecraft:clay":1,"minecraft:campfire":2,"minecraft:carved_pumpkin":2,"minecraft:melon_seeds":3,"minecraft:mutton":6,"minecraft:white_wool":4},"minecraft:killed":{"minecraft:sheep":2,"minecraft:snow_golem":1}},"DataVersion":3953}