{"stats":{"minecraft:killed_by":{"minecraft:player":2},"minecraft:dropped":{"minecraft:wheat_seeds":1,"minecraft:acacia_hanging_sign":1,"minecraft:glow_lichen":1,"minecraft:oak_sign":2,"minecraft:acacia_leaves":1,"minecraft:grass_block":1,"minecraft:acacia_button":86,"minecraft:copper_ore":1,"minecraft:allium":1,"minecraft:melon_seeds":3},"minecraft:used":{"minecraft:short_grass":2,"minecraft:calcite":19,"minecraft:orange_dye":7,"minecraft:moss_block":23,"minecraft:moss_carpet":15,"minecraft:water_bucket":118,"minecraft:netherite_sword":88,"minecraft:end_rod":5,"minecraft:flint_and_steel":34,"minecraft:orange_concrete":20,"minecraft:snow_block":4,"minecraft:carved_pumpkin":1,"minecraft:spruce_slab":2,"minecraft:stone_shovel":1,"minecraft:netherite_chestplate":1,"minecraft:dark_oak_sign":2,"minecraft:redstone":21,"minecraft:bamboo_sign":1,"minecraft:oak_sign":7,"minecraft:chest":1,"minecraft:birch_boat":4,"minecraft:stone":1,"minecraft:redstone_block":10,"minecraft:structure_void":9,"minecraft:white_dye":1,"minecraft:beacon":5,"minecraft:parrot_spawn_egg":4,"minecraft:sheep_spawn_egg":2,"minecraft:glow_ink_sac":7,"minecraft:structure_block":4,"minecraft:dirt":71,"minecraft:diamond_block":189,"minecraft:anvil":1,"minecraft:comparator":1,"minecraft:light_blue_concrete":25,"minecraft:tnt":29,"minecraft:blue_stained_glass":3,"minecraft:cod_bucket":9,"minecraft:salmon_bucket":10,"minecraft:lingering_potion":37,"minecraft:glow_lichen":8,"minecraft:axolotl_bucket":1,"minecraft:light_blue_stained_glass":1,"minecraft:deepslate_brick_stairs":3,"minecraft:shroomlight":5,"minecraft:redstone_torch":6,"minecraft:polished_tuff_slab":5,"minecraft:sticky_piston":17,"minecraft:frog_spawn_egg":17,"minecraft:netherite_block":183,"minecraft:black_wool":1,"minecraft:lava_bucket":77,"minecraft:netherite_shovel":17,"minecraft:firework_rocket":10,"minecraft:mace":9,"minecraft:villager_spawn_egg":11,"minecraft:command_block":1,"minecraft:wind_charge":10,"minecraft:grass_block":158,"minecraft:mangrove_propagule":5,"minecraft:tuff_brick_stairs":1,"minecraft:barrier":628,"minecraft:spawner":5,"minecraft:polished_blackstone_brick_wall":3,"minecraft:totem_of_undying":2,"minecraft:snow":230,"minecraft:repeater":5,"minecraft:tadpole_bucket":22,"minecraft:potion":2,"minecraft:glowstone":1,"minecraft:cobblestone":10,"minecraft:cobbled_deepslate_slab":28,"minecraft:chainmail_boots":1,"minecraft:black_dye":1,"minecraft:tropical_fish_bucket":14,"minecraft:coarse_dirt":13,"minecraft:splash_potion":123,"minecraft:bone_meal":92,"minecraft:stripped_spruce_wood":2,"minecraft:pointed_dripstone":70},"minecraft:mined":{"minecraft:short_grass":4,"minecraft:grass_block":4,"minecraft:spruce_slab":1},"minecraft:custom":{"minecraft:interact_with_furnace":1,"minecraft:mob_kills":6,"minecraft:interact_with_anvil":1,"minecraft:leave_game":8,"minecraft:time_since_death":12158,"minecraft:climb_one_cm":642,"minecraft:time_since_rest":12196,"minecraft:damage_absorbed":80,"minecraft:sprint_one_cm":163540,"minecraft:open_enderchest":1,"minecraft:damage_taken":5268,"minecraft:walk_one_cm":373810,"minecraft:drop":16,"minecraft:damage_dealt":5375,"minecraft:interact_with_beacon":11,"minecraft:damage_dealt_absorbed":305,"minecraft:swim_one_cm":7374,"minecraft:talked_to_villager":2,"minecraft:fly_one_cm":2739186,"minecraft:player_kills":1,"minecraft:open_chest":3,"minecraft:crouch_one_cm":9395,"minecraft:play_time":299643,"minecraft:deaths":8,"minecraft:sneak_time":5960,"minecraft:walk_under_water_one_cm":32445,"minecraft:boat_one_cm":17220,"minecraft:aviate_one_cm":223753,"minecraft:jump":1533,"minecraft:walk_on_water_one_cm":9226,"minecraft:interact_with_smoker":1,"minecraft:total_world_time":299643,"minecraft:fall_one_cm":26913},"minecraft:killed":{"minecraft:frog":2,"minecraft:sheep":2,"minecraft:axolotl":1,"minecraft:snow_golem":1},"minecraft:picked_up":{"minecraft:wooden_axe":1,"minecraft:netherite_boots":2,"minecraft:coarse_dirt":10,"minecraft:barrier":3,"minecraft:feather":7,"minecraft:chainmail_boots":1,"minecraft:water_bucket":2,"minecraft:andesite":3,"minecraft:structure_block":1,"minecraft:potion":1,"minecraft:oak_log":2,"minecraft:acacia_button":86,"minecraft:netherite_leggings":2,"minecraft:dirt":120,"minecraft:moss_carpet":1,"minecraft:elytra":1,"minecraft:wooden_sword":1,"minecraft:spawner":2,"minecraft:netherite_ingot":1,"minecraft:blue_orchid":4,"minecraft:oak_sign":2,"minecraft:wheat_seeds":2,"minecraft:netherite_sword":8,"minecraft:polished_tuff_slab":1,"minecraft:dark_oak_sign":1,"minecraft:spruce_slab":2,"minecraft:cherry_button":1,"minecraft:stick":1,"minecraft:structure_void":1,"minecraft:snow_block":2,"minecraft:netherite_shovel":2,"minecraft:grass_block":4,"minecraft:redstone":5,"minecraft:dragon_egg":1,"minecraft:sea_lantern":2,"minecraft:oak_wood":2,"minecraft:firework_rocket":64,"minecraft:rotten_flesh":1,"minecraft:bamboo_sign":2,"minecraft:clay":1,"minecraft:diamond":2,"minecraft:campfire":2,"minecraft:netherite_helmet":2,"minecraft:carved_pumpkin":2,"minecraft:warped_sign":2,"minecraft:totem_of_undying":1,"minecraft:netherite_chestplate":2,"minecraft:melon_seeds":3,"minecraft:mutton":6,"minecraft:white_wool":4,"minecraft:cobblestone":54}},"DataVersion":3953}