{"stats":{"minecraft:used":{"minecraft:water_bucket":3,"minecraft:end_rod":1,"minecraft:oak_planks":13,"minecraft:chest":3,"minecraft:white_wool":1,"minecraft:mutton":1,"minecraft:crafting_table":1,"minecraft:lava_bucket":1,"minecraft:chicken":1,"minecraft:bread":3,"minecraft:string":2,"minecraft:spruce_sapling":1,"minecraft:diamond_sword":47,"minecraft:golden_carrot":5,"minecraft:bow":8,"minecraft:beef":2,"minecraft:bucket":4,"minecraft:egg":1},"minecraft:picked_up":{"minecraft:birch_log":4,"minecraft:crafting_table":1,"minecraft:feather":1,"minecraft:ominous_bottle":1,"minecraft:chicken":1,"minecraft:leather":1,"minecraft:oak_log":6,"minecraft:dirt":1,"minecraft:string":2,"minecraft:white_banner":1,"minecraft:bone":3,"minecraft:wheat_seeds":1,"minecraft:beef":3,"minecraft:chest":3,"minecraft:oak_planks":1,"minecraft:egg":2,"minecraft:stick":2,"minecraft:gravel":1,"minecraft:spruce_sapling":1,"minecraft:spruce_log":1,"minecraft:arrow":3,"minecraft:crossbow":2,"minecraft:end_rod":1,"minecraft:mutton":3,"minecraft:white_wool":1},"minecraft:dropped":{"minecraft:leather":1,"minecraft:stick":2,"minecraft:mutton":1,"minecraft:beef":1},"minecraft:killed":{"minecraft:spider":1,"minecraft:frog":1,"minecraft:sheep":1,"minecraft:skeleton":2,"minecraft:pillager":4,"minecraft:zombie":3,"minecraft:chicken":1,"minecraft:cow":2},"minecraft:custom":{"minecraft:interact_with_furnace":3,"minecraft:mob_kills":15,"minecraft:interact_with_crafting_table":4,"minecraft:open_barrel":3,"minecraft:leave_game":4,"minecraft:time_since_death":63200,"minecraft:climb_one_cm":6443,"minecraft:time_since_rest":63275,"minecraft:sprint_one_cm":158097,"minecraft:damage_taken":1003,"minecraft:walk_one_cm":186070,"minecraft:drop":5,"minecraft:damage_dealt":3327,"minecraft:swim_one_cm":11571,"minecraft:fly_one_cm":148722,"minecraft:player_kills":1,"minecraft:open_chest":14,"minecraft:crouch_one_cm":1256,"minecraft:play_time":70151,"minecraft:deaths":3,"minecraft:sneak_time":743,"minecraft:walk_under_water_one_cm":2597,"minecraft:jump":1044,"minecraft:walk_on_water_one_cm":5635,"minecraft:total_world_time":70151,"minecraft:fall_one_cm":17660},"minecraft:mined":{"minecraft:crafting_table":1,"minecraft:short_grass":2,"minecraft:chest":3,"minecraft:dead_bush":1,"minecraft:spruce_leaves":4,"minecraft:oak_planks":1,"minecraft:birch_log":4,"minecraft:spruce_log":1,"minecraft:birch_leaves":2,"minecraft:oak_log":6,"minecraft:vine":2,"minecraft:end_rod":1,"minecraft:gravel":1,"minecraft:dirt":1,"minecraft:oak_leaves":7},"minecraft:killed_by":{"minecraft:zombie":2,"minecraft:pillager":1},"minecraft:crafted":{"minecraft:oak_planks":24,"minecraft:crafting_table":1,"minecraft:spruce_planks":4,"minecraft:birch_planks":16,"minecraft:shield":1,"minecraft:iron_ingot":1,"minecraft:chest":1}},"DataVersion":3953}