{"stats":{"minecraft:dropped":{"minecraft:iron_sword":3,"minecraft:wheat_seeds":1,"minecraft:cooked_porkchop":128,"minecraft:cobblestone":32,"minecraft:glow_item_frame":1,"minecraft:grass_block":1,"minecraft:chainmail_helmet":2,"minecraft:golden_apple":16,"minecraft:item_frame":71,"minecraft:stick":5,"minecraft:iron_axe":1,"minecraft:iron_pickaxe":2,"minecraft:chainmail_leggings":2,"minecraft:acacia_hanging_sign":1,"minecraft:bamboo_hanging_sign":2,"minecraft:raw_iron":16,"minecraft:oak_planks":16,"minecraft:glow_lichen":1,"minecraft:oak_sign":2,"minecraft:acacia_leaves":1,"minecraft:chainmail_chestplate":2,"minecraft:acacia_button":86,"minecraft:flint_and_steel":1,"minecraft:copper_ore":1,"minecraft:allium":1,"minecraft:melon_seeds":3,"minecraft:leather_boots":1,"minecraft:chainmail_boots":2,"minecraft:quartz_slab":1},"minecraft:killed_by":{"minecraft:player":4,"minecraft:vindicator":1},"minecraft:used":{"minecraft:oak_fence":4,"minecraft:moss_block":23,"minecraft:orange_dye":7,"minecraft:moss_carpet":15,"minecraft:netherite_sword":131,"minecraft:orange_concrete":20,"minecraft:flint_and_steel":49,"minecraft:carved_pumpkin":1,"minecraft:stone_shovel":1,"minecraft:spruce_slab":2,"minecraft:redstone":22,"minecraft:bamboo_sign":1,"minecraft:oak_sign":7,"minecraft:chest":1,"minecraft:shield":15,"minecraft:ender_chest":1,"minecraft:stone":7,"minecraft:zombie_spawn_egg":1,"minecraft:quartz_stairs":45,"minecraft:structure_block":4,"minecraft:netherrack":12,"minecraft:iron_chestplate":1,"minecraft:dirt":71,"minecraft:anvil":8,"minecraft:blue_stained_glass":3,"minecraft:cod_bucket":9,"minecraft:diamond_helmet":1,"minecraft:salmon_bucket":10,"minecraft:glow_lichen":8,"minecraft:light_blue_stained_glass":1,"minecraft:axolotl_bucket":1,"minecraft:snowball":68,"minecraft:milk_bucket":1,"minecraft:shroomlight":5,"minecraft:frog_spawn_egg":44,"minecraft:lava_bucket":77,"minecraft:netherite_shovel":17,"minecraft:villager_spawn_egg":26,"minecraft:quartz_slab":40,"minecraft:lantern":8,"minecraft:iron_block":4,"minecraft:grass_block":205,"minecraft:quartz_block":27,"minecraft:bamboo_hanging_sign":3,"minecraft:spawner":5,"minecraft:polished_blackstone_brick_wall":3,"minecraft:iron_helmet":1,"minecraft:iron_boots":1,"minecraft:totem_of_undying":2,"minecraft:item_frame":2,"minecraft:yellow_concrete_powder":3,"minecraft:diamond_chestplate":1,"minecraft:tadpole_bucket":22,"minecraft:repeater":5,"minecraft:glowstone":1,"minecraft:bow":21,"minecraft:snow":230,"minecraft:furnace":1,"minecraft:black_dye":1,"minecraft:podzol":3,"minecraft:gold_block":4,"minecraft:red_dye":1,"minecraft:iron_leggings":1,"minecraft:stripped_spruce_wood":2,"minecraft:pointed_dripstone":70,"minecraft:calcite":19,"minecraft:short_grass":2,"minecraft:water_bucket":118,"minecraft:end_rod":5,"minecraft:diamond_boots":1,"minecraft:snow_block":4,"minecraft:lead":2,"minecraft:dark_oak_sign":2,"minecraft:netherite_chestplate":1,"minecraft:ender_pearl":7,"minecraft:birch_boat":4,"minecraft:spruce_sign":4,"minecraft:redstone_block":10,"minecraft:structure_void":9,"minecraft:glow_ink_sac":8,"minecraft:white_dye":1,"minecraft:beacon":5,"minecraft:parrot_spawn_egg":4,"minecraft:sheep_spawn_egg":2,"minecraft:vindicator_spawn_egg":3,"minecraft:leather_boots":3,"minecraft:glow_item_frame":9,"minecraft:golden_apple":3,"minecraft:diamond_block":189,"minecraft:comparator":1,"minecraft:light_blue_concrete":25,"minecraft:tnt":29,"minecraft:light_gray_terracotta":4,"minecraft:yellow_concrete":6,"minecraft:lingering_potion":40,"minecraft:painting":13,"minecraft:deepslate_brick_stairs":3,"minecraft:redstone_torch":6,"minecraft:sticky_piston":17,"minecraft:polished_tuff_slab":6,"minecraft:netherite_block":185,"minecraft:black_wool":1,"minecraft:firework_rocket":10,"minecraft:mace":9,"minecraft:command_block":1,"minecraft:light_gray_concrete":8,"minecraft:wind_charge":10,"minecraft:mangrove_propagule":5,"minecraft:barrier":886,"minecraft:tuff_brick_stairs":1,"minecraft:pig_spawn_egg":5,"minecraft:spruce_sapling":15,"minecraft:soul_lantern":9,"minecraft:wooden_sword":15,"minecraft:cobblestone":10,"minecraft:potion":12,"minecraft:cobbled_deepslate_slab":28,"minecraft:chainmail_boots":1,"minecraft:white_banner":1,"minecraft:cooked_porkchop":2,"minecraft:chain":24,"minecraft:piglin_spawn_egg":1,"minecraft:tropical_fish_bucket":14,"minecraft:coarse_dirt":14,"minecraft:splash_potion":126,"minecraft:bone_meal":168,"minecraft:diamond_leggings":1},"minecraft:custom":{"minecraft:mob_kills":46,"minecraft:interact_with_anvil":11,"minecraft:leave_game":21,"minecraft:time_since_death":9863,"minecraft:climb_one_cm":2071,"minecraft:sprint_one_cm":264518,"minecraft:walk_one_cm":628407,"minecraft:damage_blocked_by_shield":675,"minecraft:drop":118,"minecraft:damage_dealt_absorbed":905,"minecraft:talked_to_villager":2,"minecraft:play_time":509725,"minecraft:deaths":13,"minecraft:sneak_time":10387,"minecraft:walk_under_water_one_cm":34780,"minecraft:boat_one_cm":17220,"minecraft:jump":2636,"minecraft:walk_on_water_one_cm":11679,"minecraft:total_world_time":509725,"minecraft:interact_with_furnace":1,"minecraft:time_since_rest":9904,"minecraft:open_enderchest":8,"minecraft:damage_taken":6772,"minecraft:damage_absorbed":200,"minecraft:damage_dealt":10276,"minecraft:interact_with_beacon":11,"minecraft:swim_one_cm":7374,"minecraft:fly_one_cm":3620211,"minecraft:player_kills":5,"minecraft:open_chest":6,"minecraft:crouch_one_cm":17578,"minecraft:aviate_one_cm":223753,"minecraft:interact_with_smoker":1,"minecraft:fall_one_cm":38985,"minecraft:inspect_dispenser":1},"minecraft:mined":{"minecraft:grass_block":4,"minecraft:spruce_slab":1,"minecraft:short_grass":19,"minecraft:oak_leaves":1},"minecraft:picked_up":{"minecraft:wooden_axe":1,"minecraft:iron_chestplate":1,"minecraft:coarse_dirt":10,"minecraft:chainmail_boots":1,"minecraft:chicken":1,"minecraft:anvil":128,"minecraft:structure_block":1,"minecraft:lead":2,"minecraft:gold_block":1,"minecraft:potion":6,"minecraft:acacia_button":86,"minecraft:shield":1,"minecraft:iron_leggings":1,"minecraft:elytra":1,"minecraft:moss_carpet":1,"minecraft:wooden_sword":1,"minecraft:flint_and_steel":3,"minecraft:item_frame":7,"minecraft:netherite_ingot":1,"minecraft:oak_sign":2,"minecraft:blue_orchid":4,"minecraft:diamond_leggings":2,"minecraft:gold_nugget":1,"minecraft:netherite_sword":9,"minecraft:iron_pickaxe":1,"minecraft:spruce_slab":2,"minecraft:quartz_stairs":1,"minecraft:cherry_button":1,"minecraft:iron_boots":1,"minecraft:stick":5,"minecraft:stone":3,"minecraft:bamboo_hanging_sign":1,"minecraft:snow_block":2,"minecraft:netherite_shovel":2,"minecraft:redstone":5,"minecraft:arrow":64,"minecraft:bamboo_sign":2,"minecraft:diamond_chestplate":3,"minecraft:rotten_flesh":5,"minecraft:diamond_boots":1,"minecraft:iron_block":32,"minecraft:carved_pumpkin":2,"minecraft:warped_sign":2,"minecraft:totem_of_undying":1,"minecraft:netherite_chestplate":2,"minecraft:mutton":6,"minecraft:cobblestone":54,"minecraft:snowball":16,"minecraft:white_wool":4,"minecraft:netherite_boots":2,"minecraft:cooked_beef":64,"minecraft:barrier":9,"minecraft:feather":7,"minecraft:water_bucket":2,"minecraft:andesite":3,"minecraft:oak_log":2,"minecraft:netherite_leggings":2,"minecraft:dirt":120,"minecraft:lantern":1,"minecraft:white_banner":2,"minecraft:name_tag":2,"minecraft:spawner":2,"minecraft:podzol":3,"minecraft:bow":2,"minecraft:wheat_seeds":6,"minecraft:polished_tuff_slab":1,"minecraft:dark_oak_sign":1,"minecraft:diamond_helmet":2,"minecraft:iron_sword":5,"minecraft:cooked_porkchop":7,"minecraft:structure_void":1,"minecraft:grass_block":7,"minecraft:sea_lantern":2,"minecraft:dragon_egg":1,"minecraft:oak_wood":2,"minecraft:firework_rocket":64,"minecraft:clay":1,"minecraft:diamond":2,"minecraft:campfire":2,"minecraft:netherite_helmet":2,"minecraft:soul_lantern":1,"minecraft:iron_helmet":1,"minecraft:golden_apple":61,"minecraft:emerald":9,"minecraft:melon_seeds":3,"minecraft:ender_pearl":9},"minecraft:killed":{"minecraft:zombified_piglin":1,"minecraft:endermite":1,"minecraft:vindicator":2,"minecraft:chicken":1,"minecraft:axolotl":1,"minecraft:snow_golem":1,"minecraft:frog":29,"minecraft:sheep":2}},"DataVersion":3953}