{"stats":{"minecraft:used":{"minecraft:end_rod":1,"minecraft:lava_bucket":1,"minecraft:chest":3,"minecraft:spruce_sapling":1,"minecraft:diamond_sword":6,"minecraft:beef":1,"minecraft:crafting_table":1,"minecraft:bucket":1},"minecraft:picked_up":{"minecraft:birch_log":4,"minecraft:stick":2,"minecraft:crafting_table":1,"minecraft:leather":1,"minecraft:spruce_sapling":1,"minecraft:bone":2,"minecraft:beef":2,"minecraft:end_rod":1,"minecraft:chest":3},"minecraft:dropped":{"minecraft:leather":1,"minecraft:beef":1,"minecraft:stick":2},"minecraft:killed":{"minecraft:frog":1,"minecraft:cow":1},"minecraft:custom":{"minecraft:time_since_rest":27275,"minecraft:sprint_one_cm":26794,"minecraft:damage_taken":744,"minecraft:walk_one_cm":60053,"minecraft:mob_kills":2,"minecraft:drop":4,"minecraft:damage_dealt":445,"minecraft:interact_with_crafting_table":2,"minecraft:fly_one_cm":39966,"minecraft:player_kills":1,"minecraft:open_chest":4,"minecraft:crouch_one_cm":105,"minecraft:play_time":34151,"minecraft:deaths":3,"minecraft:sneak_time":30,"minecraft:walk_under_water_one_cm":140,"minecraft:jump":256,"minecraft:walk_on_water_one_cm":184,"minecraft:leave_game":4,"minecraft:time_since_death":27200,"minecraft:total_world_time":34151,"minecraft:climb_one_cm":3818,"minecraft:fall_one_cm":2601},"minecraft:mined":{"minecraft:birch_log":4,"minecraft:crafting_table":1,"minecraft:short_grass":1,"minecraft:vine":1,"minecraft:chest":3,"minecraft:dead_bush":1,"minecraft:end_rod":1,"minecraft:spruce_leaves":2},"minecraft:killed_by":{"minecraft:zombie":2,"minecraft:pillager":1},"minecraft:crafted":{"minecraft:crafting_table":1,"minecraft:chest":1,"minecraft:birch_planks":16}},"DataVersion":3953}