{"stats":{"minecraft:crafted":{"minecraft:oak_boat":1,"minecraft:oak_planks":20,"minecraft:cooked_porkchop":8,"minecraft:crafting_table":2,"minecraft:spruce_planks":40,"minecraft:stick":12,"minecraft:stone_pickaxe":1,"minecraft:wooden_pickaxe":1,"minecraft:wooden_axe":1,"minecraft:furnace":1,"minecraft:air":0},"minecraft:dropped":{"minecraft:sugar_cane":4},"minecraft:picked_up":{"minecraft:crafting_table":2,"minecraft:leather":2,"minecraft:porkchop":8,"minecraft:oak_log":5,"minecraft:spruce_log":10,"minecraft:dirt":2,"minecraft:spruce_planks":1,"minecraft:beef":2,"minecraft:granite":4,"minecraft:oak_boat":3,"minecraft:sugar_cane":4,"minecraft:cobblestone":55,"minecraft:furnace":1},"minecraft:custom":{"minecraft:time_since_rest":23974,"minecraft:interact_with_furnace":7,"minecraft:sprint_one_cm":42952,"minecraft:damage_taken":320,"minecraft:walk_one_cm":49909,"minecraft:mob_kills":6,"minecraft:drop":4,"minecraft:damage_dealt":758,"minecraft:interact_with_crafting_table":8,"minecraft:swim_one_cm":2638,"minecraft:fly_one_cm":45641,"minecraft:crouch_one_cm":773,"minecraft:play_time":23974,"minecraft:sneak_time":222,"minecraft:walk_under_water_one_cm":215,"minecraft:boat_one_cm":79294,"minecraft:jump":378,"minecraft:walk_on_water_one_cm":737,"minecraft:time_since_death":23974,"minecraft:total_world_time":23974,"minecraft:fall_one_cm":11435},"minecraft:killed":{"minecraft:zombie":1,"minecraft:pig":4,"minecraft:cow":1},"minecraft:mined":{"minecraft:spruce_planks":1,"minecraft:furnace":1,"minecraft:spruce_log":10,"minecraft:birch_leaves":1,"minecraft:crafting_table":2,"minecraft:glow_lichen":1,"minecraft:granite":4,"minecraft:oak_log":5,"minecraft:dirt":2,"minecraft:stone":56,"minecraft:sugar_cane":1},"minecraft:used":{"minecraft:wooden_axe":28,"minecraft:stone_pickaxe":45,"minecraft:spruce_planks":4,"minecraft:wooden_pickaxe":18,"minecraft:dirt":2,"minecraft:cobblestone":7,"minecraft:beef":2,"minecraft:crafting_table":3,"minecraft:furnace":1,"minecraft:cooked_porkchop":3,"minecraft:oak_boat":3,"minecraft:granite":4}},"DataVersion":3953}