{"stats":{"minecraft:crafted":{"minecraft:oak_boat":1,"minecraft:oak_planks":28,"minecraft:cooked_porkchop":8,"minecraft:crafting_table":2,"minecraft:spruce_planks":40,"minecraft:stick":12,"minecraft:stone_pickaxe":1,"minecraft:wooden_pickaxe":1,"minecraft:wooden_axe":1,"minecraft:furnace":1,"minecraft:white_bed":1,"minecraft:stone_axe":3,"minecraft:cooked_mutton":8,"minecraft:air":0},"minecraft:dropped":{"minecraft:sugar_cane":4},"minecraft:broken":{"minecraft:wooden_axe":1},"minecraft:picked_up":{"minecraft:crafting_table":4,"minecraft:leather":2,"minecraft:porkchop":8,"minecraft:oak_log":7,"minecraft:white_bed":1,"minecraft:spruce_log":10,"minecraft:dirt":19,"minecraft:spruce_planks":1,"minecraft:beef":4,"minecraft:granite":4,"minecraft:oak_boat":7,"minecraft:gray_wool":1,"minecraft:sugar_cane":6,"minecraft:mutton":8,"minecraft:white_wool":5,"minecraft:cobblestone":55,"minecraft:furnace":2},"minecraft:custom":{"minecraft:time_since_rest":5686,"minecraft:interact_with_furnace":12,"minecraft:sprint_one_cm":134462,"minecraft:damage_taken":915,"minecraft:walk_one_cm":89228,"minecraft:mob_kills":13,"minecraft:drop":4,"minecraft:damage_dealt":1360,"minecraft:talked_to_villager":1,"minecraft:interact_with_crafting_table":14,"minecraft:swim_one_cm":3132,"minecraft:fly_one_cm":184086,"minecraft:open_chest":1,"minecraft:crouch_one_cm":865,"minecraft:play_time":47974,"minecraft:sneak_time":282,"minecraft:walk_under_water_one_cm":1620,"minecraft:boat_one_cm":123861,"minecraft:jump":1132,"minecraft:walk_on_water_one_cm":6500,"minecraft:time_since_death":47974,"minecraft:sleep_in_bed":1,"minecraft:total_world_time":47974,"minecraft:fall_one_cm":33723},"minecraft:mined":{"minecraft:spruce_planks":1,"minecraft:white_bed":1,"minecraft:furnace":2,"minecraft:spruce_log":10,"minecraft:birch_leaves":1,"minecraft:crafting_table":4,"minecraft:glow_lichen":1,"minecraft:granite":4,"minecraft:short_grass":5,"minecraft:grass_block":1,"minecraft:oak_log":7,"minecraft:dirt":18,"minecraft:spruce_leaves":4,"minecraft:stone":56,"minecraft:sugar_cane":1,"minecraft:oak_leaves":1},"minecraft:killed":{"minecraft:sheep":6,"minecraft:zombie":1,"minecraft:pig":4,"minecraft:cow":2},"minecraft:used":{"minecraft:cooked_mutton":4,"minecraft:wooden_axe":36,"minecraft:stone_pickaxe":49,"minecraft:spruce_planks":18,"minecraft:wooden_pickaxe":20,"minecraft:stone_axe":20,"minecraft:dirt":19,"minecraft:cobblestone":19,"minecraft:beef":2,"minecraft:crafting_table":5,"minecraft:furnace":2,"minecraft:cooked_porkchop":8,"minecraft:white_bed":1,"minecraft:oak_boat":7,"minecraft:granite":4}},"DataVersion":3953}