{"stats":{"minecraft:crafted":{"minecraft:cooked_beef":2,"minecraft:oak_planks":36,"minecraft:cooked_porkchop":8,"minecraft:crafting_table":2,"minecraft:spruce_planks":40,"minecraft:wooden_pickaxe":1,"minecraft:iron_sword":1,"minecraft:furnace":2,"minecraft:stone_axe":3,"minecraft:cooked_mutton":8,"minecraft:air":0,"minecraft:oak_boat":1,"minecraft:iron_axe":1,"minecraft:stick":24,"minecraft:iron_ingot":5,"minecraft:iron_pickaxe":1,"minecraft:stone_pickaxe":4,"minecraft:wooden_axe":1,"minecraft:white_bed":1,"minecraft:torch":16},"minecraft:dropped":{"minecraft:sugar_cane":4,"minecraft:dirt":1},"minecraft:broken":{"minecraft:stone_pickaxe":2,"minecraft:iron_pickaxe":1,"minecraft:wooden_axe":1,"minecraft:wooden_pickaxe":1},"minecraft:picked_up":{"minecraft:crafting_table":4,"minecraft:andesite":8,"minecraft:leather":2,"minecraft:wooden_pickaxe":1,"minecraft:flint":3,"minecraft:tuff":4,"minecraft:oak_log":9,"minecraft:lapis_lazuli":36,"minecraft:dirt":101,"minecraft:wheat_seeds":2,"minecraft:cobbled_deepslate":100,"minecraft:spruce_planks":1,"minecraft:stone_pickaxe":1,"minecraft:beef":4,"minecraft:iron_ingot":3,"minecraft:oak_boat":7,"minecraft:iron_pickaxe":1,"minecraft:sugar_cane":6,"minecraft:oak_planks":3,"minecraft:furnace":2,"minecraft:stick":18,"minecraft:raw_iron":21,"minecraft:cooked_porkchop":5,"minecraft:gravel":2,"minecraft:porkchop":8,"minecraft:diorite":11,"minecraft:white_bed":1,"minecraft:spruce_log":10,"minecraft:diamond":3,"minecraft:granite":8,"minecraft:gray_wool":1,"minecraft:oak_sapling":1,"minecraft:mutton":8,"minecraft:white_wool":5,"minecraft:cobblestone":189},"minecraft:custom":{"minecraft:interact_with_furnace":31,"minecraft:mob_kills":14,"minecraft:interact_with_crafting_table":30,"minecraft:time_since_death":76,"minecraft:sleep_in_bed":3,"minecraft:time_since_rest":107,"minecraft:sprint_one_cm":262872,"minecraft:damage_taken":4190,"minecraft:walk_one_cm":193647,"minecraft:drop":5,"minecraft:damage_dealt":1887,"minecraft:swim_one_cm":12584,"minecraft:talked_to_villager":1,"minecraft:fly_one_cm":342376,"minecraft:open_chest":11,"minecraft:crouch_one_cm":1153,"minecraft:play_time":95596,"minecraft:deaths":9,"minecraft:sneak_time":392,"minecraft:walk_under_water_one_cm":3127,"minecraft:boat_one_cm":123861,"minecraft:jump":2235,"minecraft:walk_on_water_one_cm":9021,"minecraft:total_world_time":95596,"minecraft:fall_one_cm":94622},"minecraft:killed_by":{"minecraft:creeper":1},"minecraft:killed":{"minecraft:pig":4,"minecraft:skeleton":1,"minecraft:sheep":6,"minecraft:zombie":1,"minecraft:cow":2},"minecraft:mined":{"minecraft:tuff":4,"minecraft:spruce_planks":1,"minecraft:white_bed":1,"minecraft:deepslate_diamond_ore":3,"minecraft:crafting_table":4,"minecraft:glow_lichen":1,"minecraft:granite":8,"minecraft:short_grass":6,"minecraft:grass_block":37,"minecraft:tall_grass":3,"minecraft:cobblestone":2,"minecraft:spruce_leaves":4,"minecraft:oak_planks":3,"minecraft:sugar_cane":1,"minecraft:diorite":11,"minecraft:furnace":2,"minecraft:spruce_log":10,"minecraft:andesite":8,"minecraft:birch_leaves":1,"minecraft:deepslate_lapis_ore":5,"minecraft:oak_log":9,"minecraft:deepslate_iron_ore":21,"minecraft:gravel":5,"minecraft:dirt":52,"minecraft:stone":143,"minecraft:oak_leaves":7,"minecraft:deepslate":100},"minecraft:used":{"minecraft:cooked_mutton":8,"minecraft:stone_pickaxe":241,"minecraft:oak_planks":8,"minecraft:spruce_planks":24,"minecraft:wooden_pickaxe":54,"minecraft:iron_sword":12,"minecraft:rotten_flesh":1,"minecraft:torch":16,"minecraft:dirt":57,"minecraft:crafting_table":6,"minecraft:white_bed":2,"minecraft:granite":8,"minecraft:wooden_axe":36,"minecraft:iron_pickaxe":33,"minecraft:gravel":1,"minecraft:stone_axe":28,"minecraft:cobblestone":54,"minecraft:beef":2,"minecraft:oak_sapling":1,"minecraft:furnace":4,"minecraft:cooked_porkchop":11,"minecraft:oak_boat":7,"minecraft:cooked_beef":2,"minecraft:gray_wool":1}},"DataVersion":3953}