{"stats":{"minecraft:used":{"minecraft:water_bucket":15,"minecraft:end_rod":3,"minecraft:oak_planks":6,"minecraft:wooden_pickaxe":18,"minecraft:shield":1,"minecraft:white_wool":4,"minecraft:golden_apple":1,"minecraft:dirt":20,"minecraft:mutton":2,"minecraft:crafting_table":2,"minecraft:carrot":2,"minecraft:wooden_axe":22,"minecraft:lava_bucket":2,"minecraft:dark_oak_log":1,"minecraft:oak_stairs":1,"minecraft:diamond_sword":122,"minecraft:cobblestone":14,"minecraft:bow":6,"minecraft:bucket":17,"minecraft:egg":1,"minecraft:cooked_beef":11,"minecraft:acacia_planks":2,"minecraft:cobweb":17},"minecraft:picked_up":{"minecraft:wheat":3,"minecraft:cooked_beef":1,"minecraft:water_bucket":1,"minecraft:tripwire_hook":2,"minecraft:leather":1,"minecraft:diamond_sword":2,"minecraft:oak_stairs":1,"minecraft:golden_shovel":1,"minecraft:oak_log":1,"minecraft:shield":1,"minecraft:dirt":20,"minecraft:string":9,"minecraft:bone":1,"minecraft:apple":6,"minecraft:wheat_seeds":17,"minecraft:cobweb":23,"minecraft:oak_planks":6,"minecraft:egg":1,"minecraft:stick":4,"minecraft:acacia_log":6,"minecraft:carrot":2,"minecraft:spectral_arrow":31,"minecraft:dark_oak_log":1,"minecraft:golden_chestplate":1,"minecraft:diamond_chestplate":1,"minecraft:rotten_flesh":6,"minecraft:slime_ball":1,"minecraft:diamond_boots":1,"minecraft:armadillo_scute":1,"minecraft:end_rod":4,"minecraft:mutton":6,"minecraft:white_wool":4,"minecraft:cobblestone":17},"minecraft:dropped":{"minecraft:wheat_seeds":5,"minecraft:cooked_beef":1,"minecraft:wheat":8,"minecraft:rotten_flesh":2,"minecraft:leather":1,"minecraft:acacia_log":1,"minecraft:carrot":7,"minecraft:stick":4,"minecraft:end_rod":1,"minecraft:flint":8,"minecraft:cobweb":16,"minecraft:diamond_sword":2,"minecraft:dark_oak_log":1,"minecraft:beetroot_seeds":2,"minecraft:gold_nugget":2,"minecraft:slime_ball":1,"minecraft:string":8,"minecraft:tripwire_hook":2},"minecraft:killed":{"minecraft:spider":2,"minecraft:sheep":4,"minecraft:zombie":1},"minecraft:custom":{"minecraft:mob_kills":8,"minecraft:interact_with_crafting_table":5,"minecraft:open_barrel":9,"minecraft:leave_game":1,"minecraft:time_since_death":2739,"minecraft:sleep_in_bed":1,"minecraft:climb_one_cm":2935,"minecraft:time_since_rest":2770,"minecraft:sprint_one_cm":297917,"minecraft:damage_absorbed":40,"minecraft:damage_taken":43126,"minecraft:walk_one_cm":159317,"minecraft:damage_blocked_by_shield":25,"minecraft:drop":43,"minecraft:damage_dealt":1244,"minecraft:swim_one_cm":30861,"minecraft:fly_one_cm":395550,"minecraft:open_chest":15,"minecraft:crouch_one_cm":1223,"minecraft:play_time":78338,"minecraft:deaths":7,"minecraft:sneak_time":682,"minecraft:walk_under_water_one_cm":7354,"minecraft:jump":1821,"minecraft:walk_on_water_one_cm":18341,"minecraft:total_world_time":78338,"minecraft:fall_one_cm":42684},"minecraft:mined":{"minecraft:short_grass":48,"minecraft:acacia_log":6,"minecraft:tall_grass":8,"minecraft:cobblestone":1,"minecraft:oak_planks":7,"minecraft:oak_log":1,"minecraft:oak_stairs":1,"minecraft:end_rod":4,"minecraft:cobweb":8,"minecraft:stone":16,"minecraft:white_wool":1},"minecraft:killed_by":{"minecraft:player":4},"minecraft:crafted":{"minecraft:oak_planks":4,"minecraft:stone_shovel":1,"minecraft:crafting_table":2,"minecraft:wooden_pickaxe":1,"minecraft:stick":16,"minecraft:wooden_axe":1,"minecraft:stone_sword":1,"minecraft:acacia_planks":20}},"DataVersion":3953}