{"stats":{"minecraft:crafted":{"minecraft:cooked_beef":2,"minecraft:oak_planks":28,"minecraft:cooked_porkchop":8,"minecraft:crafting_table":2,"minecraft:spruce_planks":40,"minecraft:wooden_pickaxe":1,"minecraft:furnace":2,"minecraft:stone_axe":3,"minecraft:cooked_mutton":8,"minecraft:air":0,"minecraft:oak_boat":1,"minecraft:iron_axe":1,"minecraft:stick":24,"minecraft:iron_ingot":3,"minecraft:iron_pickaxe":1,"minecraft:stone_pickaxe":2,"minecraft:wooden_axe":1,"minecraft:white_bed":1,"minecraft:torch":16},"minecraft:dropped":{"minecraft:sugar_cane":4},"minecraft:broken":{"minecraft:stone_pickaxe":1,"minecraft:wooden_axe":1},"minecraft:picked_up":{"minecraft:crafting_table":4,"minecraft:leather":2,"minecraft:flint":1,"minecraft:tuff":3,"minecraft:oak_log":7,"minecraft:lapis_lazuli":36,"minecraft:dirt":19,"minecraft:wheat_seeds":1,"minecraft:cobbled_deepslate":79,"minecraft:spruce_planks":1,"minecraft:beef":4,"minecraft:iron_ingot":3,"minecraft:oak_boat":7,"minecraft:sugar_cane":6,"minecraft:oak_planks":3,"minecraft:furnace":2,"minecraft:raw_iron":21,"minecraft:gravel":1,"minecraft:porkchop":8,"minecraft:diorite":8,"minecraft:white_bed":1,"minecraft:spruce_log":10,"minecraft:diamond":3,"minecraft:granite":8,"minecraft:gray_wool":1,"minecraft:mutton":8,"minecraft:white_wool":5,"minecraft:cobblestone":100},"minecraft:custom":{"minecraft:interact_with_furnace":23,"minecraft:mob_kills":13,"minecraft:interact_with_crafting_table":23,"minecraft:time_since_death":71974,"minecraft:sleep_in_bed":1,"minecraft:time_since_rest":29686,"minecraft:sprint_one_cm":186560,"minecraft:damage_taken":1360,"minecraft:walk_one_cm":136988,"minecraft:drop":4,"minecraft:damage_dealt":1668,"minecraft:swim_one_cm":10382,"minecraft:talked_to_villager":1,"minecraft:fly_one_cm":248983,"minecraft:open_chest":8,"minecraft:crouch_one_cm":865,"minecraft:play_time":71974,"minecraft:sneak_time":299,"minecraft:walk_under_water_one_cm":2023,"minecraft:boat_one_cm":123861,"minecraft:jump":1529,"minecraft:walk_on_water_one_cm":8150,"minecraft:total_world_time":71974,"minecraft:fall_one_cm":43689},"minecraft:killed":{"minecraft:pig":4,"minecraft:sheep":6,"minecraft:zombie":1,"minecraft:cow":2},"minecraft:mined":{"minecraft:tuff":3,"minecraft:spruce_planks":1,"minecraft:white_bed":1,"minecraft:deepslate_diamond_ore":3,"minecraft:crafting_table":4,"minecraft:glow_lichen":1,"minecraft:granite":8,"minecraft:short_grass":6,"minecraft:grass_block":1,"minecraft:cobblestone":2,"minecraft:spruce_leaves":4,"minecraft:oak_planks":3,"minecraft:sugar_cane":1,"minecraft:diorite":8,"minecraft:furnace":2,"minecraft:spruce_log":10,"minecraft:birch_leaves":1,"minecraft:deepslate_lapis_ore":5,"minecraft:oak_log":7,"minecraft:deepslate_iron_ore":21,"minecraft:gravel":2,"minecraft:dirt":18,"minecraft:stone":99,"minecraft:oak_leaves":1,"minecraft:deepslate":79},"minecraft:used":{"minecraft:cooked_mutton":8,"minecraft:stone_pickaxe":171,"minecraft:spruce_planks":24,"minecraft:wooden_pickaxe":53,"minecraft:torch":15,"minecraft:dirt":19,"minecraft:crafting_table":6,"minecraft:white_bed":2,"minecraft:granite":4,"minecraft:wooden_axe":36,"minecraft:iron_pickaxe":16,"minecraft:stone_axe":28,"minecraft:cobblestone":35,"minecraft:beef":2,"minecraft:furnace":4,"minecraft:cooked_porkchop":8,"minecraft:oak_boat":7,"minecraft:cooked_beef":2,"minecraft:gray_wool":1}},"DataVersion":3953}