{"stats":{"minecraft:used":{"minecraft:water_bucket":9,"minecraft:end_rod":3,"minecraft:oak_planks":6,"minecraft:wooden_pickaxe":18,"minecraft:shield":1,"minecraft:white_wool":4,"minecraft:dirt":20,"minecraft:mutton":2,"minecraft:crafting_table":2,"minecraft:carrot":2,"minecraft:wooden_axe":22,"minecraft:dark_oak_log":1,"minecraft:oak_stairs":1,"minecraft:diamond_sword":30,"minecraft:cobblestone":14,"minecraft:bow":1,"minecraft:bucket":9,"minecraft:cooked_beef":8,"minecraft:acacia_planks":2,"minecraft:cobweb":17},"minecraft:picked_up":{"minecraft:wheat":3,"minecraft:cooked_beef":1,"minecraft:tripwire_hook":2,"minecraft:leather":1,"minecraft:diamond_sword":2,"minecraft:oak_stairs":1,"minecraft:golden_shovel":1,"minecraft:oak_log":1,"minecraft:shield":1,"minecraft:dirt":20,"minecraft:string":7,"minecraft:wheat_seeds":9,"minecraft:cobweb":16,"minecraft:oak_planks":6,"minecraft:egg":1,"minecraft:stick":4,"minecraft:acacia_log":6,"minecraft:carrot":2,"minecraft:dark_oak_log":1,"minecraft:rotten_flesh":2,"minecraft:slime_ball":1,"minecraft:armadillo_scute":1,"minecraft:end_rod":4,"minecraft:mutton":6,"minecraft:white_wool":4,"minecraft:cobblestone":17},"minecraft:dropped":{"minecraft:wheat_seeds":5,"minecraft:cooked_beef":1,"minecraft:wheat":8,"minecraft:rotten_flesh":2,"minecraft:leather":1,"minecraft:acacia_log":1,"minecraft:carrot":7,"minecraft:stick":4,"minecraft:end_rod":1,"minecraft:flint":8,"minecraft:cobweb":16,"minecraft:diamond_sword":2,"minecraft:dark_oak_log":1,"minecraft:beetroot_seeds":2,"minecraft:gold_nugget":2,"minecraft:slime_ball":1,"minecraft:string":8,"minecraft:tripwire_hook":2},"minecraft:killed":{"minecraft:spider":1,"minecraft:sheep":4},"minecraft:custom":{"minecraft:mob_kills":5,"minecraft:interact_with_crafting_table":5,"minecraft:open_barrel":9,"minecraft:leave_game":1,"minecraft:time_since_death":47453,"minecraft:sleep_in_bed":1,"minecraft:climb_one_cm":2935,"minecraft:time_since_rest":30391,"minecraft:sprint_one_cm":246475,"minecraft:damage_taken":42089,"minecraft:walk_one_cm":124461,"minecraft:damage_blocked_by_shield":25,"minecraft:drop":43,"minecraft:damage_dealt":624,"minecraft:swim_one_cm":30861,"minecraft:fly_one_cm":278250,"minecraft:open_chest":13,"minecraft:crouch_one_cm":1036,"minecraft:play_time":66338,"minecraft:deaths":4,"minecraft:sneak_time":514,"minecraft:walk_under_water_one_cm":6651,"minecraft:jump":1469,"minecraft:walk_on_water_one_cm":16097,"minecraft:total_world_time":66338,"minecraft:fall_one_cm":30385},"minecraft:mined":{"minecraft:short_grass":18,"minecraft:acacia_log":6,"minecraft:tall_grass":4,"minecraft:cobblestone":1,"minecraft:oak_planks":7,"minecraft:oak_log":1,"minecraft:oak_stairs":1,"minecraft:end_rod":4,"minecraft:cobweb":6,"minecraft:stone":16,"minecraft:white_wool":1},"minecraft:killed_by":{"minecraft:player":1},"minecraft:crafted":{"minecraft:oak_planks":4,"minecraft:stone_shovel":1,"minecraft:crafting_table":2,"minecraft:wooden_pickaxe":1,"minecraft:stick":16,"minecraft:wooden_axe":1,"minecraft:stone_sword":1,"minecraft:acacia_planks":20}},"DataVersion":3953}