{"stats":{"minecraft:used":{"minecraft:water_bucket":3,"minecraft:end_rod":3,"minecraft:diamond_sword":10,"minecraft:bow":1,"minecraft:dark_oak_log":1,"minecraft:bucket":3,"minecraft:carrot":2,"minecraft:cobweb":8},"minecraft:picked_up":{"minecraft:wheat":3,"minecraft:tripwire_hook":2,"minecraft:end_rod":4,"minecraft:carrot":2,"minecraft:dark_oak_log":1,"minecraft:string":7},"minecraft:dropped":{"minecraft:gold_nugget":2,"minecraft:dark_oak_log":1,"minecraft:string":8,"minecraft:tripwire_hook":2,"minecraft:carrot":7,"minecraft:wheat":8,"minecraft:end_rod":1},"minecraft:custom":{"minecraft:open_barrel":1,"minecraft:time_since_rest":130,"minecraft:open_chest":5,"minecraft:crouch_one_cm":380,"minecraft:play_time":18648,"minecraft:sprint_one_cm":15705,"minecraft:walk_one_cm":27094,"minecraft:damage_taken":24307,"minecraft:deaths":3,"minecraft:sneak_time":98,"minecraft:walk_under_water_one_cm":1794,"minecraft:drop":29,"minecraft:jump":256,"minecraft:damage_dealt":21,"minecraft:walk_on_water_one_cm":97,"minecraft:time_since_death":88,"minecraft:total_world_time":18648,"minecraft:climb_one_cm":2935,"minecraft:fall_one_cm":422,"minecraft:fly_one_cm":24361},"minecraft:mined":{"minecraft:end_rod":4,"minecraft:cobweb":6},"minecraft:killed_by":{"minecraft:player":1}},"DataVersion":3953}