{"stats":{"minecraft:crafted":{"minecraft:oak_boat":1,"minecraft:oak_planks":20,"minecraft:crafting_table":2,"minecraft:stick":4,"minecraft:wooden_axe":1},"minecraft:picked_up":{"minecraft:crafting_table":1,"minecraft:oak_boat":3,"minecraft:oak_log":5,"minecraft:spruce_log":5,"minecraft:sugar_cane":2,"minecraft:dirt":2},"minecraft:custom":{"minecraft:time_since_rest":11974,"minecraft:crouch_one_cm":722,"minecraft:play_time":11974,"minecraft:sprint_one_cm":22492,"minecraft:damage_taken":120,"minecraft:walk_one_cm":21064,"minecraft:sneak_time":200,"minecraft:walk_under_water_one_cm":215,"minecraft:boat_one_cm":79294,"minecraft:jump":150,"minecraft:damage_dealt":58,"minecraft:time_since_death":11974,"minecraft:walk_on_water_one_cm":457,"minecraft:total_world_time":11974,"minecraft:swim_one_cm":2638,"minecraft:interact_with_crafting_table":3,"minecraft:fall_one_cm":6441,"minecraft:fly_one_cm":25985},"minecraft:mined":{"minecraft:oak_log":5,"minecraft:dirt":2,"minecraft:spruce_log":5,"minecraft:birch_leaves":1,"minecraft:sugar_cane":1,"minecraft:crafting_table":1},"minecraft:used":{"minecraft:wooden_axe":6,"minecraft:dirt":2,"minecraft:crafting_table":2,"minecraft:oak_boat":3}},"DataVersion":3953}