{"stats":{"minecraft:dropped":{"minecraft:iron_ingot":4,"minecraft:iron_sword":2,"minecraft:porkchop":9,"minecraft:wheat_seeds":5,"minecraft:cooked_beef":10,"minecraft:crafting_table":2,"minecraft:iron_helmet":4,"minecraft:cobblestone":34,"minecraft:leather_helmet":1,"minecraft:coal":4,"minecraft:stick":2,"minecraft:dirt":4,"minecraft:diorite":46,"minecraft:torch":1,"minecraft:iron_leggings":4,"minecraft:iron_axe":1,"minecraft:iron_pickaxe":2,"minecraft:bone":4,"minecraft:sugar_cane":4,"minecraft:raw_copper":35,"minecraft:raw_iron":65,"minecraft:chicken":1,"minecraft:rotten_flesh":23,"minecraft:carrot":1,"minecraft:hay_block":1,"minecraft:shield":1,"minecraft:iron_chestplate":2,"minecraft:arrow":6,"minecraft:stone_pickaxe":1,"minecraft:raw_gold":12},"minecraft:broken":{"minecraft:wooden_pickaxe":1,"minecraft:stone_pickaxe":2,"minecraft:iron_pickaxe":1,"minecraft:wooden_axe":1},"minecraft:killed_by":{"minecraft:player":3,"minecraft:creeper":2,"minecraft:skeleton":5,"minecraft:zombie":8},"minecraft:crafted":{"minecraft:oak_planks":44,"minecraft:furnace":3,"minecraft:cooked_mutton":8,"minecraft:iron_boots":2,"minecraft:iron_axe":3,"minecraft:iron_hoe":1,"minecraft:stone_pickaxe":4,"minecraft:chest":1,"minecraft:stone_hoe":1,"minecraft:cooked_beef":2,"minecraft:cooked_porkchop":8,"minecraft:diamond_axe":1,"minecraft:crafting_table":4,"minecraft:spruce_planks":40,"minecraft:wooden_pickaxe":1,"minecraft:iron_helmet":1,"minecraft:iron_sword":1,"minecraft:leather_helmet":1,"minecraft:bucket":3,"minecraft:stone_axe":3,"minecraft:air":0,"minecraft:oak_boat":1,"minecraft:iron_chestplate":2,"minecraft:stick":52,"minecraft:iron_ingot":70,"minecraft:iron_pickaxe":2,"minecraft:wooden_axe":1,"minecraft:iron_leggings":1,"minecraft:white_bed":1,"minecraft:torch":40},"minecraft:used":{"minecraft:chest":1,"minecraft:spruce_planks":24,"minecraft:iron_sword":15,"minecraft:stone_hoe":7,"minecraft:rotten_flesh":3,"minecraft:iron_chestplate":6,"minecraft:torch":26,"minecraft:dirt":59,"minecraft:granite":8,"minecraft:wooden_axe":36,"minecraft:iron_axe":74,"minecraft:iron_boots":1,"minecraft:beef":2,"minecraft:oak_sapling":1,"minecraft:furnace":6,"minecraft:cooked_beef":15,"minecraft:iron_leggings":2,"minecraft:wheat_seeds":6,"minecraft:cooked_mutton":8,"minecraft:water_bucket":13,"minecraft:diorite":24,"minecraft:cobblestone_stairs":1,"minecraft:stone_pickaxe":247,"minecraft:oak_planks":13,"minecraft:wooden_pickaxe":60,"minecraft:diamond_axe":1,"minecraft:glow_berries":3,"minecraft:crafting_table":9,"minecraft:white_bed":2,"minecraft:bread":2,"minecraft:iron_pickaxe":106,"minecraft:leather_helmet":2,"minecraft:gravel":1,"minecraft:lilac":7,"minecraft:stone_axe":28,"minecraft:cobblestone":162,"minecraft:cooked_porkchop":15,"minecraft:bucket":16,"minecraft:yellow_bed":3,"minecraft:oak_boat":7,"minecraft:gray_wool":1},"minecraft:custom":{"minecraft:mob_kills":24,"minecraft:interact_with_crafting_table":68,"minecraft:leave_game":3,"minecraft:time_since_death":12057,"minecraft:sprint_one_cm":504945,"minecraft:walk_one_cm":410726,"minecraft:drop":71,"minecraft:talked_to_villager":2,"minecraft:play_time":170384,"minecraft:deaths":29,"minecraft:sneak_time":2129,"minecraft:walk_under_water_one_cm":11900,"minecraft:boat_one_cm":123861,"minecraft:jump":3997,"minecraft:walk_on_water_one_cm":26177,"minecraft:total_world_time":170384,"minecraft:interact_with_furnace":54,"minecraft:sleep_in_bed":9,"minecraft:time_since_rest":1942,"minecraft:damage_taken":11279,"minecraft:damage_dealt":3608,"minecraft:player_kills":2,"minecraft:swim_one_cm":12636,"minecraft:fly_one_cm":597469,"minecraft:open_chest":33,"minecraft:crouch_one_cm":4508,"minecraft:fall_one_cm":146982},"minecraft:mined":{"minecraft:diamond_ore":4,"minecraft:tuff":4,"minecraft:spruce_planks":1,"minecraft:white_bed":1,"minecraft:deepslate_diamond_ore":3,"minecraft:glow_lichen":1,"minecraft:granite":8,"minecraft:grass_block":42,"minecraft:spruce_leaves":4,"minecraft:redstone_ore":2,"minecraft:furnace":3,"minecraft:andesite":8,"minecraft:deepslate_lapis_ore":5,"minecraft:deepslate_iron_ore":21,"minecraft:rail":1,"minecraft:stone":172,"minecraft:glass_pane":1,"minecraft:crafting_table":7,"minecraft:short_grass":77,"minecraft:cobblestone":2,"minecraft:tall_grass":10,"minecraft:oak_planks":24,"minecraft:sugar_cane":1,"minecraft:diorite":51,"minecraft:wheat":6,"minecraft:lilac":8,"minecraft:spruce_log":10,"minecraft:birch_leaves":1,"minecraft:yellow_bed":3,"minecraft:oak_log":12,"minecraft:coal_ore":5,"minecraft:gravel":5,"minecraft:dirt":56,"minecraft:oak_leaves":16,"minecraft:deepslate":100},"minecraft:picked_up":{"minecraft:crafting_table":13,"minecraft:iron_chestplate":14,"minecraft:wheat":11,"minecraft:chicken":3,"minecraft:wooden_pickaxe":6,"minecraft:shield":3,"minecraft:iron_axe":10,"minecraft:raw_copper":280,"minecraft:iron_leggings":6,"minecraft:cobbled_deepslate":100,"minecraft:spruce_planks":1,"minecraft:beef":4,"minecraft:oak_boat":7,"minecraft:iron_pickaxe":23,"minecraft:sugar_cane":6,"minecraft:iron_boots":1,"minecraft:furnace":5,"minecraft:stick":67,"minecraft:raw_iron":110,"minecraft:torch":14,"minecraft:porkchop":26,"minecraft:diorite":319,"minecraft:carrot":1,"minecraft:redstone":36,"minecraft:arrow":6,"minecraft:rotten_flesh":133,"minecraft:beetroot_seeds":2,"minecraft:hay_block":1,"minecraft:glow_berries":15,"minecraft:mutton":8,"minecraft:rail":49,"minecraft:white_wool":5,"minecraft:cobblestone":952,"minecraft:lilac":7,"minecraft:feather":3,"minecraft:cooked_beef":46,"minecraft:water_bucket":9,"minecraft:andesite":8,"minecraft:leather":2,"minecraft:flint":3,"minecraft:tuff":4,"minecraft:oak_log":12,"minecraft:yellow_bed":3,"minecraft:cobblestone_stairs":3,"minecraft:lapis_lazuli":100,"minecraft:dirt":129,"minecraft:bone":21,"minecraft:bow":3,"minecraft:wheat_seeds":38,"minecraft:raw_gold":46,"minecraft:iron_ingot":79,"minecraft:stone_pickaxe":3,"minecraft:oak_planks":76,"minecraft:iron_sword":4,"minecraft:stone_hoe":1,"minecraft:cooked_porkchop":26,"minecraft:gravel":2,"minecraft:white_bed":1,"minecraft:spruce_log":10,"minecraft:leather_helmet":10,"minecraft:diamond":23,"minecraft:iron_helmet":4,"minecraft:granite":8,"minecraft:gray_wool":1,"minecraft:bread":2,"minecraft:oak_sapling":1,"minecraft:melon_seeds":8,"minecraft:coal":74},"minecraft:killed":{"minecraft:spider":1,"minecraft:skeleton":3,"minecraft:pig":4,"minecraft:sheep":6,"minecraft:zombie":6,"minecraft:cow":2}},"DataVersion":3953}