{"stats":{"minecraft:used":{"minecraft:wooden_axe":13,"minecraft:water_bucket":3,"minecraft:end_rod":3,"minecraft:dark_oak_log":1,"minecraft:wooden_pickaxe":16,"minecraft:diamond_sword":25,"minecraft:dirt":9,"minecraft:mutton":2,"minecraft:bow":1,"minecraft:crafting_table":1,"minecraft:carrot":2,"minecraft:bucket":3,"minecraft:cooked_beef":1,"minecraft:acacia_planks":1,"minecraft:cobweb":8},"minecraft:picked_up":{"minecraft:stick":4,"minecraft:wheat":3,"minecraft:tripwire_hook":2,"minecraft:leather":1,"minecraft:acacia_log":6,"minecraft:golden_shovel":1,"minecraft:shield":1,"minecraft:carrot":2,"minecraft:dark_oak_log":1,"minecraft:string":7,"minecraft:dirt":20,"minecraft:rotten_flesh":2,"minecraft:wheat_seeds":5,"minecraft:cobweb":16,"minecraft:end_rod":4,"minecraft:mutton":6,"minecraft:white_wool":3,"minecraft:cobblestone":16},"minecraft:dropped":{"minecraft:cobweb":16,"minecraft:dark_oak_log":1,"minecraft:wheat_seeds":4,"minecraft:beetroot_seeds":2,"minecraft:wheat":8,"minecraft:rotten_flesh":2,"minecraft:gold_nugget":2,"minecraft:leather":1,"minecraft:string":8,"minecraft:tripwire_hook":2,"minecraft:acacia_log":1,"minecraft:carrot":7,"minecraft:stick":4,"minecraft:end_rod":1,"minecraft:flint":8},"minecraft:killed":{"minecraft:sheep":4},"minecraft:custom":{"minecraft:time_since_rest":11801,"minecraft:sprint_one_cm":63083,"minecraft:damage_taken":41943,"minecraft:walk_one_cm":56169,"minecraft:mob_kills":4,"minecraft:drop":38,"minecraft:damage_dealt":350,"minecraft:interact_with_crafting_table":3,"minecraft:fly_one_cm":89393,"minecraft:open_barrel":9,"minecraft:open_chest":11,"minecraft:crouch_one_cm":845,"minecraft:play_time":30648,"minecraft:deaths":4,"minecraft:sneak_time":330,"minecraft:walk_under_water_one_cm":1937,"minecraft:jump":546,"minecraft:time_since_death":11763,"minecraft:walk_on_water_one_cm":308,"minecraft:climb_one_cm":2935,"minecraft:total_world_time":30648,"minecraft:fall_one_cm":9023},"minecraft:mined":{"minecraft:short_grass":14,"minecraft:acacia_log":6,"minecraft:end_rod":4,"minecraft:cobweb":6,"minecraft:tall_grass":4,"minecraft:stone":16},"minecraft:crafted":{"minecraft:crafting_table":1,"minecraft:stick":8,"minecraft:wooden_pickaxe":1,"minecraft:wooden_axe":1,"minecraft:acacia_planks":20},"minecraft:killed_by":{"minecraft:player":1}},"DataVersion":3953}