{"stats":{"minecraft:crafted":{"minecraft:wooden_sword":1,"minecraft:oak_planks":12,"minecraft:crafting_table":1,"minecraft:stick":4},"minecraft:picked_up":{"minecraft:oak_log":3,"minecraft:dirt":6},"minecraft:custom":{"minecraft:time_since_rest":676,"minecraft:deaths":2,"minecraft:sprint_one_cm":17684,"minecraft:play_time":11826,"minecraft:damage_taken":679,"minecraft:walk_one_cm":22901,"minecraft:walk_under_water_one_cm":883,"minecraft:jump":187,"minecraft:time_since_death":557,"minecraft:leave_game":3,"minecraft:walk_on_water_one_cm":2588,"minecraft:total_world_time":11826,"minecraft:swim_one_cm":2617,"minecraft:interact_with_crafting_table":2,"minecraft:fall_one_cm":11530,"minecraft:fly_one_cm":21230},"minecraft:killed_by":{"minecraft:creeper":2},"minecraft:mined":{"minecraft:grass_block":2,"minecraft:oak_log":3,"minecraft:dirt":4},"minecraft:used":{"minecraft:dirt":6,"minecraft:crafting_table":1}},"DataVersion":3953}