{"stats":{"minecraft:crafted":{"minecraft:wooden_sword":1,"minecraft:oak_planks":28,"minecraft:crafting_table":2,"minecraft:stick":12,"minecraft:wooden_pickaxe":1,"minecraft:stone_pickaxe":1,"minecraft:stone_axe":1},"minecraft:dropped":{"minecraft:oak_log":1},"minecraft:picked_up":{"minecraft:birch_log":6,"minecraft:crafting_table":3,"minecraft:salmon":1,"minecraft:leather":1,"minecraft:oak_log":8,"minecraft:diorite":3,"minecraft:dirt":6,"minecraft:wheat_seeds":2,"minecraft:light_gray_wool":1,"minecraft:black_wool":1,"minecraft:mutton":3,"minecraft:oak_planks":2,"minecraft:white_wool":1,"minecraft:cobblestone":10},"minecraft:custom":{"minecraft:time_since_rest":9011,"minecraft:sprint_one_cm":32476,"minecraft:damage_taken":909,"minecraft:walk_one_cm":53567,"minecraft:mob_kills":5,"minecraft:drop":1,"minecraft:damage_dealt":579,"minecraft:interact_with_crafting_table":6,"minecraft:swim_one_cm":6099,"minecraft:fly_one_cm":42653,"minecraft:crouch_one_cm":77,"minecraft:play_time":20161,"minecraft:deaths":2,"minecraft:sneak_time":31,"minecraft:walk_under_water_one_cm":1595,"minecraft:jump":388,"minecraft:leave_game":4,"minecraft:time_since_death":8892,"minecraft:walk_on_water_one_cm":5574,"minecraft:total_world_time":20161,"minecraft:fall_one_cm":17077},"minecraft:killed_by":{"minecraft:creeper":2},"minecraft:mined":{"minecraft:birch_log":6,"minecraft:birch_leaves":1,"minecraft:crafting_table":3,"minecraft:short_grass":4,"minecraft:grass_block":2,"minecraft:oak_log":7,"minecraft:dirt":4,"minecraft:tall_grass":5,"minecraft:stone":10,"minecraft:oak_planks":2,"minecraft:diorite":3,"minecraft:oak_leaves":1},"minecraft:killed":{"minecraft:sheep":3,"minecraft:horse":1,"minecraft:salmon":1},"minecraft:used":{"minecraft:stone_pickaxe":10,"minecraft:oak_planks":2,"minecraft:wooden_pickaxe":4,"minecraft:stone_axe":26,"minecraft:salmon":1,"minecraft:cobblestone":4,"minecraft:dirt":6,"minecraft:mutton":3,"minecraft:crafting_table":4}},"DataVersion":3953}