{"stats":{"minecraft:used":{"minecraft:moss_block":20,"minecraft:oak_fence":14,"minecraft:mossy_stone_bricks":5,"minecraft:water_bucket":23,"minecraft:netherite_sword":114,"minecraft:iron_bars":1,"minecraft:light_blue_glazed_terracotta":5,"minecraft:red_concrete":1,"minecraft:redstone":65,"minecraft:chorus_fruit":1,"minecraft:polished_andesite":60,"minecraft:mangrove_planks":5,"minecraft:prismarine_stairs":8,"minecraft:chest":4,"minecraft:stone":15,"minecraft:jungle_hanging_sign":2,"minecraft:cracked_stone_bricks":2,"minecraft:torch":13,"minecraft:mossy_cobblestone":18,"minecraft:dirt":840,"minecraft:anvil":1,"minecraft:terracotta":33,"minecraft:vine":13,"minecraft:loom":1,"minecraft:orange_glazed_terracotta":3,"minecraft:smooth_red_sandstone":58,"minecraft:jungle_planks":32,"minecraft:black_banner":7,"minecraft:campfire":5,"minecraft:white_bed":3,"minecraft:allay_spawn_egg":1,"minecraft:redstone_torch":14,"minecraft:big_dripleaf":4,"minecraft:small_dripleaf":6,"minecraft:andesite_wall":9,"minecraft:sticky_piston":26,"minecraft:lever":2,"minecraft:blue_glazed_terracotta":1,"minecraft:flowering_azalea":8,"minecraft:lava_bucket":9,"minecraft:diamond_shovel":78,"minecraft:crying_obsidian":2,"minecraft:red_wool":3,"minecraft:lantern":8,"minecraft:grass_block":290,"minecraft:string":18,"minecraft:stone_button":18,"minecraft:polished_andesite_stairs":33,"minecraft:netherite_axe":14,"minecraft:mud_bricks":60,"minecraft:barrel":6,"minecraft:stone_bricks":54,"minecraft:lilac":7,"minecraft:polished_andesite_slab":25,"minecraft:bedrock":7,"minecraft:stripped_mangrove_log":40,"minecraft:chiseled_stone_bricks":27,"minecraft:tripwire_hook":7,"minecraft:repeater":11,"minecraft:cobblestone":38,"minecraft:orange_banner":2,"minecraft:hay_block":284,"minecraft:red_concrete_powder":1,"minecraft:andesite_stairs":68,"minecraft:andesite":385,"minecraft:stone_pressure_plate":4,"minecraft:acacia_planks":39,"minecraft:pearlescent_froglight":9,"minecraft:ice":109,"minecraft:sea_pickle":12,"minecraft:coarse_dirt":9,"minecraft:orange_terracotta":158,"minecraft:bone_meal":19,"minecraft:pointed_dripstone":13},"minecraft:picked_up":{"minecraft:enchanting_table":1,"minecraft:iron_chestplate":1,"minecraft:golden_carrot":1,"minecraft:tripwire_hook":1,"minecraft:turtle_helmet":1,"minecraft:andesite":2,"minecraft:shield":1,"minecraft:gunpowder":6,"minecraft:string":4,"minecraft:dirt":2,"minecraft:white_banner":2,"minecraft:orange_terracotta":1,"minecraft:spawner":3,"minecraft:iron_leggings":1,"minecraft:bone":11,"minecraft:acacia_planks":1,"minecraft:apple":4,"minecraft:wheat_seeds":2,"minecraft:netherite_sword":2,"minecraft:andesite_stairs":1,"minecraft:redstone_torch":2,"minecraft:mangrove_planks":1,"minecraft:birch_sapling":4,"minecraft:stick":15,"minecraft:big_dripleaf":2,"minecraft:torch":2,"minecraft:jungle_planks":1,"minecraft:white_bed":2,"minecraft:grass_block":4,"minecraft:redstone":3,"minecraft:stone_pressure_plate":1,"minecraft:stripped_jungle_log":1,"minecraft:polished_andesite":1,"minecraft:arrow":8,"minecraft:rotten_flesh":1,"minecraft:black_banner":1,"minecraft:emerald":10,"minecraft:white_terracotta":1,"minecraft:terracotta":1,"minecraft:oak_sapling":22},"minecraft:dropped":{"minecraft:jungle_planks":1,"minecraft:mangrove_planks":1,"minecraft:white_terracotta":1,"minecraft:stripped_jungle_log":1,"minecraft:grass_block":1,"minecraft:orange_terracotta":1,"minecraft:andesite":1,"minecraft:acacia_planks":1,"minecraft:terracotta":1},"minecraft:killed":{"minecraft:allay":1,"minecraft:vindicator":25,"minecraft:spider":2,"minecraft:creeper":3,"minecraft:skeleton":6,"minecraft:zombie":3},"minecraft:custom":{"minecraft:interact_with_anvil":4,"minecraft:mob_kills":40,"minecraft:open_barrel":34,"minecraft:interact_with_loom":2,"minecraft:leave_game":7,"minecraft:time_since_death":65218,"minecraft:sleep_in_bed":2,"minecraft:climb_one_cm":2709,"minecraft:time_since_rest":65309,"minecraft:sprint_one_cm":86958,"minecraft:damage_taken":195,"minecraft:walk_one_cm":349719,"minecraft:drop":9,"minecraft:damage_dealt":8721,"minecraft:swim_one_cm":443,"minecraft:fly_one_cm":675960,"minecraft:open_chest":37,"minecraft:crouch_one_cm":5466,"minecraft:play_time":223416,"minecraft:deaths":5,"minecraft:sneak_time":7538,"minecraft:walk_under_water_one_cm":24035,"minecraft:jump":1161,"minecraft:walk_on_water_one_cm":17893,"minecraft:total_world_time":223416,"minecraft:fall_one_cm":418}},"DataVersion":3953}