{"stats":{"minecraft:used":{"minecraft:small_dripleaf":6,"minecraft:andesite_wall":9,"minecraft:light_blue_glazed_terracotta":5,"minecraft:moss_block":20,"minecraft:netherite_sword":110,"minecraft:water_bucket":23,"minecraft:mossy_stone_bricks":5,"minecraft:flowering_azalea":8,"minecraft:iron_bars":1,"minecraft:lava_bucket":1,"minecraft:diamond_shovel":78,"minecraft:crying_obsidian":2,"minecraft:lantern":8,"minecraft:grass_block":288,"minecraft:chorus_fruit":1,"minecraft:polished_andesite":60,"minecraft:stone_button":18,"minecraft:polished_andesite_stairs":32,"minecraft:netherite_axe":3,"minecraft:polished_andesite_slab":25,"minecraft:lilac":7,"minecraft:stone_bricks":54,"minecraft:chiseled_stone_bricks":27,"minecraft:cracked_stone_bricks":2,"minecraft:torch":3,"minecraft:mossy_cobblestone":18,"minecraft:dirt":840,"minecraft:cobblestone":38,"minecraft:loom":1,"minecraft:jungle_planks":32,"minecraft:black_banner":7,"minecraft:andesite_stairs":68,"minecraft:andesite":385,"minecraft:ice":109,"minecraft:white_bed":3,"minecraft:sea_pickle":12,"minecraft:coarse_dirt":9,"minecraft:bone_meal":19,"minecraft:blue_glazed_terracotta":1,"minecraft:oak_fence":14,"minecraft:big_dripleaf":4},"minecraft:picked_up":{"minecraft:enchanting_table":1,"minecraft:stick":15,"minecraft:golden_carrot":1,"minecraft:andesite":2,"minecraft:big_dripleaf":2,"minecraft:white_bed":2,"minecraft:grass_block":4,"minecraft:gunpowder":6,"minecraft:rotten_flesh":1,"minecraft:string":4,"minecraft:dirt":2,"minecraft:white_banner":1,"minecraft:polished_andesite":1,"minecraft:spawner":3,"minecraft:arrow":6,"minecraft:bone":11,"minecraft:apple":4,"minecraft:netherite_sword":2,"minecraft:andesite_stairs":1,"minecraft:black_banner":1,"minecraft:emerald":8,"minecraft:oak_sapling":22,"minecraft:birch_sapling":4},"minecraft:dropped":{"minecraft:andesite":1,"minecraft:grass_block":1},"minecraft:killed":{"minecraft:skeleton":6,"minecraft:zombie":3,"minecraft:spider":2,"minecraft:vindicator":21,"minecraft:creeper":3},"minecraft:custom":{"minecraft:time_since_rest":12959,"minecraft:sprint_one_cm":65540,"minecraft:damage_taken":195,"minecraft:walk_one_cm":197724,"minecraft:mob_kills":35,"minecraft:drop":2,"minecraft:damage_dealt":7481,"minecraft:interact_with_loom":2,"minecraft:swim_one_cm":443,"minecraft:fly_one_cm":381305,"minecraft:open_chest":22,"minecraft:crouch_one_cm":2269,"minecraft:play_time":154214,"minecraft:deaths":4,"minecraft:sneak_time":5145,"minecraft:walk_under_water_one_cm":23597,"minecraft:jump":641,"minecraft:leave_game":6,"minecraft:walk_on_water_one_cm":15549,"minecraft:time_since_death":12932,"minecraft:sleep_in_bed":2,"minecraft:total_world_time":154214,"minecraft:fall_one_cm":418}},"DataVersion":3953}