{"stats":{"minecraft:used":{"minecraft:big_dripleaf":4,"minecraft:andesite_wall":7,"minecraft:moss_block":20,"minecraft:netherite_sword":37,"minecraft:water_bucket":23,"minecraft:mossy_stone_bricks":5,"minecraft:lantern":8,"minecraft:grass_block":209,"minecraft:chorus_fruit":1,"minecraft:polished_andesite":55,"minecraft:polished_andesite_stairs":32,"minecraft:lilac":7,"minecraft:stone_bricks":54,"minecraft:polished_andesite_slab":25,"minecraft:cracked_stone_bricks":2,"minecraft:chiseled_stone_bricks":27,"minecraft:dirt":36,"minecraft:cobblestone":38,"minecraft:jungle_planks":32,"minecraft:andesite_stairs":68,"minecraft:andesite":362,"minecraft:sea_pickle":12,"minecraft:small_dripleaf":6},"minecraft:picked_up":{"minecraft:stick":7,"minecraft:andesite":1,"minecraft:big_dripleaf":2,"minecraft:grass_block":1,"minecraft:gunpowder":3,"minecraft:string":4,"minecraft:bone":5,"minecraft:arrow":4,"minecraft:apple":2,"minecraft:emerald":3,"minecraft:oak_sapling":7,"minecraft:birch_sapling":3},"minecraft:dropped":{"minecraft:andesite":1,"minecraft:grass_block":1},"minecraft:killed":{"minecraft:skeleton":4,"minecraft:zombie":2,"minecraft:spider":2,"minecraft:vindicator":3,"minecraft:creeper":2},"minecraft:custom":{"minecraft:time_since_rest":91573,"minecraft:sprint_one_cm":31930,"minecraft:damage_taken":195,"minecraft:walk_one_cm":115825,"minecraft:mob_kills":13,"minecraft:drop":2,"minecraft:damage_dealt":2461,"minecraft:swim_one_cm":443,"minecraft:fly_one_cm":126450,"minecraft:open_chest":11,"minecraft:crouch_one_cm":1005,"minecraft:play_time":91573,"minecraft:sneak_time":2175,"minecraft:walk_under_water_one_cm":10753,"minecraft:jump":342,"minecraft:leave_game":2,"minecraft:walk_on_water_one_cm":8447,"minecraft:time_since_death":91573,"minecraft:total_world_time":91573,"minecraft:fall_one_cm":418}},"DataVersion":3953}