{"stats":{"minecraft:used":{"minecraft:andesite_wall":1,"minecraft:moss_block":20,"minecraft:netherite_sword":31,"minecraft:water_bucket":22,"minecraft:mossy_stone_bricks":5,"minecraft:lantern":3,"minecraft:grass_block":209,"minecraft:chorus_fruit":1,"minecraft:polished_andesite":55,"minecraft:polished_andesite_stairs":32,"minecraft:stone_bricks":54,"minecraft:polished_andesite_slab":21,"minecraft:cracked_stone_bricks":2,"minecraft:chiseled_stone_bricks":27,"minecraft:dirt":36,"minecraft:cobblestone":38,"minecraft:jungle_planks":32,"minecraft:andesite_stairs":63,"minecraft:andesite":358},"minecraft:picked_up":{"minecraft:stick":7,"minecraft:andesite":1,"minecraft:grass_block":1,"minecraft:gunpowder":1,"minecraft:string":4,"minecraft:bone":3,"minecraft:arrow":2,"minecraft:apple":2,"minecraft:emerald":3,"minecraft:oak_sapling":7,"minecraft:birch_sapling":3},"minecraft:dropped":{"minecraft:andesite":1,"minecraft:grass_block":1},"minecraft:killed":{"minecraft:skeleton":3,"minecraft:zombie":2,"minecraft:spider":2,"minecraft:vindicator":3,"minecraft:creeper":1},"minecraft:custom":{"minecraft:time_since_rest":79573,"minecraft:sprint_one_cm":30922,"minecraft:damage_taken":195,"minecraft:walk_one_cm":114927,"minecraft:mob_kills":11,"minecraft:drop":2,"minecraft:damage_dealt":2061,"minecraft:swim_one_cm":443,"minecraft:fly_one_cm":105548,"minecraft:open_chest":11,"minecraft:crouch_one_cm":979,"minecraft:play_time":79573,"minecraft:sneak_time":1894,"minecraft:walk_under_water_one_cm":10753,"minecraft:jump":335,"minecraft:leave_game":2,"minecraft:walk_on_water_one_cm":8363,"minecraft:time_since_death":79573,"minecraft:total_world_time":79573,"minecraft:fall_one_cm":418}},"DataVersion":3953}