{"stats":{"minecraft:used":{"minecraft:big_dripleaf":4,"minecraft:andesite_wall":7,"minecraft:moss_block":20,"minecraft:netherite_sword":57,"minecraft:water_bucket":23,"minecraft:mossy_stone_bricks":5,"minecraft:lantern":8,"minecraft:grass_block":259,"minecraft:chorus_fruit":1,"minecraft:polished_andesite":57,"minecraft:polished_andesite_stairs":32,"minecraft:lilac":7,"minecraft:stone_bricks":54,"minecraft:polished_andesite_slab":25,"minecraft:cracked_stone_bricks":2,"minecraft:chiseled_stone_bricks":27,"minecraft:dirt":427,"minecraft:cobblestone":38,"minecraft:jungle_planks":32,"minecraft:andesite_stairs":68,"minecraft:andesite":362,"minecraft:white_bed":2,"minecraft:sea_pickle":12,"minecraft:small_dripleaf":6},"minecraft:picked_up":{"minecraft:stick":13,"minecraft:andesite":2,"minecraft:big_dripleaf":2,"minecraft:white_bed":2,"minecraft:grass_block":4,"minecraft:gunpowder":4,"minecraft:dirt":2,"minecraft:string":4,"minecraft:polished_andesite":1,"minecraft:spawner":2,"minecraft:bone":11,"minecraft:arrow":6,"minecraft:apple":4,"minecraft:netherite_sword":2,"minecraft:andesite_stairs":1,"minecraft:emerald":5,"minecraft:oak_sapling":16,"minecraft:birch_sapling":3},"minecraft:dropped":{"minecraft:andesite":1,"minecraft:grass_block":1},"minecraft:killed":{"minecraft:skeleton":6,"minecraft:zombie":2,"minecraft:spider":2,"minecraft:vindicator":8,"minecraft:creeper":2},"minecraft:custom":{"minecraft:time_since_rest":10038,"minecraft:sprint_one_cm":55822,"minecraft:damage_taken":195,"minecraft:walk_one_cm":155910,"minecraft:mob_kills":20,"minecraft:drop":2,"minecraft:damage_dealt":3731,"minecraft:swim_one_cm":443,"minecraft:fly_one_cm":224570,"minecraft:open_chest":11,"minecraft:crouch_one_cm":1355,"minecraft:play_time":115573,"minecraft:deaths":3,"minecraft:sneak_time":3333,"minecraft:walk_under_water_one_cm":10753,"minecraft:jump":468,"minecraft:leave_game":2,"minecraft:walk_on_water_one_cm":8773,"minecraft:time_since_death":10002,"minecraft:sleep_in_bed":1,"minecraft:total_world_time":115573,"minecraft:fall_one_cm":418}},"DataVersion":3953}