{"stats":{"minecraft:used":{"minecraft:jungle_planks":32,"minecraft:mossy_stone_bricks":5,"minecraft:chiseled_stone_bricks":26,"minecraft:cobblestone":7,"minecraft:stone_bricks":29,"minecraft:grass_block":5},"minecraft:picked_up":{"minecraft:oak_sapling":1},"minecraft:custom":{"minecraft:jump":54,"minecraft:time_since_rest":21367,"minecraft:crouch_one_cm":21,"minecraft:sprint_one_cm":3301,"minecraft:play_time":21367,"minecraft:damage_taken":195,"minecraft:time_since_death":21367,"minecraft:walk_one_cm":22392,"minecraft:sneak_time":161,"minecraft:total_world_time":21367,"minecraft:fall_one_cm":418,"minecraft:fly_one_cm":28739}},"DataVersion":3953}