{"stats":{"minecraft:used":{"minecraft:stone_bricks":54,"minecraft:netherite_sword":13,"minecraft:cracked_stone_bricks":2,"minecraft:chiseled_stone_bricks":27,"minecraft:mossy_stone_bricks":5,"minecraft:dirt":36,"minecraft:cobblestone":38,"minecraft:chorus_fruit":1,"minecraft:grass_block":209,"minecraft:jungle_planks":32,"minecraft:polished_andesite":12,"minecraft:polished_andesite_stairs":6,"minecraft:andesite_stairs":13,"minecraft:andesite":264,"minecraft:polished_andesite_slab":6},"minecraft:picked_up":{"minecraft:stick":7,"minecraft:arrow":1,"minecraft:apple":2,"minecraft:andesite":1,"minecraft:emerald":3,"minecraft:grass_block":1,"minecraft:oak_sapling":7,"minecraft:birch_sapling":3,"minecraft:bone":2},"minecraft:dropped":{"minecraft:andesite":1,"minecraft:grass_block":1},"minecraft:killed":{"minecraft:vindicator":3,"minecraft:skeleton":1},"minecraft:custom":{"minecraft:open_chest":10,"minecraft:time_since_rest":57367,"minecraft:crouch_one_cm":499,"minecraft:play_time":57367,"minecraft:sprint_one_cm":27565,"minecraft:damage_taken":195,"minecraft:walk_one_cm":101504,"minecraft:sneak_time":1044,"minecraft:walk_under_water_one_cm":10529,"minecraft:mob_kills":4,"minecraft:drop":2,"minecraft:jump":230,"minecraft:damage_dealt":920,"minecraft:time_since_death":57367,"minecraft:walk_on_water_one_cm":3597,"minecraft:total_world_time":57367,"minecraft:swim_one_cm":443,"minecraft:fall_one_cm":418,"minecraft:fly_one_cm":76287}},"DataVersion":3953}