{"stats":{"minecraft:used":{"minecraft:moss_block":20,"minecraft:oak_fence":14,"minecraft:mossy_stone_bricks":5,"minecraft:water_bucket":23,"minecraft:netherite_sword":114,"minecraft:iron_bars":1,"minecraft:light_blue_glazed_terracotta":5,"minecraft:chorus_fruit":1,"minecraft:polished_andesite":60,"minecraft:mangrove_planks":5,"minecraft:prismarine_stairs":8,"minecraft:cracked_stone_bricks":2,"minecraft:torch":10,"minecraft:mossy_cobblestone":18,"minecraft:dirt":840,"minecraft:terracotta":33,"minecraft:vine":13,"minecraft:loom":1,"minecraft:orange_glazed_terracotta":3,"minecraft:smooth_red_sandstone":58,"minecraft:jungle_planks":32,"minecraft:black_banner":7,"minecraft:campfire":3,"minecraft:white_bed":3,"minecraft:allay_spawn_egg":1,"minecraft:big_dripleaf":4,"minecraft:small_dripleaf":6,"minecraft:andesite_wall":9,"minecraft:blue_glazed_terracotta":1,"minecraft:flowering_azalea":8,"minecraft:lava_bucket":1,"minecraft:diamond_shovel":78,"minecraft:crying_obsidian":2,"minecraft:lantern":8,"minecraft:grass_block":290,"minecraft:stone_button":18,"minecraft:polished_andesite_stairs":33,"minecraft:netherite_axe":14,"minecraft:mud_bricks":52,"minecraft:stone_bricks":54,"minecraft:lilac":7,"minecraft:polished_andesite_slab":25,"minecraft:stripped_mangrove_log":36,"minecraft:chiseled_stone_bricks":27,"minecraft:cobblestone":38,"minecraft:hay_block":192,"minecraft:andesite_stairs":68,"minecraft:andesite":385,"minecraft:pearlescent_froglight":9,"minecraft:ice":109,"minecraft:sea_pickle":12,"minecraft:coarse_dirt":9,"minecraft:orange_terracotta":104,"minecraft:bone_meal":19},"minecraft:picked_up":{"minecraft:enchanting_table":1,"minecraft:golden_carrot":1,"minecraft:andesite":2,"minecraft:gunpowder":6,"minecraft:string":4,"minecraft:dirt":2,"minecraft:white_banner":2,"minecraft:orange_terracotta":1,"minecraft:spawner":3,"minecraft:bone":11,"minecraft:acacia_planks":1,"minecraft:apple":4,"minecraft:wheat_seeds":2,"minecraft:netherite_sword":2,"minecraft:andesite_stairs":1,"minecraft:mangrove_planks":1,"minecraft:birch_sapling":4,"minecraft:stick":15,"minecraft:big_dripleaf":2,"minecraft:torch":2,"minecraft:jungle_planks":1,"minecraft:white_bed":2,"minecraft:grass_block":4,"minecraft:stripped_jungle_log":1,"minecraft:polished_andesite":1,"minecraft:arrow":8,"minecraft:rotten_flesh":1,"minecraft:black_banner":1,"minecraft:emerald":10,"minecraft:white_terracotta":1,"minecraft:terracotta":1,"minecraft:oak_sapling":22},"minecraft:dropped":{"minecraft:jungle_planks":1,"minecraft:mangrove_planks":1,"minecraft:white_terracotta":1,"minecraft:stripped_jungle_log":1,"minecraft:grass_block":1,"minecraft:orange_terracotta":1,"minecraft:andesite":1,"minecraft:acacia_planks":1,"minecraft:terracotta":1},"minecraft:killed":{"minecraft:allay":1,"minecraft:vindicator":25,"minecraft:spider":2,"minecraft:creeper":3,"minecraft:skeleton":6,"minecraft:zombie":3},"minecraft:custom":{"minecraft:mob_kills":40,"minecraft:interact_with_loom":2,"minecraft:leave_game":6,"minecraft:time_since_death":24127,"minecraft:sleep_in_bed":2,"minecraft:time_since_rest":24218,"minecraft:sprint_one_cm":81951,"minecraft:damage_taken":195,"minecraft:walk_one_cm":267309,"minecraft:drop":9,"minecraft:damage_dealt":8721,"minecraft:swim_one_cm":443,"minecraft:fly_one_cm":543845,"minecraft:open_chest":22,"minecraft:crouch_one_cm":3546,"minecraft:play_time":182325,"minecraft:deaths":5,"minecraft:sneak_time":6038,"minecraft:walk_under_water_one_cm":24035,"minecraft:jump":879,"minecraft:walk_on_water_one_cm":17893,"minecraft:total_world_time":182325,"minecraft:fall_one_cm":418}},"DataVersion":3953}