{"stats":{"minecraft:used":{"minecraft:oak_fence":16,"minecraft:mossy_stone_bricks":4,"minecraft:water_bucket":5,"minecraft:sea_lantern":4,"minecraft:end_rod":2,"minecraft:crying_obsidian":8,"minecraft:grass_block":89,"minecraft:spawner":6,"minecraft:white_concrete_powder":3,"minecraft:chest":1,"minecraft:waxed_exposed_copper_trapdoor":2,"minecraft:stone":8,"minecraft:vindicator_spawn_egg":6,"minecraft:cracked_stone_bricks":151,"minecraft:oak_leaves":49,"minecraft:glowstone":3,"minecraft:dirt":4,"minecraft:mangrove_trapdoor":9,"minecraft:jungle_planks":5,"minecraft:andesite":5,"minecraft:chain":5,"minecraft:white_concrete":35,"minecraft:obsidian":6},"minecraft:picked_up":{"minecraft:stick":2,"minecraft:spruce_log":1,"minecraft:dirt":4,"minecraft:end_rod":1,"minecraft:birch_sapling":1},"minecraft:custom":{"minecraft:time_since_rest":44627,"minecraft:interact_with_furnace":1,"minecraft:sprint_one_cm":36201,"minecraft:damage_taken":765,"minecraft:walk_one_cm":83392,"minecraft:damage_dealt":90,"minecraft:swim_one_cm":14409,"minecraft:fly_one_cm":82763,"minecraft:open_chest":12,"minecraft:crouch_one_cm":1333,"minecraft:play_time":56610,"minecraft:deaths":3,"minecraft:sneak_time":765,"minecraft:walk_under_water_one_cm":18747,"minecraft:jump":455,"minecraft:time_since_death":43801,"minecraft:walk_on_water_one_cm":10824,"minecraft:climb_one_cm":2439,"minecraft:total_world_time":56610,"minecraft:fall_one_cm":7543},"minecraft:mined":{"minecraft:spruce_log":1,"minecraft:short_grass":1,"minecraft:grass_block":1,"minecraft:dirt":3},"minecraft:killed_by":{"minecraft:pillager":1,"minecraft:enderman":1},"minecraft:crafted":{"minecraft:spruce_planks":4}},"DataVersion":3953}