{"stats":{"minecraft:used":{"minecraft:moss_block":1,"minecraft:oak_fence":16,"minecraft:netherite_sword":8,"minecraft:enchanting_table":5,"minecraft:bamboo_sign":3,"minecraft:mangrove_button":9,"minecraft:white_concrete_powder":3,"minecraft:chest":72,"minecraft:ender_chest":5,"minecraft:stone":8,"minecraft:iron_sword":4,"minecraft:quartz_stairs":30,"minecraft:dirt":4,"minecraft:anvil":3,"minecraft:jungle_planks":5,"minecraft:deepslate_tile_slab":84,"minecraft:allay_spawn_egg":9,"minecraft:obsidian":40,"minecraft:small_dripleaf":1,"minecraft:wooden_axe":1,"minecraft:sea_lantern":18,"minecraft:lava_bucket":32,"minecraft:bookshelf":87,"minecraft:lantern":14,"minecraft:grass_block":127,"minecraft:spawner":82,"minecraft:waxed_exposed_copper_trapdoor":2,"minecraft:cherry_button":48,"minecraft:dark_oak_button":2,"minecraft:barrel":49,"minecraft:birch_button":1,"minecraft:bedrock":366,"minecraft:reinforced_deepslate":1,"minecraft:glowstone":3,"minecraft:deepslate_tile_stairs":29,"minecraft:trapped_chest":3,"minecraft:orange_terracotta":188,"minecraft:mossy_stone_bricks":4,"minecraft:water_bucket":6,"minecraft:end_rod":21,"minecraft:light_blue_glazed_terracotta":44,"minecraft:dirt_path":32,"minecraft:polished_andesite":7,"minecraft:vindicator_spawn_egg":69,"minecraft:cracked_stone_bricks":180,"minecraft:oak_leaves":86,"minecraft:sand":37,"minecraft:mangrove_trapdoor":9,"minecraft:acacia_leaves":171,"minecraft:bamboo_button":2,"minecraft:crying_obsidian":32,"minecraft:command_block":75,"minecraft:dark_oak_fence":1,"minecraft:bucket":26,"minecraft:andesite_stairs":18,"minecraft:andesite":24,"minecraft:chain":14,"minecraft:ice":66,"minecraft:white_concrete":63},"minecraft:picked_up":{"minecraft:iron_chestplate":3,"minecraft:wheat":1,"minecraft:ominous_bottle":1,"minecraft:nether_wart":6,"minecraft:diamond_sword":13,"minecraft:enchanted_book":3,"minecraft:birch_button":1,"minecraft:shield":4,"minecraft:golden_sword":2,"minecraft:string":20,"minecraft:iron_axe":1,"minecraft:iron_leggings":2,"minecraft:iron_shovel":1,"minecraft:diamond_leggings":8,"minecraft:bucket":1,"minecraft:spruce_planks":2,"minecraft:andesite_stairs":1,"minecraft:iron_pickaxe":1,"minecraft:chest":6,"minecraft:birch_sapling":1,"minecraft:cherry_button":38,"minecraft:iron_boots":2,"minecraft:egg":1,"minecraft:stick":13,"minecraft:torch":2,"minecraft:porkchop":1,"minecraft:golden_chestplate":1,"minecraft:bamboo_button":2,"minecraft:stone_shovel":1,"minecraft:rotten_flesh":15,"minecraft:command_block":3,"minecraft:arrow":3,"minecraft:diamond_chestplate":13,"minecraft:allay_spawn_egg":6,"minecraft:beetroot_seeds":7,"minecraft:diamond_boots":7,"minecraft:bookshelf":1,"minecraft:end_rod":4,"minecraft:obsidian":3,"minecraft:feather":3,"minecraft:dark_oak_button":2,"minecraft:cooked_beef":79,"minecraft:golden_carrot":204,"minecraft:water_bucket":4,"minecraft:andesite":1,"minecraft:bedrock":76,"minecraft:oak_log":6,"minecraft:nether_wart_block":4,"minecraft:gunpowder":1,"minecraft:dirt":70,"minecraft:lantern":1,"minecraft:white_banner":1,"minecraft:orange_terracotta":2,"minecraft:spawner":2,"minecraft:bone":1,"minecraft:bow":7,"minecraft:wheat_seeds":15,"minecraft:iron_ingot":7,"minecraft:stone_pickaxe":1,"minecraft:cobweb":64,"minecraft:diamond_helmet":13,"minecraft:frogspawn":6,"minecraft:iron_sword":1,"minecraft:vindicator_spawn_egg":1,"minecraft:pink_stained_glass_pane":20,"minecraft:gravel":1,"minecraft:lava_bucket":5,"minecraft:sand":1,"minecraft:spruce_log":1,"minecraft:grass_block":2,"minecraft:spectral_arrow":180,"minecraft:pumpkin_seeds":1,"minecraft:slime_ball":11,"minecraft:diamond":2,"minecraft:iron_helmet":2,"minecraft:crossbow":10,"minecraft:golden_apple":176,"minecraft:emerald":1,"minecraft:baked_potato":132,"minecraft:chorus_fruit":1,"minecraft:melon_seeds":7,"minecraft:diamond_pickaxe":1,"minecraft:mangrove_button":7,"minecraft:wooden_axe":1},"minecraft:dropped":{"minecraft:spawner":2,"minecraft:water_bucket":1,"minecraft:enchanted_book":1,"minecraft:vindicator_spawn_egg":1,"minecraft:moss_block":1,"minecraft:bookshelf":1,"minecraft:golden_axe":1,"minecraft:command_block":3,"minecraft:bedrock":83,"minecraft:grass_block":1,"minecraft:lava_bucket":1,"minecraft:dirt":2,"minecraft:dark_oak_fence":1,"minecraft:sand":1,"minecraft:allay_spawn_egg":6,"minecraft:rotten_flesh":2,"minecraft:diamond_sword":1,"minecraft:shield":2,"minecraft:andesite":1,"minecraft:chest":6,"minecraft:enchanting_table":1},"minecraft:killed":{"minecraft:vindicator":3,"minecraft:skeleton":2,"minecraft:pig":1,"minecraft:creeper":1,"minecraft:zombie":1},"minecraft:custom":{"minecraft:mob_kills":8,"minecraft:interact_with_anvil":76,"minecraft:open_barrel":23,"minecraft:leave_game":11,"minecraft:time_since_death":164289,"minecraft:climb_one_cm":3127,"minecraft:sprint_one_cm":190162,"minecraft:walk_one_cm":405789,"minecraft:drop":55,"minecraft:play_time":360552,"minecraft:deaths":8,"minecraft:sneak_time":4511,"minecraft:walk_under_water_one_cm":66445,"minecraft:jump":2079,"minecraft:walk_on_water_one_cm":27169,"minecraft:enchant_item":12,"minecraft:total_world_time":360552,"minecraft:interact_with_furnace":1,"minecraft:time_since_rest":164373,"minecraft:damage_taken":1229,"minecraft:trigger_trapped_chest":6,"minecraft:damage_dealt":1902,"minecraft:swim_one_cm":20397,"minecraft:fly_one_cm":1586954,"minecraft:open_chest":102,"minecraft:crouch_one_cm":9789,"minecraft:fall_one_cm":10338},"minecraft:mined":{"minecraft:grass_block":1,"minecraft:short_grass":1,"minecraft:spruce_log":1,"minecraft:dirt":3},"minecraft:crafted":{"minecraft:spruce_planks":4},"minecraft:killed_by":{"minecraft:pillager":1,"minecraft:enderman":1,"minecraft:zombie":1}},"DataVersion":3953}