{"stats":{"minecraft:used":{"minecraft:end_rod":17,"minecraft:dirt_path":32,"minecraft:oak_fence":16,"minecraft:moss_block":1,"minecraft:water_bucket":6,"minecraft:mossy_stone_bricks":4,"minecraft:light_blue_glazed_terracotta":44,"minecraft:enchanting_table":5,"minecraft:polished_andesite":7,"minecraft:bamboo_sign":2,"minecraft:mangrove_button":2,"minecraft:chest":38,"minecraft:white_concrete_powder":3,"minecraft:ender_chest":5,"minecraft:iron_sword":4,"minecraft:stone":8,"minecraft:quartz_stairs":30,"minecraft:vindicator_spawn_egg":54,"minecraft:oak_leaves":86,"minecraft:cracked_stone_bricks":180,"minecraft:dirt":4,"minecraft:sand":37,"minecraft:anvil":3,"minecraft:mangrove_trapdoor":9,"minecraft:jungle_planks":5,"minecraft:deepslate_tile_slab":84,"minecraft:acacia_leaves":171,"minecraft:allay_spawn_egg":9,"minecraft:bamboo_button":2,"minecraft:obsidian":40,"minecraft:small_dripleaf":1,"minecraft:sea_lantern":18,"minecraft:lava_bucket":25,"minecraft:bookshelf":87,"minecraft:crying_obsidian":32,"minecraft:command_block":12,"minecraft:lantern":14,"minecraft:grass_block":127,"minecraft:spawner":70,"minecraft:waxed_exposed_copper_trapdoor":2,"minecraft:dark_oak_button":2,"minecraft:bedrock":252,"minecraft:glowstone":3,"minecraft:reinforced_deepslate":1,"minecraft:dark_oak_fence":1,"minecraft:deepslate_tile_stairs":29,"minecraft:trapped_chest":3,"minecraft:andesite":24,"minecraft:andesite_stairs":18,"minecraft:bucket":19,"minecraft:chain":14,"minecraft:ice":66,"minecraft:white_concrete":63,"minecraft:orange_terracotta":183,"minecraft:netherite_sword":8},"minecraft:picked_up":{"minecraft:iron_chestplate":3,"minecraft:cooked_beef":64,"minecraft:dark_oak_button":2,"minecraft:golden_carrot":67,"minecraft:nether_wart":6,"minecraft:water_bucket":2,"minecraft:andesite":1,"minecraft:diamond_sword":7,"minecraft:enchanted_book":1,"minecraft:golden_sword":2,"minecraft:nether_wart_block":4,"minecraft:gunpowder":1,"minecraft:dirt":6,"minecraft:lantern":1,"minecraft:iron_axe":1,"minecraft:spawner":1,"minecraft:orange_terracotta":2,"minecraft:iron_leggings":2,"minecraft:iron_shovel":1,"minecraft:bone":1,"minecraft:bow":1,"minecraft:wheat_seeds":15,"minecraft:diamond_leggings":3,"minecraft:andesite_stairs":1,"minecraft:cobweb":32,"minecraft:frogspawn":6,"minecraft:diamond_helmet":6,"minecraft:chest":1,"minecraft:birch_sapling":1,"minecraft:iron_sword":1,"minecraft:iron_boots":1,"minecraft:vindicator_spawn_egg":1,"minecraft:stick":4,"minecraft:pink_stained_glass_pane":20,"minecraft:lava_bucket":2,"minecraft:sand":1,"minecraft:grass_block":2,"minecraft:spruce_log":1,"minecraft:spectral_arrow":64,"minecraft:bamboo_button":2,"minecraft:pumpkin_seeds":1,"minecraft:arrow":2,"minecraft:diamond_chestplate":6,"minecraft:command_block":2,"minecraft:rotten_flesh":4,"minecraft:allay_spawn_egg":6,"minecraft:diamond":2,"minecraft:beetroot_seeds":7,"minecraft:diamond_boots":2,"minecraft:iron_helmet":2,"minecraft:crossbow":6,"minecraft:golden_apple":96,"minecraft:end_rod":1,"minecraft:bookshelf":1,"minecraft:emerald":1,"minecraft:baked_potato":132,"minecraft:melon_seeds":7,"minecraft:chorus_fruit":1,"minecraft:mangrove_button":1,"minecraft:diamond_pickaxe":1},"minecraft:dropped":{"minecraft:spawner":1,"minecraft:enchanted_book":1,"minecraft:vindicator_spawn_egg":1,"minecraft:moss_block":1,"minecraft:allay_spawn_egg":6,"minecraft:bookshelf":1,"minecraft:rotten_flesh":2,"minecraft:command_block":2,"minecraft:grass_block":1,"minecraft:dirt":2,"minecraft:dark_oak_fence":1,"minecraft:andesite":1,"minecraft:chest":2,"minecraft:sand":1,"minecraft:enchanting_table":1},"minecraft:killed":{"minecraft:vindicator":3,"minecraft:creeper":1,"minecraft:skeleton":2,"minecraft:zombie":1},"minecraft:custom":{"minecraft:interact_with_furnace":1,"minecraft:interact_with_anvil":76,"minecraft:mob_kills":7,"minecraft:leave_game":10,"minecraft:time_since_death":43450,"minecraft:climb_one_cm":2451,"minecraft:time_since_rest":43534,"minecraft:sprint_one_cm":133140,"minecraft:damage_taken":1229,"minecraft:walk_one_cm":283675,"minecraft:trigger_trapped_chest":6,"minecraft:drop":23,"minecraft:damage_dealt":1789,"minecraft:swim_one_cm":20397,"minecraft:fly_one_cm":623922,"minecraft:open_chest":79,"minecraft:crouch_one_cm":8683,"minecraft:play_time":239713,"minecraft:sneak_time":3017,"minecraft:deaths":8,"minecraft:walk_under_water_one_cm":62097,"minecraft:jump":1563,"minecraft:walk_on_water_one_cm":21839,"minecraft:enchant_item":12,"minecraft:total_world_time":239713,"minecraft:fall_one_cm":10338},"minecraft:mined":{"minecraft:short_grass":1,"minecraft:grass_block":1,"minecraft:spruce_log":1,"minecraft:dirt":3},"minecraft:killed_by":{"minecraft:zombie":1,"minecraft:pillager":1,"minecraft:enderman":1},"minecraft:crafted":{"minecraft:spruce_planks":4}},"DataVersion":3953}