{"stats":{"minecraft:used":{"minecraft:oak_fence":16,"minecraft:moss_block":1,"minecraft:mossy_stone_bricks":4,"minecraft:water_bucket":6,"minecraft:netherite_sword":8,"minecraft:end_rod":2,"minecraft:dirt_path":32,"minecraft:enchanting_table":4,"minecraft:polished_andesite":7,"minecraft:white_concrete_powder":3,"minecraft:chest":8,"minecraft:stone":8,"minecraft:ender_chest":5,"minecraft:quartz_stairs":30,"minecraft:vindicator_spawn_egg":52,"minecraft:oak_leaves":86,"minecraft:cracked_stone_bricks":180,"minecraft:dirt":4,"minecraft:sand":37,"minecraft:anvil":1,"minecraft:mangrove_trapdoor":9,"minecraft:jungle_planks":5,"minecraft:deepslate_tile_slab":84,"minecraft:obsidian":21,"minecraft:small_dripleaf":1,"minecraft:sea_lantern":13,"minecraft:bookshelf":68,"minecraft:crying_obsidian":32,"minecraft:command_block":2,"minecraft:lantern":14,"minecraft:grass_block":114,"minecraft:spawner":68,"minecraft:waxed_exposed_copper_trapdoor":2,"minecraft:dark_oak_button":1,"minecraft:glowstone":3,"minecraft:deepslate_tile_stairs":29,"minecraft:andesite_stairs":18,"minecraft:andesite":24,"minecraft:chain":14,"minecraft:trapped_chest":3,"minecraft:ice":1,"minecraft:white_concrete":63},"minecraft:picked_up":{"minecraft:iron_chestplate":2,"minecraft:dark_oak_button":1,"minecraft:nether_wart":2,"minecraft:andesite":1,"minecraft:golden_sword":1,"minecraft:dirt":6,"minecraft:lantern":1,"minecraft:iron_axe":1,"minecraft:spawner":1,"minecraft:iron_leggings":1,"minecraft:bow":1,"minecraft:andesite_stairs":1,"minecraft:frogspawn":6,"minecraft:birch_sapling":1,"minecraft:iron_sword":1,"minecraft:iron_boots":1,"minecraft:stick":4,"minecraft:sand":1,"minecraft:spruce_log":1,"minecraft:arrow":2,"minecraft:rotten_flesh":4,"minecraft:diamond":2,"minecraft:beetroot_seeds":3,"minecraft:iron_helmet":2,"minecraft:end_rod":1,"minecraft:emerald":1,"minecraft:baked_potato":132,"minecraft:melon_seeds":5,"minecraft:chorus_fruit":1,"minecraft:diamond_pickaxe":1},"minecraft:dropped":{"minecraft:moss_block":1,"minecraft:rotten_flesh":2,"minecraft:dirt":2,"minecraft:andesite":1,"minecraft:chest":1,"minecraft:sand":1},"minecraft:killed":{"minecraft:vindicator":3,"minecraft:skeleton":1,"minecraft:zombie":1},"minecraft:custom":{"minecraft:interact_with_furnace":1,"minecraft:mob_kills":5,"minecraft:interact_with_anvil":1,"minecraft:leave_game":4,"minecraft:time_since_death":30625,"minecraft:climb_one_cm":2439,"minecraft:time_since_rest":30656,"minecraft:sprint_one_cm":89281,"minecraft:damage_taken":1229,"minecraft:walk_one_cm":186127,"minecraft:trigger_trapped_chest":5,"minecraft:drop":7,"minecraft:damage_dealt":1289,"minecraft:swim_one_cm":19491,"minecraft:fly_one_cm":322359,"minecraft:open_chest":31,"minecraft:crouch_one_cm":6353,"minecraft:play_time":160854,"minecraft:deaths":6,"minecraft:sneak_time":2051,"minecraft:walk_under_water_one_cm":48353,"minecraft:jump":1098,"minecraft:walk_on_water_one_cm":17044,"minecraft:enchant_item":9,"minecraft:total_world_time":160854,"minecraft:fall_one_cm":10338},"minecraft:mined":{"minecraft:short_grass":1,"minecraft:grass_block":1,"minecraft:spruce_log":1,"minecraft:dirt":3},"minecraft:killed_by":{"minecraft:zombie":1,"minecraft:pillager":1,"minecraft:enderman":1},"minecraft:crafted":{"minecraft:spruce_planks":4}},"DataVersion":3953}