{"stats":{"minecraft:used":{"minecraft:end_rod":21,"minecraft:dirt_path":32,"minecraft:oak_fence":16,"minecraft:moss_block":1,"minecraft:water_bucket":6,"minecraft:mossy_stone_bricks":4,"minecraft:light_blue_glazed_terracotta":44,"minecraft:enchanting_table":5,"minecraft:polished_andesite":7,"minecraft:bamboo_sign":3,"minecraft:mangrove_button":9,"minecraft:chest":66,"minecraft:white_concrete_powder":3,"minecraft:ender_chest":5,"minecraft:iron_sword":4,"minecraft:stone":8,"minecraft:quartz_stairs":30,"minecraft:vindicator_spawn_egg":69,"minecraft:oak_leaves":86,"minecraft:cracked_stone_bricks":180,"minecraft:dirt":4,"minecraft:sand":37,"minecraft:anvil":3,"minecraft:mangrove_trapdoor":9,"minecraft:jungle_planks":5,"minecraft:deepslate_tile_slab":84,"minecraft:acacia_leaves":171,"minecraft:allay_spawn_egg":9,"minecraft:bamboo_button":2,"minecraft:obsidian":40,"minecraft:small_dripleaf":1,"minecraft:sea_lantern":18,"minecraft:lava_bucket":32,"minecraft:bookshelf":87,"minecraft:crying_obsidian":32,"minecraft:command_block":29,"minecraft:lantern":14,"minecraft:grass_block":127,"minecraft:spawner":82,"minecraft:waxed_exposed_copper_trapdoor":2,"minecraft:cherry_button":3,"minecraft:dark_oak_button":2,"minecraft:barrel":49,"minecraft:bedrock":355,"minecraft:glowstone":3,"minecraft:reinforced_deepslate":1,"minecraft:dark_oak_fence":1,"minecraft:deepslate_tile_stairs":29,"minecraft:trapped_chest":3,"minecraft:andesite":24,"minecraft:andesite_stairs":18,"minecraft:bucket":26,"minecraft:chain":14,"minecraft:ice":66,"minecraft:white_concrete":63,"minecraft:orange_terracotta":188,"minecraft:netherite_sword":8},"minecraft:picked_up":{"minecraft:iron_chestplate":3,"minecraft:cooked_beef":64,"minecraft:dark_oak_button":2,"minecraft:golden_carrot":99,"minecraft:nether_wart":6,"minecraft:water_bucket":3,"minecraft:andesite":1,"minecraft:diamond_sword":11,"minecraft:enchanted_book":3,"minecraft:bedrock":64,"minecraft:golden_sword":2,"minecraft:nether_wart_block":4,"minecraft:gunpowder":1,"minecraft:string":3,"minecraft:dirt":6,"minecraft:lantern":1,"minecraft:iron_axe":1,"minecraft:spawner":2,"minecraft:orange_terracotta":2,"minecraft:iron_leggings":2,"minecraft:iron_shovel":1,"minecraft:bone":1,"minecraft:bow":2,"minecraft:wheat_seeds":15,"minecraft:diamond_leggings":4,"minecraft:bucket":1,"minecraft:andesite_stairs":1,"minecraft:cobweb":48,"minecraft:frogspawn":6,"minecraft:diamond_helmet":10,"minecraft:cherry_button":3,"minecraft:chest":5,"minecraft:birch_sapling":1,"minecraft:iron_sword":1,"minecraft:iron_boots":1,"minecraft:vindicator_spawn_egg":1,"minecraft:stick":4,"minecraft:pink_stained_glass_pane":20,"minecraft:lava_bucket":4,"minecraft:sand":1,"minecraft:grass_block":2,"minecraft:spruce_log":1,"minecraft:spectral_arrow":96,"minecraft:bamboo_button":2,"minecraft:pumpkin_seeds":1,"minecraft:arrow":2,"minecraft:diamond_chestplate":10,"minecraft:command_block":3,"minecraft:rotten_flesh":4,"minecraft:allay_spawn_egg":6,"minecraft:diamond":2,"minecraft:beetroot_seeds":7,"minecraft:diamond_boots":4,"minecraft:iron_helmet":2,"minecraft:crossbow":9,"minecraft:golden_apple":160,"minecraft:end_rod":4,"minecraft:bookshelf":1,"minecraft:emerald":1,"minecraft:baked_potato":132,"minecraft:melon_seeds":7,"minecraft:chorus_fruit":1,"minecraft:wheat":1,"minecraft:mangrove_button":7,"minecraft:diamond_pickaxe":1},"minecraft:dropped":{"minecraft:spawner":2,"minecraft:enchanted_book":1,"minecraft:vindicator_spawn_egg":1,"minecraft:moss_block":1,"minecraft:allay_spawn_egg":6,"minecraft:bookshelf":1,"minecraft:golden_axe":1,"minecraft:rotten_flesh":2,"minecraft:command_block":3,"minecraft:bedrock":64,"minecraft:grass_block":1,"minecraft:lava_bucket":1,"minecraft:dirt":2,"minecraft:shield":2,"minecraft:dark_oak_fence":1,"minecraft:andesite":1,"minecraft:chest":6,"minecraft:sand":1,"minecraft:enchanting_table":1,"minecraft:water_bucket":1},"minecraft:killed":{"minecraft:vindicator":3,"minecraft:creeper":1,"minecraft:skeleton":2,"minecraft:zombie":1},"minecraft:custom":{"minecraft:interact_with_furnace":1,"minecraft:interact_with_anvil":76,"minecraft:mob_kills":7,"minecraft:open_barrel":23,"minecraft:leave_game":10,"minecraft:time_since_death":103450,"minecraft:climb_one_cm":3055,"minecraft:time_since_rest":103534,"minecraft:sprint_one_cm":168797,"minecraft:damage_taken":1229,"minecraft:walk_one_cm":372741,"minecraft:trigger_trapped_chest":6,"minecraft:drop":35,"minecraft:damage_dealt":1801,"minecraft:swim_one_cm":20397,"minecraft:fly_one_cm":1043596,"minecraft:open_chest":99,"minecraft:crouch_one_cm":9674,"minecraft:play_time":299713,"minecraft:sneak_time":3764,"minecraft:deaths":8,"minecraft:walk_under_water_one_cm":65659,"minecraft:jump":1914,"minecraft:walk_on_water_one_cm":25982,"minecraft:enchant_item":12,"minecraft:total_world_time":299713,"minecraft:fall_one_cm":10338},"minecraft:mined":{"minecraft:short_grass":1,"minecraft:grass_block":1,"minecraft:spruce_log":1,"minecraft:dirt":3},"minecraft:killed_by":{"minecraft:zombie":1,"minecraft:pillager":1,"minecraft:enderman":1},"minecraft:crafted":{"minecraft:spruce_planks":4}},"DataVersion":3953}