{"stats":{"minecraft:used":{"minecraft:cracked_stone_bricks":23,"minecraft:water_bucket":2,"minecraft:dirt":4,"minecraft:crying_obsidian":8,"minecraft:grass_block":89,"minecraft:jungle_planks":5,"minecraft:spawner":6,"minecraft:chest":1,"minecraft:stone":8,"minecraft:white_concrete_powder":3,"minecraft:white_concrete":35,"minecraft:vindicator_spawn_egg":6,"minecraft:obsidian":5,"minecraft:mossy_stone_bricks":4},"minecraft:picked_up":{"minecraft:stick":2,"minecraft:spruce_log":1,"minecraft:birch_sapling":1,"minecraft:dirt":4},"minecraft:custom":{"minecraft:time_since_rest":32627,"minecraft:open_chest":12,"minecraft:play_time":44610,"minecraft:crouch_one_cm":644,"minecraft:interact_with_furnace":1,"minecraft:sprint_one_cm":31801,"minecraft:deaths":3,"minecraft:damage_taken":765,"minecraft:walk_one_cm":63430,"minecraft:sneak_time":479,"minecraft:walk_under_water_one_cm":15918,"minecraft:jump":322,"minecraft:damage_dealt":90,"minecraft:walk_on_water_one_cm":9179,"minecraft:time_since_death":31801,"minecraft:total_world_time":44610,"minecraft:climb_one_cm":2439,"minecraft:swim_one_cm":14409,"minecraft:fall_one_cm":7543,"minecraft:fly_one_cm":63132},"minecraft:mined":{"minecraft:short_grass":1,"minecraft:grass_block":1,"minecraft:dirt":3,"minecraft:spruce_log":1},"minecraft:crafted":{"minecraft:spruce_planks":4},"minecraft:killed_by":{"minecraft:pillager":1,"minecraft:enderman":1}},"DataVersion":3953}