{"stats":{"minecraft:used":{"minecraft:moss_block":1,"minecraft:oak_fence":16,"minecraft:mossy_stone_bricks":4,"minecraft:water_bucket":5,"minecraft:sea_lantern":13,"minecraft:end_rod":2,"minecraft:crying_obsidian":8,"minecraft:command_block":2,"minecraft:lantern":14,"minecraft:grass_block":89,"minecraft:spawner":6,"minecraft:white_concrete_powder":3,"minecraft:chest":3,"minecraft:ender_chest":5,"minecraft:waxed_exposed_copper_trapdoor":2,"minecraft:stone":8,"minecraft:quartz_stairs":30,"minecraft:dark_oak_button":1,"minecraft:vindicator_spawn_egg":6,"minecraft:cracked_stone_bricks":180,"minecraft:oak_leaves":86,"minecraft:glowstone":3,"minecraft:sand":1,"minecraft:dirt":4,"minecraft:mangrove_trapdoor":9,"minecraft:deepslate_tile_stairs":29,"minecraft:jungle_planks":5,"minecraft:andesite_stairs":8,"minecraft:trapped_chest":1,"minecraft:andesite":16,"minecraft:chain":14,"minecraft:deepslate_tile_slab":84,"minecraft:ice":1,"minecraft:white_concrete":63,"minecraft:obsidian":6},"minecraft:picked_up":{"minecraft:nether_wart":2,"minecraft:stick":2,"minecraft:dark_oak_button":1,"minecraft:sand":1,"minecraft:golden_sword":1,"minecraft:spruce_log":1,"minecraft:dirt":4,"minecraft:lantern":1,"minecraft:diamond":2,"minecraft:beetroot_seeds":3,"minecraft:end_rod":1,"minecraft:baked_potato":132,"minecraft:frogspawn":6,"minecraft:chorus_fruit":1,"minecraft:melon_seeds":5,"minecraft:birch_sapling":1},"minecraft:dropped":{"minecraft:moss_block":1,"minecraft:sand":1},"minecraft:custom":{"minecraft:time_since_rest":68627,"minecraft:interact_with_furnace":1,"minecraft:sprint_one_cm":45817,"minecraft:damage_taken":765,"minecraft:walk_one_cm":120870,"minecraft:drop":2,"minecraft:damage_dealt":90,"minecraft:swim_one_cm":14409,"minecraft:fly_one_cm":129218,"minecraft:open_chest":13,"minecraft:crouch_one_cm":3706,"minecraft:play_time":80610,"minecraft:deaths":3,"minecraft:sneak_time":1183,"minecraft:walk_under_water_one_cm":19058,"minecraft:jump":590,"minecraft:time_since_death":67801,"minecraft:walk_on_water_one_cm":11054,"minecraft:climb_one_cm":2439,"minecraft:total_world_time":80610,"minecraft:fall_one_cm":7543},"minecraft:mined":{"minecraft:spruce_log":1,"minecraft:short_grass":1,"minecraft:grass_block":1,"minecraft:dirt":3},"minecraft:killed_by":{"minecraft:pillager":1,"minecraft:enderman":1},"minecraft:crafted":{"minecraft:spruce_planks":4}},"DataVersion":3953}