{"stats":{"minecraft:used":{"minecraft:dirt":4},"minecraft:picked_up":{"minecraft:spruce_log":1,"minecraft:dirt":4},"minecraft:custom":{"minecraft:jump":39,"minecraft:open_chest":2,"minecraft:time_since_rest":2610,"minecraft:crouch_one_cm":82,"minecraft:interact_with_furnace":1,"minecraft:sprint_one_cm":3394,"minecraft:play_time":2610,"minecraft:damage_taken":20,"minecraft:time_since_death":2610,"minecraft:walk_one_cm":9925,"minecraft:sneak_time":27,"minecraft:climb_one_cm":2439,"minecraft:total_world_time":2610,"minecraft:fall_one_cm":882,"minecraft:fly_one_cm":5495},"minecraft:mined":{"minecraft:spruce_log":1,"minecraft:grass_block":1,"minecraft:dirt":3},"minecraft:crafted":{"minecraft:spruce_planks":4}},"DataVersion":3953}