{"stats":{"minecraft:mined":{"minecraft:structure_void":15},"minecraft:picked_up":{"minecraft:stick":2,"minecraft:dandelion":1,"minecraft:sand":15,"minecraft:acacia_button":802,"minecraft:stone_button":27,"minecraft:dirt":26,"minecraft:tnt":88,"minecraft:netherite_ingot":1,"minecraft:stone_shovel":1,"minecraft:rotten_flesh":1,"minecraft:campfire":1,"minecraft:wheat_seeds":3,"minecraft:beef":2,"minecraft:poppy":3,"minecraft:oak_sapling":4,"minecraft:melon_seeds":46},"minecraft:used":{"minecraft:deepslate_tiles":14,"minecraft:netherite_sword":63,"minecraft:netherite_block":54,"minecraft:wooden_axe":14,"minecraft:dirt_path":1,"minecraft:grass_block":450,"minecraft:spruce_slab":239,"minecraft:bone_block":4,"minecraft:stone_button":8,"minecraft:netherite_axe":70,"minecraft:shield":10,"minecraft:structure_void":2,"minecraft:beacon":3,"minecraft:oak_leaves":20,"minecraft:bamboo_mosaic_stairs":26,"minecraft:golden_apple":9,"minecraft:dirt":321,"minecraft:acacia_button":1,"minecraft:spruce_fence":90,"minecraft:stripped_spruce_log":38},"minecraft:killed":{"minecraft:zombie":1,"minecraft:villager":3,"minecraft:creeper":1,"minecraft:cow":1},"minecraft:dropped":{"minecraft:diamond_sword":1,"minecraft:netherite_shovel":1},"minecraft:custom":{"minecraft:time_since_rest":17015,"minecraft:open_enderchest":1,"minecraft:sprint_one_cm":90769,"minecraft:damage_absorbed":360,"minecraft:damage_taken":5264,"minecraft:walk_one_cm":137156,"minecraft:damage_blocked_by_shield":1048,"minecraft:mob_kills":6,"minecraft:drop":2,"minecraft:damage_dealt":5163,"minecraft:interact_with_beacon":5,"minecraft:damage_dealt_absorbed":366,"minecraft:fly_one_cm":5554357,"minecraft:crouch_one_cm":6018,"minecraft:play_time":317209,"minecraft:deaths":5,"minecraft:sneak_time":25178,"minecraft:walk_under_water_one_cm":826,"minecraft:jump":859,"minecraft:leave_game":5,"minecraft:time_since_death":16985,"minecraft:walk_on_water_one_cm":2109,"minecraft:total_world_time":317737,"minecraft:fall_one_cm":6036},"minecraft:killed_by":{"minecraft:player":1}},"DataVersion":3953}