{"stats":{"minecraft:custom":{"minecraft:mob_kills":11,"minecraft:bell_ring":1,"minecraft:leave_game":11,"minecraft:time_since_death":16882,"minecraft:climb_one_cm":329,"minecraft:time_since_rest":16914,"minecraft:walk_one_cm":225113,"minecraft:sprint_one_cm":123843,"minecraft:open_enderchest":1,"minecraft:damage_taken":5264,"minecraft:damage_absorbed":360,"minecraft:damage_blocked_by_shield":1048,"minecraft:drop":3,"minecraft:damage_dealt":5678,"minecraft:interact_with_beacon":5,"minecraft:damage_dealt_absorbed":366,"minecraft:fly_one_cm":6446318,"minecraft:crouch_one_cm":9186,"minecraft:play_time":502936,"minecraft:deaths":7,"minecraft:sneak_time":30686,"minecraft:walk_under_water_one_cm":826,"minecraft:jump":1200,"minecraft:walk_on_water_one_cm":2179,"minecraft:total_world_time":503464,"minecraft:fall_one_cm":6036},"minecraft:mined":{"minecraft:structure_void":15},"minecraft:dropped":{"minecraft:netherite_shovel":1,"minecraft:diamond_sword":1,"minecraft:wooden_axe":1},"minecraft:picked_up":{"minecraft:wooden_axe":1,"minecraft:feather":3,"minecraft:acacia_button":802,"minecraft:dirt":26,"minecraft:netherite_ingot":1,"minecraft:wheat_seeds":3,"minecraft:beef":2,"minecraft:poppy":3,"minecraft:stick":3,"minecraft:dandelion":1,"minecraft:sand":15,"minecraft:stone_button":27,"minecraft:tnt":88,"minecraft:stone_shovel":1,"minecraft:rotten_flesh":1,"minecraft:campfire":1,"minecraft:oak_sapling":4,"minecraft:melon_seeds":46},"minecraft:used":{"minecraft:moss_block":28,"minecraft:netherite_sword":65,"minecraft:dirt_path":1,"minecraft:dark_oak_hanging_sign":3,"minecraft:spruce_slab":243,"minecraft:bone_block":4,"minecraft:shield":10,"minecraft:redstone_block":17,"minecraft:structure_void":2,"minecraft:spruce_sign":6,"minecraft:beacon":3,"minecraft:bell":4,"minecraft:oak_leaves":20,"minecraft:bamboo_mosaic_stairs":26,"minecraft:golden_apple":9,"minecraft:jungle_wood":10,"minecraft:dirt":321,"minecraft:acacia_hanging_sign":1,"minecraft:spruce_stairs":18,"minecraft:crossbow":1,"minecraft:acacia_button":1,"minecraft:spruce_fence":105,"minecraft:spruce_log":19,"minecraft:mud_brick_stairs":79,"minecraft:stripped_spruce_log":44,"minecraft:deepslate_brick_stairs":84,"minecraft:shroomlight":76,"minecraft:deepslate_tiles":14,"minecraft:polished_tuff_slab":133,"minecraft:wooden_axe":17,"minecraft:netherite_block":54,"minecraft:command_block":28,"minecraft:grass_block":534,"minecraft:tuff_brick_stairs":32,"minecraft:stone_button":8,"minecraft:netherite_axe":70,"minecraft:polished_blackstone_brick_wall":51,"minecraft:stone_slab":25,"minecraft:bamboo_slab":111,"minecraft:glowstone":3,"minecraft:dark_oak_fence":44,"minecraft:chain_command_block":2,"minecraft:repeating_command_block":3,"minecraft:pearlescent_froglight":1,"minecraft:acacia_planks":63},"minecraft:killed":{"minecraft:parrot":1,"minecraft:frog":4,"minecraft:creeper":1,"minecraft:zombie":1,"minecraft:villager":3,"minecraft:cow":1},"minecraft:killed_by":{"minecraft:player":1}},"DataVersion":3953}