{"stats":{"minecraft:mined":{"minecraft:structure_void":15},"minecraft:picked_up":{"minecraft:stick":2,"minecraft:dandelion":1,"minecraft:sand":15,"minecraft:acacia_button":802,"minecraft:stone_button":27,"minecraft:dirt":26,"minecraft:tnt":88,"minecraft:netherite_ingot":1,"minecraft:stone_shovel":1,"minecraft:rotten_flesh":1,"minecraft:campfire":1,"minecraft:wheat_seeds":3,"minecraft:beef":2,"minecraft:poppy":3,"minecraft:oak_sapling":4,"minecraft:melon_seeds":46},"minecraft:used":{"minecraft:polished_tuff_slab":125,"minecraft:deepslate_tiles":14,"minecraft:moss_block":28,"minecraft:netherite_sword":63,"minecraft:netherite_block":54,"minecraft:wooden_axe":14,"minecraft:dirt_path":1,"minecraft:tuff_brick_stairs":32,"minecraft:grass_block":460,"minecraft:spruce_slab":239,"minecraft:bone_block":4,"minecraft:stone_button":8,"minecraft:netherite_axe":70,"minecraft:polished_blackstone_brick_wall":51,"minecraft:stone_slab":25,"minecraft:shield":10,"minecraft:structure_void":2,"minecraft:bamboo_slab":111,"minecraft:beacon":3,"minecraft:jungle_wood":10,"minecraft:oak_leaves":20,"minecraft:bamboo_mosaic_stairs":26,"minecraft:golden_apple":9,"minecraft:dirt":321,"minecraft:dark_oak_fence":44,"minecraft:spruce_stairs":18,"minecraft:crossbow":1,"minecraft:spruce_log":19,"minecraft:acacia_button":1,"minecraft:acacia_planks":63,"minecraft:spruce_fence":105,"minecraft:mud_brick_stairs":76,"minecraft:deepslate_brick_stairs":84,"minecraft:stripped_spruce_log":44},"minecraft:killed":{"minecraft:zombie":1,"minecraft:villager":3,"minecraft:creeper":1,"minecraft:cow":1},"minecraft:dropped":{"minecraft:diamond_sword":1,"minecraft:netherite_shovel":1},"minecraft:custom":{"minecraft:time_since_rest":3411,"minecraft:open_enderchest":1,"minecraft:sprint_one_cm":98946,"minecraft:damage_absorbed":360,"minecraft:damage_taken":5264,"minecraft:walk_one_cm":177395,"minecraft:damage_blocked_by_shield":1048,"minecraft:mob_kills":6,"minecraft:drop":2,"minecraft:damage_dealt":5183,"minecraft:interact_with_beacon":5,"minecraft:damage_dealt_absorbed":366,"minecraft:fly_one_cm":5860746,"minecraft:crouch_one_cm":7332,"minecraft:play_time":347209,"minecraft:deaths":6,"minecraft:sneak_time":27177,"minecraft:walk_under_water_one_cm":826,"minecraft:jump":950,"minecraft:leave_game":5,"minecraft:time_since_death":3384,"minecraft:walk_on_water_one_cm":2109,"minecraft:climb_one_cm":329,"minecraft:total_world_time":347737,"minecraft:fall_one_cm":6036},"minecraft:killed_by":{"minecraft:player":1}},"DataVersion":3953}