{"stats":{"minecraft:custom":{"minecraft:time_since_rest":77502,"minecraft:damage_taken":5264,"minecraft:sprint_one_cm":117193,"minecraft:open_enderchest":1,"minecraft:damage_absorbed":360,"minecraft:walk_one_cm":201242,"minecraft:damage_blocked_by_shield":1048,"minecraft:mob_kills":8,"minecraft:drop":3,"minecraft:damage_dealt":5313,"minecraft:interact_with_beacon":5,"minecraft:damage_dealt_absorbed":366,"minecraft:fly_one_cm":6321201,"minecraft:crouch_one_cm":8106,"minecraft:play_time":421300,"minecraft:deaths":6,"minecraft:sneak_time":29566,"minecraft:walk_under_water_one_cm":826,"minecraft:jump":1067,"minecraft:leave_game":7,"minecraft:walk_on_water_one_cm":2179,"minecraft:time_since_death":77475,"minecraft:climb_one_cm":329,"minecraft:total_world_time":421828,"minecraft:fall_one_cm":6036},"minecraft:mined":{"minecraft:structure_void":15},"minecraft:dropped":{"minecraft:wooden_axe":1,"minecraft:netherite_shovel":1,"minecraft:diamond_sword":1},"minecraft:picked_up":{"minecraft:wooden_axe":1,"minecraft:stick":3,"minecraft:feather":3,"minecraft:dandelion":1,"minecraft:sand":15,"minecraft:acacia_button":802,"minecraft:stone_button":27,"minecraft:dirt":26,"minecraft:tnt":88,"minecraft:netherite_ingot":1,"minecraft:stone_shovel":1,"minecraft:rotten_flesh":1,"minecraft:campfire":1,"minecraft:wheat_seeds":3,"minecraft:beef":2,"minecraft:poppy":3,"minecraft:oak_sapling":4,"minecraft:melon_seeds":46},"minecraft:used":{"minecraft:deepslate_tiles":14,"minecraft:netherite_block":54,"minecraft:wooden_axe":14,"minecraft:moss_block":28,"minecraft:netherite_sword":65,"minecraft:dirt_path":1,"minecraft:command_block":10,"minecraft:grass_block":531,"minecraft:spruce_slab":243,"minecraft:tuff_brick_stairs":32,"minecraft:bone_block":4,"minecraft:stone_button":8,"minecraft:netherite_axe":70,"minecraft:polished_blackstone_brick_wall":51,"minecraft:shield":10,"minecraft:stone_slab":25,"minecraft:redstone_block":1,"minecraft:structure_void":2,"minecraft:bamboo_slab":111,"minecraft:beacon":3,"minecraft:bamboo_mosaic_stairs":26,"minecraft:oak_leaves":20,"minecraft:glowstone":3,"minecraft:jungle_wood":10,"minecraft:golden_apple":9,"minecraft:dirt":321,"minecraft:dark_oak_fence":44,"minecraft:spruce_stairs":18,"minecraft:crossbow":1,"minecraft:repeating_command_block":1,"minecraft:acacia_button":1,"minecraft:acacia_planks":63,"minecraft:spruce_fence":105,"minecraft:mud_brick_stairs":76,"minecraft:spruce_log":19,"minecraft:deepslate_brick_stairs":84,"minecraft:stripped_spruce_log":44,"minecraft:polished_tuff_slab":126,"minecraft:shroomlight":76},"minecraft:killed":{"minecraft:parrot":1,"minecraft:zombie":1,"minecraft:frog":1,"minecraft:villager":3,"minecraft:creeper":1,"minecraft:cow":1},"minecraft:killed_by":{"minecraft:player":1}},"DataVersion":3953}