{"stats":{"minecraft:mined":{"minecraft:structure_void":15},"minecraft:picked_up":{"minecraft:stick":2,"minecraft:dandelion":1,"minecraft:acacia_button":802,"minecraft:stone_button":27,"minecraft:netherite_ingot":1,"minecraft:rotten_flesh":1,"minecraft:wheat_seeds":2,"minecraft:beef":2,"minecraft:poppy":3,"minecraft:oak_sapling":4,"minecraft:melon_seeds":46},"minecraft:used":{"minecraft:netherite_block":54,"minecraft:wooden_axe":14,"minecraft:grass_block":431,"minecraft:bone_block":4,"minecraft:stone_button":8,"minecraft:structure_void":2,"minecraft:beacon":3,"minecraft:oak_leaves":20,"minecraft:dirt":251,"minecraft:acacia_button":1,"minecraft:stripped_spruce_log":20},"minecraft:killed":{"minecraft:zombie":1,"minecraft:villager":3,"minecraft:creeper":1,"minecraft:cow":1},"minecraft:dropped":{"minecraft:diamond_sword":1,"minecraft:netherite_shovel":1},"minecraft:custom":{"minecraft:time_since_rest":272126,"minecraft:sprint_one_cm":70102,"minecraft:damage_taken":420,"minecraft:walk_one_cm":74179,"minecraft:mob_kills":6,"minecraft:drop":2,"minecraft:damage_dealt":1080,"minecraft:interact_with_beacon":5,"minecraft:fly_one_cm":5041447,"minecraft:crouch_one_cm":4811,"minecraft:play_time":281209,"minecraft:deaths":3,"minecraft:sneak_time":22696,"minecraft:walk_under_water_one_cm":826,"minecraft:jump":435,"minecraft:leave_game":5,"minecraft:time_since_death":272091,"minecraft:walk_on_water_one_cm":1527,"minecraft:total_world_time":281737,"minecraft:fall_one_cm":3589}},"DataVersion":3953}