{"stats":{"minecraft:used":{"minecraft:netherite_block":54,"minecraft:wooden_axe":14,"minecraft:grass_block":431,"minecraft:bone_block":4,"minecraft:stone_button":8,"minecraft:structure_void":2,"minecraft:beacon":3,"minecraft:oak_leaves":20,"minecraft:dirt":251,"minecraft:acacia_button":1,"minecraft:stripped_spruce_log":20},"minecraft:custom":{"minecraft:time_since_rest":254152,"minecraft:sprint_one_cm":70069,"minecraft:damage_taken":420,"minecraft:walk_one_cm":71438,"minecraft:mob_kills":6,"minecraft:drop":2,"minecraft:damage_dealt":1080,"minecraft:interact_with_beacon":5,"minecraft:fly_one_cm":4693383,"minecraft:crouch_one_cm":4315,"minecraft:play_time":263235,"minecraft:deaths":3,"minecraft:sneak_time":21116,"minecraft:walk_under_water_one_cm":826,"minecraft:jump":428,"minecraft:leave_game":5,"minecraft:time_since_death":254117,"minecraft:walk_on_water_one_cm":1527,"minecraft:total_world_time":263763,"minecraft:fall_one_cm":3589},"minecraft:dropped":{"minecraft:diamond_sword":1,"minecraft:netherite_shovel":1},"minecraft:mined":{"minecraft:structure_void":15},"minecraft:picked_up":{"minecraft:stick":2,"minecraft:dandelion":1,"minecraft:acacia_button":802,"minecraft:stone_button":27,"minecraft:netherite_ingot":1,"minecraft:rotten_flesh":1,"minecraft:wheat_seeds":2,"minecraft:beef":2,"minecraft:poppy":3,"minecraft:oak_sapling":4,"minecraft:melon_seeds":46},"minecraft:killed":{"minecraft:zombie":1,"minecraft:villager":3,"minecraft:creeper":1,"minecraft:cow":1}},"DataVersion":3953}