{"stats":{"minecraft:used":{"minecraft:oak_leaves":20,"minecraft:wooden_axe":13,"minecraft:netherite_block":54,"minecraft:dirt":155,"minecraft:grass_block":361,"minecraft:acacia_button":1,"minecraft:structure_void":2,"minecraft:stripped_spruce_log":20,"minecraft:beacon":3},"minecraft:custom":{"minecraft:time_since_rest":204333,"minecraft:crouch_one_cm":2733,"minecraft:damage_taken":420,"minecraft:play_time":213416,"minecraft:sprint_one_cm":64003,"minecraft:deaths":3,"minecraft:walk_one_cm":53335,"minecraft:sneak_time":15482,"minecraft:walk_under_water_one_cm":826,"minecraft:mob_kills":5,"minecraft:drop":1,"minecraft:jump":322,"minecraft:damage_dealt":1000,"minecraft:leave_game":4,"minecraft:walk_on_water_one_cm":1137,"minecraft:time_since_death":204298,"minecraft:interact_with_beacon":5,"minecraft:total_world_time":213944,"minecraft:fall_one_cm":3589,"minecraft:fly_one_cm":3506784},"minecraft:dropped":{"minecraft:netherite_shovel":1},"minecraft:mined":{"minecraft:structure_void":15},"minecraft:picked_up":{"minecraft:stick":2,"minecraft:netherite_ingot":1,"minecraft:rotten_flesh":1,"minecraft:acacia_button":802,"minecraft:oak_sapling":4,"minecraft:melon_seeds":46},"minecraft:killed":{"minecraft:zombie":1,"minecraft:villager":3,"minecraft:creeper":1}},"DataVersion":3953}