{"stats":{"minecraft:mined":{"minecraft:structure_void":15},"minecraft:picked_up":{"minecraft:stick":2,"minecraft:netherite_ingot":1,"minecraft:rotten_flesh":1,"minecraft:acacia_button":802,"minecraft:oak_sapling":4,"minecraft:melon_seeds":46},"minecraft:used":{"minecraft:oak_leaves":20,"minecraft:wooden_axe":7,"minecraft:netherite_block":36,"minecraft:dirt":26,"minecraft:grass_block":353,"minecraft:acacia_button":1,"minecraft:structure_void":2,"minecraft:stripped_spruce_log":20,"minecraft:beacon":3},"minecraft:killed":{"minecraft:villager":3},"minecraft:dropped":{"minecraft:netherite_shovel":1},"minecraft:custom":{"minecraft:time_since_rest":86313,"minecraft:crouch_one_cm":1735,"minecraft:damage_taken":420,"minecraft:play_time":95396,"minecraft:sprint_one_cm":59779,"minecraft:deaths":3,"minecraft:walk_one_cm":44509,"minecraft:sneak_time":4902,"minecraft:walk_under_water_one_cm":826,"minecraft:mob_kills":3,"minecraft:drop":1,"minecraft:jump":256,"minecraft:damage_dealt":600,"minecraft:leave_game":3,"minecraft:walk_on_water_one_cm":1137,"minecraft:time_since_death":86278,"minecraft:interact_with_beacon":5,"minecraft:total_world_time":95924,"minecraft:fall_one_cm":3589,"minecraft:fly_one_cm":1262002}},"DataVersion":3953}